accident_index,accident_year,accident_reference,vehicle_reference,vehicle_type,towing_and_articulation,vehicle_manoeuvre,vehicle_direction_from,vehicle_direction_to,vehicle_location_restricted_lane,junction_location,skidding_and_overturning,hit_object_in_carriageway,vehicle_leaving_carriageway,hit_object_off_carriageway,first_point_of_impact,vehicle_left_hand_drive,journey_purpose_of_driver,sex_of_driver,age_of_driver,age_band_of_driver,engine_capacity_cc,propulsion_code,age_of_vehicle,generic_make_model,driver_imd_decile,driver_home_area_type
2018135110070,2018,135110070,1,Car,No tow/articulation,Going ahead left-hand bend,South West,North East,On main c'way - not in restricted lane,Not at or within 20 metres of junction,Skidded and overturned,None,Offside and rebounded,Lamp post,Nearside,No,Not known,Male,Data missing or out of range,Data missing or out of range,NA,Heavy oil,15,Data missing or out of range,Data missing or out of range,Data missing or out of range
2018135111193,2018,135111193,1,Car,No tow/articulation,Turning right,North,West,On main c'way - not in restricted lane,Mid Junction - on roundabout or on main road,None,None,Did not leave carriageway,None,Front,No,Not known,Male,NA,66 - 75,NA,Petrol,7,Data missing or out of range,Less deprived 40-50%,Urban area
2018135111193,2018,135111193,2,Pedal cycle,No tow/articulation,Going ahead right-hand bend,South East,North,On main c'way - not in restricted lane,Mid Junction - on roundabout or on main road,Overturned,None,Did not leave carriageway,None,Front,No,Not known,Male,NA,46 - 55,Data missing or out of range,Undefined,-1,Data missing or out of range,Least deprived 10%,Urban area
2018135121185,2018,135121185,1,Car,No tow/articulation,Reversing,West,East,On main c'way - not in restricted lane,Not at or within 20 metres of junction,None,None,Did not leave carriageway,None,Back,No,Not known,Female,NA,46 - 55,NA,Petrol,1,Data missing or out of range,Least deprived 10%,Urban area
2018135131754,2018,135131754,1,Car,No tow/articulation,Waiting to go - held up,East,West,On main c'way - not in restricted lane,Not at or within 20 metres of junction,None,None,Did not leave carriageway,None,Back,No,Not known,Male,NA,26 - 35,NA,Petrol,15,Data missing or out of range,Less deprived 40-50%,Small town
2018135131754,2018,135131754,2,Car,No tow/articulation,Going ahead other,East,West,On main c'way - not in restricted lane,Not at or within 20 metres of junction,None,None,Did not leave carriageway,None,Front,No,Not known,Male,NA,16 - 20,NA,Petrol,6,Data missing or out of range,Less deprived 20-30%,Small town
2018135131777,2018,135131777,1,Car,No tow/articulation,Turning right,South East,North East,On main c'way - not in restricted lane,Mid Junction - on roundabout or on main road,None,None,Did not leave carriageway,None,Front,No,Not known,Male,NA,16 - 20,NA,Petrol,10,Data missing or out of range,More deprived 40-50%,Urban area
2018135131777,2018,135131777,2,Car,No tow/articulation,Going ahead other,North West,South East,On main c'way - not in restricted lane,Mid Junction - on roundabout or on main road,None,None,Did not leave carriageway,None,Front,No,Not known,Male,NA,36 - 45,NA,Petrol,17,Data missing or out of range,Most deprived 10%,Urban area
2018135141851,2018,135141851,1,Car,No tow/articulation,Going ahead other,North East,South West,On main c'way - not in restricted lane,Approaching junction or waiting/parked at junction approach,None,None,Did not leave carriageway,None,Front,No,Not known,Not known,Data missing or out of range,Data missing or out of range,Data missing or out of range,Undefined,-1,Data missing or out of range,Data missing or out of range,Data missing or out of range
2018135141851,2018,135141851,2,Car,No tow/articulation,Waiting to turn right,South West,South East,On main c'way - not in restricted lane,Approaching junction or waiting/parked at junction approach,None,None,Did not leave carriageway,None,Front,No,Not known,Male,NA,21 - 25,NA,Petrol,4,Data missing or out of range,Most deprived 10%,Urban area
2018135151357,2018,135151357,1,Car,No tow/articulation,Going ahead other,West,East,On main c'way - not in restricted lane,Mid Junction - on roundabout or on main road,None,None,Did not leave carriageway,None,Offside,No,Not known,Female,NA,56 - 65,Data missing or out of range,Undefined,-1,Data missing or out of range,Less deprived 20-30%,Urban area
2018135151357,2018,135151357,2,Car,No tow/articulation,Going ahead other,West,East,On main c'way - not in restricted lane,Entering roundabout,None,None,Did not leave carriageway,None,Nearside,No,Not known,Not known,Data missing or out of range,Data missing or out of range,Data missing or out of range,Undefined,-1,Data missing or out of range,Data missing or out of range,Data missing or out of range
2018135160515,2018,135160515,1,Van / Goods 3.5 tonnes mgw or under,No tow/articulation,Going ahead other,South West,North East,On main c'way - not in restricted lane,Not at or within 20 metres of junction,None,None,Did not leave carriageway,None,Front,No,Not known,Male,NA,46 - 55,NA,Heavy oil,3,Data missing or out of range,Most deprived 10%,Urban area
2018135160666,2018,135160666,1,Car,No tow/articulation,Turning right,West,East,On main c'way - not in restricted lane,Mid Junction - on roundabout or on main road,None,None,Did not leave carriageway,None,Front,No,Not known,Male,NA,36 - 45,NA,Hybrid electric,2,Data missing or out of range,More deprived 20-30%,Urban area
2018135160666,2018,135160666,2,Car,No tow/articulation,Going ahead other,South West,North East,On main c'way - not in restricted lane,Mid Junction - on roundabout or on main road,None,None,Did not leave carriageway,None,Front,No,Not known,Female,NA,26 - 35,NA,Petrol,14,Data missing or out of range,Most deprived 10%,Urban area
2018135161266,2018,135161266,1,Car,No tow/articulation,Going ahead other,South East,West,On main c'way - not in restricted lane,Approaching junction or waiting/parked at junction approach,None,None,Did not leave carriageway,None,Back,No,Not known,Male,NA,36 - 45,Data missing or out of range,Undefined,-1,Data missing or out of range,Most deprived 10%,Urban area
2018135161266,2018,135161266,2,Car,No tow/articulation,Going ahead other,South East,West,On main c'way - not in restricted lane,Approaching junction or waiting/parked at junction approach,None,None,Did not leave carriageway,None,Front,No,Not known,Female,NA,21 - 25,NA,Petrol,4,Data missing or out of range,More deprived 20-30%,Urban area
2018135161579,2018,135161579,1,Car,No tow/articulation,Going ahead other,North West,South East,On main c'way - not in restricted lane,Not at or within 20 metres of junction,None,Kerb,Offside,Lamp post,Nearside,No,Not known,Male,NA,16 - 20,NA,Petrol,14,Data missing or out of range,More deprived 40-50%,Urban area
2018135161965,2018,135161965,1,Car,No tow/articulation,Going ahead right-hand bend,East,West,On main c'way - not in restricted lane,Not at or within 20 metres of junction,Skidded,None,Nearside,Other permanent object,Front,No,Not known,Male,NA,26 - 35,NA,Heavy oil,8,Data missing or out of range,Most deprived 10%,Urban area
2018135161965,2018,135161965,2,Van / Goods 3.5 tonnes mgw or under,No tow/articulation,Parked,Parked,Parked,Footway (pavement),Not at or within 20 metres of junction,None,None,Did not leave carriageway,None,Back,No,Not known,Male,Data missing or out of range,Data missing or out of range,NA,Heavy oil,2,Data missing or out of range,Data missing or out of range,Data missing or out of range
2018135170523,2018,135170523,1,Car,No tow/articulation,Going ahead other,West,East,On main c'way - not in restricted lane,Mid Junction - on roundabout or on main road,None,None,Did not leave carriageway,None,Offside,No,Not known,Male,NA,36 - 45,NA,Petrol,13,Data missing or out of range,More deprived 30-40%,Urban area
2018135170523,2018,135170523,2,Car,No tow/articulation,Turning right,East,North,On main c'way - not in restricted lane,Mid Junction - on roundabout or on main road,None,None,Did not leave carriageway,None,Front,No,Not known,Male,NA,46 - 55,NA,Heavy oil,7,Data missing or out of range,Less deprived 10-20%,Small town
2018135180251,2018,135180251,1,Car,No tow/articulation,Turning right,South East,North,On main c'way - not in restricted lane,Not at or within 20 metres of junction,None,None,Did not leave carriageway,None,Front,No,Not known,Male,NA,46 - 55,NA,Petrol,16,Data missing or out of range,Less deprived 10-20%,Urban area
2018135180906,2018,135180906,1,Car,No tow/articulation,Turning right,North,West,On main c'way - not in restricted lane,Mid Junction - on roundabout or on main road,None,None,Did not leave carriageway,None,Offside,No,Not known,Female,NA,36 - 45,NA,Heavy oil,14,Data missing or out of range,Data missing or out of range,Data missing or out of range
2018135181582,2018,135181582,1,Car,No tow/articulation,Turning right,West,South East,On main c'way - not in restricted lane,Mid Junction - on roundabout or on main road,None,None,Did not leave carriageway,None,Nearside,No,Not known,Male,NA,36 - 45,NA,Heavy oil,4,Data missing or out of range,Least deprived 10%,Urban area
2018135181582,2018,135181582,2,Taxi/Private hire car,No tow/articulation,Going ahead other,East,West,On main c'way - not in restricted lane,Approaching junction or waiting/parked at junction approach,None,None,Did not leave carriageway,None,Front,No,Journey as part of work,Male,NA,36 - 45,NA,Hybrid electric,6,Data missing or out of range,More deprived 10-20%,Urban area
2018135181632,2018,135181632,1,Car,No tow/articulation,Overtaking static vehicle - offside,North,South East,On main c'way - not in restricted lane,Approaching junction or waiting/parked at junction approach,None,None,Did not leave carriageway,None,Front,No,Not known,Not known,Data missing or out of range,Data missing or out of range,Data missing or out of range,Undefined,-1,Data missing or out of range,Data missing or out of range,Data missing or out of range
2018135181632,2018,135181632,2,Car,No tow/articulation,Waiting to go - held up,North,South East,On main c'way - not in restricted lane,Approaching junction or waiting/parked at junction approach,None,None,Did not leave carriageway,None,Offside,No,Not known,Male,NA,46 - 55,NA,Petrol,10,Data missing or out of range,Less deprived 30-40%,Urban area
20181351A0289,2018,1351A0289,1,Car,No tow/articulation,Going ahead other,South East,North,On main c'way - not in restricted lane,Approaching junction or waiting/parked at junction approach,None,None,Did not leave carriageway,None,Front,No,Commuting to/from work,Female,NA,21 - 25,NA,Petrol,12,Data missing or out of range,Most deprived 10%,Urban area
20181351A0289,2018,1351A0289,2,Pedal cycle,No tow/articulation,Going ahead other,North West,East,On main c'way - not in restricted lane,Approaching junction or waiting/parked at junction approach,None,None,Did not leave carriageway,None,Front,No,Not known,Male,NA,11 - 15,Data missing or out of range,Undefined,-1,Data missing or out of range,Most deprived 10%,Urban area
20181351A0319,2018,1351A0319,1,Car,No tow/articulation,Going ahead other,North,South East,On main c'way - not in restricted lane,Not at or within 20 metres of junction,None,None,Did not leave carriageway,None,Offside,No,Taking pupil to/from school,Female,NA,21 - 25,NA,Petrol,11,Data missing or out of range,Most deprived 10%,Urban area
20181351A0319,2018,1351A0319,2,Car,No tow/articulation,Moving off,North,South East,On main c'way - not in restricted lane,Not at or within 20 metres of junction,None,None,Did not leave carriageway,None,Nearside,No,Not known,Male,NA,46 - 55,NA,Petrol,13,Data missing or out of range,Most deprived 10%,Urban area
20181351A1486,2018,1351A1486,1,Car,No tow/articulation,Going ahead other,South East,North,On main c'way - not in restricted lane,Not at or within 20 metres of junction,None,None,Did not leave carriageway,None,Front,No,Not known,Male,NA,16 - 20,NA,Petrol,11,Data missing or out of range,More deprived 30-40%,Urban area
20181351A1486,2018,1351A1486,2,Car,No tow/articulation,Slowing or stopping,South East,North,On main c'way - not in restricted lane,Not at or within 20 metres of junction,None,None,Did not leave carriageway,None,Back,No,Not known,Female,NA,26 - 35,NA,Heavy oil,13,Data missing or out of range,Most deprived 10%,Urban area
20181351A1627,2018,1351A1627,1,Car,No tow/articulation,Turning right,North,West,On main c'way - not in restricted lane,Mid Junction - on roundabout or on main road,None,None,Did not leave carriageway,None,Front,No,Not known,Female,NA,36 - 45,NA,Heavy oil,12,Data missing or out of range,Most deprived 10%,Urban area
20181351A1846,2018,1351A1846,1,Car,No tow/articulation,Slowing or stopping,West,East,On main c'way - not in restricted lane,Approaching junction or waiting/parked at junction approach,None,None,Did not leave carriageway,None,Back,No,Not known,Male,NA,21 - 25,NA,Petrol,3,Data missing or out of range,Data missing or out of range,Data missing or out of range
20181351A1846,2018,1351A1846,2,Car,No tow/articulation,Going ahead other,West,East,On main c'way - not in restricted lane,Approaching junction or waiting/parked at junction approach,None,None,Did not leave carriageway,None,Front,No,Not known,Male,Data missing or out of range,Data missing or out of range,NA,Heavy oil,10,Data missing or out of range,Data missing or out of range,Data missing or out of range
20181351B0370,2018,1351B0370,1,Goods 7.5 tonnes mgw and over,Articulated vehicle,Going ahead other,East,West,On main c'way - not in restricted lane,Approaching junction or waiting/parked at junction approach,None,None,Did not leave carriageway,None,Nearside,No,Journey as part of work,Male,NA,46 - 55,NA,Heavy oil,3,Data missing or out of range,Least deprived 10%,Urban area
20181351B0726,2018,1351B0726,1,Car,No tow/articulation,Going ahead other,South East,North West,On main c'way - not in restricted lane,Approaching junction or waiting/parked at junction approach,None,Parked vehicle,Did not leave carriageway,None,Front,No,Not known,Male,NA,66 - 75,NA,Heavy oil,8,Data missing or out of range,More deprived 40-50%,Urban area
20181351B0726,2018,1351B0726,2,Car,No tow/articulation,Parked,Parked,Parked,On main c'way - not in restricted lane,Approaching junction or waiting/parked at junction approach,None,None,Did not leave carriageway,None,Back,No,Not known,Not known,Data missing or out of range,Data missing or out of range,NA,Petrol,3,Data missing or out of range,Data missing or out of range,Data missing or out of range
20181351B1058,2018,1351B1058,1,Car,No tow/articulation,Going ahead other,South East,North West,On main c'way - not in restricted lane,Not at or within 20 metres of junction,None,None,Did not leave carriageway,None,Front,No,Not known,Male,Data missing or out of range,Data missing or out of range,NA,Heavy oil,3,Data missing or out of range,Data missing or out of range,Data missing or out of range
20181351B1058,2018,1351B1058,2,Car,No tow/articulation,Slowing or stopping,South East,North West,On main c'way - not in restricted lane,Not at or within 20 metres of junction,None,None,Did not leave carriageway,None,Back,No,Commuting to/from work,Male,NA,46 - 55,NA,Heavy oil,15,Data missing or out of range,More deprived 40-50%,Urban area
20181351B1350,2018,1351B1350,1,Taxi/Private hire car,No tow/articulation,Turning right,South East,North West,On main c'way - not in restricted lane,Leaving main road,None,None,Did not leave carriageway,None,Front,No,Journey as part of work,Male,NA,26 - 35,NA,Heavy oil,7,Data missing or out of range,Most deprived 10%,Urban area
20181351B1497,2018,1351B1497,1,Car,No tow/articulation,Moving off,South East,North,Footway (pavement),Not at or within 20 metres of junction,None,None,Did not leave carriageway,None,Nearside,No,Not known,Not known,Data missing or out of range,Data missing or out of range,Data missing or out of range,Undefined,-1,Data missing or out of range,Data missing or out of range,Data missing or out of range
20181351C1019,2018,1351C1019,1,Car,No tow/articulation,Going ahead other,South East,North West,On main c'way - not in restricted lane,Not at or within 20 metres of junction,None,None,Did not leave carriageway,None,Front,No,Taking pupil to/from school,Female,NA,26 - 35,NA,Heavy oil,14,Data missing or out of range,Most deprived 10%,Urban area
20181351C1242,2018,1351C1242,1,Car,No tow/articulation,Turning right,North,West,On main c'way - not in restricted lane,Cleared junction or waiting/parked at junction exit,None,None,Did not leave carriageway,None,Front,No,Not known,Female,NA,21 - 25,NA,Heavy oil,12,Data missing or out of range,Most deprived 10%,Urban area
20181351C1242,2018,1351C1242,2,Motorcycle 125cc and under,No tow/articulation,Going ahead other,West,East,On main c'way - not in restricted lane,Cleared junction or waiting/parked at junction exit,None,None,Did not leave carriageway,None,Front,No,Not known,Male,NA,36 - 45,NA,Petrol,8,Data missing or out of range,More deprived 20-30%,Urban area
20181351D1489,2018,1351D1489,1,Car,No tow/articulation,Reversing,West,East,On main c'way - not in restricted lane,Not at or within 20 metres of junction,None,None,Did not leave carriageway,None,Back,No,Not known,Male,NA,Over 75,NA,Petrol,3,Data missing or out of range,Less deprived 30-40%,Small town
20181351E1395,2018,1351E1395,1,Pedal cycle,No tow/articulation,Going ahead other,North West,South East,On main c'way - not in restricted lane,Not at or within 20 metres of junction,Skidded and overturned,None,Did not leave carriageway,None,Did not impact,No,Not known,Male,NA,56 - 65,Data missing or out of range,Undefined,-1,Data missing or out of range,Less deprived 20-30%,Urban area
20181351E1516,2018,1351E1516,1,Car,No tow/articulation,Going ahead other,South East,North West,On main c'way - not in restricted lane,Not at or within 20 metres of junction,None,None,Did not leave carriageway,None,Nearside,No,Not known,Not known,Data missing or out of range,Data missing or out of range,Data missing or out of range,Undefined,-1,Data missing or out of range,Data missing or out of range,Data missing or out of range
20181351E1516,2018,1351E1516,2,Car,No tow/articulation,Parked,Parked,Parked,On main c'way - not in restricted lane,Not at or within 20 metres of junction,None,None,Did not leave carriageway,None,Offside,No,Not known,Female,NA,36 - 45,NA,Petrol,14,Data missing or out of range,Most deprived 10%,Urban area
20181351E1633,2018,1351E1633,1,Car,No tow/articulation,Turning left,East,North,On main c'way - not in restricted lane,Mid Junction - on roundabout or on main road,None,None,Did not leave carriageway,None,Front,No,Not known,Female,NA,26 - 35,NA,Heavy oil,5,Data missing or out of range,Most deprived 10%,Urban area
20181351E1633,2018,1351E1633,2,Car,No tow/articulation,Going ahead other,North,South East,On main c'way - not in restricted lane,Mid Junction - on roundabout or on main road,None,None,Did not leave carriageway,None,Front,No,Not known,Female,NA,46 - 55,NA,Petrol,1,Data missing or out of range,Data missing or out of range,Data missing or out of range
20181351F0065,2018,1351F0065,1,Pedal cycle,No tow/articulation,Going ahead other,South West,South West,On main c'way - not in restricted lane,Not at or within 20 metres of junction,None,Parked vehicle,Did not leave carriageway,None,Nearside,No,Not known,Male,NA,26 - 35,Data missing or out of range,Undefined,-1,Data missing or out of range,More deprived 20-30%,Urban area
20181351F0065,2018,1351F0065,2,Car,No tow/articulation,Parked,Parked,Parked,On main c'way - not in restricted lane,Not at or within 20 metres of junction,None,None,Did not leave carriageway,None,Nearside,No,Not known,Male,NA,21 - 25,NA,Heavy oil,11,Data missing or out of range,More deprived 10-20%,Urban area
20181351F0364,2018,1351F0364,1,Bus or coach (17 or more pass seats),No tow/articulation,Going ahead other,North,South East,On main c'way - not in restricted lane,Not at or within 20 metres of junction,None,None,Did not leave carriageway,None,Front,No,Journey as part of work,Male,NA,56 - 65,NA,Heavy oil,13,Data missing or out of range,Most deprived 10%,Urban area
20181351F1471,2018,1351F1471,1,Car,No tow/articulation,Going ahead other,South East,North,On main c'way - not in restricted lane,Approaching junction or waiting/parked at junction approach,None,None,Did not leave carriageway,None,Nearside,No,Not known,Female,NA,16 - 20,NA,Petrol,10,Data missing or out of range,Less deprived 40-50%,Urban area
20181351G1007,2018,1351G1007,1,Car,No tow/articulation,Going ahead other,South East,North,On main c'way - not in restricted lane,Not at or within 20 metres of junction,None,None,Did not leave carriageway,None,Nearside,No,Not known,Not known,Data missing or out of range,Data missing or out of range,Data missing or out of range,Undefined,-1,Data missing or out of range,Data missing or out of range,Data missing or out of range
20181351G1075,2018,1351G1075,1,Car,No tow/articulation,Going ahead other,North,South East,On main c'way - not in restricted lane,Mid Junction - on roundabout or on main road,Skidded,Kerb,Did not leave carriageway,None,Front,No,Not known,Male,NA,56 - 65,NA,Heavy oil,2,Data missing or out of range,More deprived 40-50%,Urban area
20181351H1156,2018,1351H1156,1,Car,No tow/articulation,Turning left,East,West,On main c'way - not in restricted lane,Leaving main road,Skidded,None,Did not leave carriageway,None,Front,No,Commuting to/from work,Male,NA,26 - 35,NA,Heavy oil,12,Data missing or out of range,More deprived 20-30%,Urban area
20181351I0904,2018,1351I0904,1,Car,No tow/articulation,Going ahead other,North West,South East,On main c'way - not in restricted lane,Approaching junction or waiting/parked at junction approach,None,None,Did not leave carriageway,None,Offside,No,Not known,Male,NA,66 - 75,Data missing or out of range,Undefined,-1,Data missing or out of range,Less deprived 10-20%,Urban area
20181351I0904,2018,1351I0904,2,Car,No tow/articulation,Going ahead other,North West,South East,On main c'way - not in restricted lane,Approaching junction or waiting/parked at junction approach,None,None,Did not leave carriageway,None,Nearside,No,Not known,Male,NA,26 - 35,NA,Petrol,1,Data missing or out of range,More deprived 30-40%,Urban area
20181351J0237,2018,1351J0237,1,Car,No tow/articulation,Going ahead other,South West,North East,On main c'way - not in restricted lane,Not at or within 20 metres of junction,Skidded,None,Did not leave carriageway,None,Front,No,Not known,Male,NA,21 - 25,NA,Petrol,7,Data missing or out of range,More deprived 30-40%,Small town
20181351J0237,2018,1351J0237,2,Car,No tow/articulation,Going ahead other,North East,South West,On main c'way - not in restricted lane,Not at or within 20 metres of junction,Skidded,None,Did not leave carriageway,None,Front,No,Not known,Male,NA,56 - 65,NA,Heavy oil,1,Data missing or out of range,Less deprived 40-50%,Rural
20181351J0296,2018,1351J0296,1,Goods 7.5 tonnes mgw and over,Articulated vehicle,Going ahead other,North,South East,On main c'way - not in restricted lane,Mid Junction - on roundabout or on main road,None,None,Did not leave carriageway,None,Front,No,Not known,Male,NA,36 - 45,Data missing or out of range,Undefined,-1,Data missing or out of range,Data missing or out of range,Data missing or out of range
20181351J0296,2018,1351J0296,2,Car,No tow/articulation,Going ahead other,North,South East,On main c'way - not in restricted lane,Mid Junction - on roundabout or on main road,None,None,Did not leave carriageway,None,Back,No,Not known,Male,NA,46 - 55,NA,Heavy oil,2,Data missing or out of range,Most deprived 10%,Urban area
20181351J0381,2018,1351J0381,1,Van / Goods 3.5 tonnes mgw or under,No tow/articulation,Going ahead other,South West,North East,On main c'way - not in restricted lane,Approaching junction or waiting/parked at junction approach,Skidded,None,Did not leave carriageway,None,Front,No,Journey as part of work,Male,NA,16 - 20,NA,Heavy oil,4,Data missing or out of range,Less deprived 20-30%,Rural
20181351J1482,2018,1351J1482,1,Taxi/Private hire car,No tow/articulation,Slowing or stopping,South East,North,On main c'way - not in restricted lane,Approaching junction or waiting/parked at junction approach,None,None,Did not leave carriageway,None,Offside,No,Not known,Female,NA,Over 75,NA,Petrol,6,Data missing or out of range,Less deprived 20-30%,Urban area
20181351K0430,2018,1351K0430,1,Car,No tow/articulation,Going ahead other,North,South East,On main c'way - not in restricted lane,Not at or within 20 metres of junction,None,None,Did not leave carriageway,None,Front,No,Not known,Female,NA,56 - 65,NA,Hybrid electric,1,Data missing or out of range,Less deprived 30-40%,Urban area
20181351K0430,2018,1351K0430,2,Car,No tow/articulation,Parked,Parked,Parked,On main c'way - not in restricted lane,Not at or within 20 metres of junction,None,None,Did not leave carriageway,None,Nearside,No,Taking pupil to/from school,Female,NA,56 - 65,NA,Heavy oil,14,Data missing or out of range,More deprived 20-30%,Urban area
20181351K0855,2018,1351K0855,1,Car,No tow/articulation,Going ahead other,West,East,On main c'way - not in restricted lane,Approaching junction or waiting/parked at junction approach,None,None,Did not leave carriageway,None,Front,No,Not known,Female,NA,36 - 45,NA,Heavy oil,10,Data missing or out of range,Most deprived 10%,Urban area
20181351K0855,2018,1351K0855,2,Car,No tow/articulation,Moving off,West,East,On main c'way - not in restricted lane,Approaching junction or waiting/parked at junction approach,None,None,Did not leave carriageway,None,Back,No,Not known,Male,NA,36 - 45,NA,Heavy oil,2,Data missing or out of range,Most deprived 10%,Urban area
20181351L0791,2018,1351L0791,1,Car,No tow/articulation,Turning right,North,South East,On main c'way - not in restricted lane,Mid Junction - on roundabout or on main road,Skidded and overturned,None,Nearside and rebounded,Wall or fence,Front,No,Not known,Male,NA,21 - 25,NA,Heavy oil,11,Data missing or out of range,Data missing or out of range,Data missing or out of range
20181351M0968,2018,1351M0968,1,Car,No tow/articulation,Going ahead other,North,South East,On main c'way - not in restricted lane,Mid Junction - on roundabout or on main road,None,None,Did not leave carriageway,None,Did not impact,No,Journey as part of work,Male,NA,46 - 55,NA,Heavy oil,3,Data missing or out of range,More deprived 30-40%,Urban area
20181351M0968,2018,1351M0968,2,Car,No tow/articulation,Going ahead other,East,West,On main c'way - not in restricted lane,Mid Junction - on roundabout or on main road,None,None,Did not leave carriageway,None,Back,No,Not known,Female,NA,46 - 55,NA,Petrol,1,Data missing or out of range,Most deprived 10%,Urban area
20181351M0968,2018,1351M0968,3,Goods 7.5 tonnes mgw and over,No tow/articulation,Going ahead other,East,West,On main c'way - not in restricted lane,Approaching junction or waiting/parked at junction approach,Skidded,None,Did not leave carriageway,None,Front,No,Journey as part of work,Male,NA,46 - 55,Data missing or out of range,Undefined,-1,Data missing or out of range,More deprived 10-20%,Urban area
20181351M1220,2018,1351M1220,1,Car,No tow/articulation,Going ahead other,South East,North,On main c'way - not in restricted lane,Mid Junction - on roundabout or on main road,None,None,Did not leave carriageway,None,Front,No,Journey as part of work,Female,NA,26 - 35,NA,Heavy oil,2,Data missing or out of range,Data missing or out of range,Data missing or out of range
20181351M1220,2018,1351M1220,2,Car,No tow/articulation,Going ahead other,West,East,On main c'way - not in restricted lane,Mid Junction - on roundabout or on main road,None,None,Did not leave carriageway,None,Offside,No,Not known,Female,NA,36 - 45,NA,Petrol,17,Data missing or out of range,Most deprived 10%,Urban area
20181351M1379,2018,1351M1379,1,Car,No tow/articulation,Going ahead other,South East,North,On main c'way - not in restricted lane,Mid Junction - on roundabout or on main road,None,None,Did not leave carriageway,None,Front,No,Not known,Male,NA,26 - 35,NA,Heavy oil,12,Data missing or out of range,More deprived 20-30%,Urban area
20181351M1379,2018,1351M1379,2,Car,No tow/articulation,Turning right,West,East,On main c'way - not in restricted lane,Entering main road,None,None,Did not leave carriageway,None,Offside,No,Not known,Female,NA,36 - 45,NA,Petrol,10,Data missing or out of range,More deprived 40-50%,Urban area
20181351O0345,2018,1351O0345,1,Van / Goods 3.5 tonnes mgw or under,No tow/articulation,Going ahead other,South East,North,On main c'way - not in restricted lane,Approaching junction or waiting/parked at junction approach,None,None,Did not leave carriageway,None,Back,No,Not known,Male,NA,56 - 65,NA,Heavy oil,3,Data missing or out of range,More deprived 40-50%,Urban area
20181351O0345,2018,1351O0345,2,Car,No tow/articulation,Turning right,East,North,On main c'way - not in restricted lane,Approaching junction or waiting/parked at junction approach,None,None,Did not leave carriageway,None,Front,No,Not known,Female,NA,21 - 25,NA,Heavy oil,14,Data missing or out of range,Most deprived 10%,Urban area
20181351O0372,2018,1351O0372,1,Car,No tow/articulation,Going ahead other,North West,South East,On main c'way - not in restricted lane,Not at or within 20 metres of junction,None,None,Did not leave carriageway,None,Back,No,Not known,Female,NA,46 - 55,NA,Petrol,2,Data missing or out of range,More deprived 20-30%,Urban area
20181351O0372,2018,1351O0372,2,Van / Goods 3.5 tonnes mgw or under,No tow/articulation,Going ahead other,North West,South East,On main c'way - not in restricted lane,Not at or within 20 metres of junction,None,None,Did not leave carriageway,None,Front,No,Not known,Male,Data missing or out of range,Data missing or out of range,NA,Heavy oil,5,Data missing or out of range,Data missing or out of range,Data missing or out of range
20181351O0750,2018,1351O0750,1,Car,No tow/articulation,Waiting to go - held up,North West,South East,On main c'way - not in restricted lane,Not at or within 20 metres of junction,None,None,Did not leave carriageway,None,Back,No,Not known,Male,NA,36 - 45,NA,Petrol,14,Data missing or out of range,More deprived 30-40%,Urban area
20181351O0750,2018,1351O0750,2,Car,No tow/articulation,Going ahead other,North West,South East,On main c'way - not in restricted lane,Not at or within 20 metres of junction,None,None,Did not leave carriageway,None,Front,No,Not known,Female,NA,21 - 25,NA,Heavy oil,14,Data missing or out of range,Less deprived 30-40%,Urban area
20181351O1396,2018,1351O1396,1,Car,No tow/articulation,Going ahead other,North,South East,On main c'way - not in restricted lane,Mid Junction - on roundabout or on main road,None,None,Did not leave carriageway,None,Front,No,Not known,Male,NA,46 - 55,NA,Heavy oil,19,Data missing or out of range,Data missing or out of range,Data missing or out of range
20181351O1396,2018,1351O1396,2,Car,No tow/articulation,Turning right,South East,East,On main c'way - not in restricted lane,Mid Junction - on roundabout or on main road,None,None,Did not leave carriageway,None,Front,No,Not known,Male,NA,66 - 75,NA,Petrol,9,Data missing or out of range,Data missing or out of range,Data missing or out of range
20181351O1396,2018,1351O1396,3,Car,No tow/articulation,Going ahead other,South East,North,On main c'way - not in restricted lane,Mid Junction - on roundabout or on main road,None,None,Did not leave carriageway,None,Front,No,Not known,Male,NA,26 - 35,NA,Petrol,11,Data missing or out of range,Data missing or out of range,Data missing or out of range