accident_index,accident_year,accident_reference,vehicle_reference,vehicle_type,towing_and_articulation,vehicle_manoeuvre,vehicle_direction_from,vehicle_direction_to,vehicle_location_restricted_lane,junction_location,skidding_and_overturning,hit_object_in_carriageway,vehicle_leaving_carriageway,hit_object_off_carriageway,first_point_of_impact,vehicle_left_hand_drive,journey_purpose_of_driver,sex_of_driver,age_of_driver,age_band_of_driver,engine_capacity_cc,propulsion_code,age_of_vehicle,generic_make_model,driver_imd_decile,driver_home_area_type
20181351P1206,2018,1351P1206,1,Car,No tow/articulation,Going ahead other,South East,North West,On main c'way - not in restricted lane,Approaching junction or waiting/parked at junction approach,None,None,Did not leave carriageway,None,Front,No,Not known,Not known,Data missing or out of range,Data missing or out of range,Data missing or out of range,Undefined,-1,Data missing or out of range,Data missing or out of range,Data missing or out of range
20181351P1206,2018,1351P1206,2,Car,No tow/articulation,Going ahead other,South East,North West,On main c'way - not in restricted lane,Approaching junction or waiting/parked at junction approach,None,None,Did not leave carriageway,None,Front,No,Not known,Female,NA,21 - 25,NA,Petrol,5,Data missing or out of range,Most deprived 10%,Urban area
20181351P1206,2018,1351P1206,3,Car,No tow/articulation,Going ahead other,South East,North West,On main c'way - not in restricted lane,Approaching junction or waiting/parked at junction approach,None,None,Did not leave carriageway,None,Front,No,Not known,Male,NA,36 - 45,NA,Petrol,16,Data missing or out of range,More deprived 30-40%,Urban area
20181351Q0199,2018,1351Q0199,1,Motorcycle 125cc and under,No tow/articulation,Going ahead other,West,East,On main c'way - not in restricted lane,Approaching junction or waiting/parked at junction approach,None,None,Did not leave carriageway,None,Front,No,Commuting to/from work,Male,NA,26 - 35,NA,Petrol,5,Data missing or out of range,More deprived 20-30%,Urban area
20181351Q0199,2018,1351Q0199,2,Car,No tow/articulation,U-turn,West,West,On main c'way - not in restricted lane,Approaching junction or waiting/parked at junction approach,None,None,Did not leave carriageway,None,Offside,No,Not known,Not known,Data missing or out of range,Data missing or out of range,Data missing or out of range,Undefined,-1,Data missing or out of range,Data missing or out of range,Data missing or out of range
20181351Q0698,2018,1351Q0698,1,Car,No tow/articulation,Waiting to go - held up,East,West,On main c'way - not in restricted lane,Not at or within 20 metres of junction,None,None,Did not leave carriageway,None,Back,No,Not known,Female,NA,46 - 55,NA,Heavy oil,1,Data missing or out of range,Less deprived 20-30%,Urban area
20181351Q0698,2018,1351Q0698,2,Car,No tow/articulation,Going ahead other,East,West,On main c'way - not in restricted lane,Not at or within 20 metres of junction,None,None,Did not leave carriageway,None,Front,No,Not known,Male,NA,26 - 35,Data missing or out of range,Undefined,-1,Data missing or out of range,More deprived 20-30%,Urban area
20181351Q1366,2018,1351Q1366,1,Car,No tow/articulation,Going ahead other,East,West,On main c'way - not in restricted lane,Not at or within 20 metres of junction,None,None,Did not leave carriageway,None,Front,No,Not known,Not known,Data missing or out of range,Data missing or out of range,Data missing or out of range,Undefined,-1,Data missing or out of range,Data missing or out of range,Data missing or out of range
20181351R0401,2018,1351R0401,1,Car,No tow/articulation,Going ahead other,North East,South West,On main c'way - not in restricted lane,Not at or within 20 metres of junction,None,None,Did not leave carriageway,None,Front,No,Not known,Male,NA,21 - 25,NA,Petrol,1,Data missing or out of range,Most deprived 10%,Urban area
20181351R0401,2018,1351R0401,2,Car,No tow/articulation,Going ahead other,South West,North East,On main c'way - not in restricted lane,Not at or within 20 metres of junction,None,None,Did not leave carriageway,None,Front,No,Not known,Female,NA,56 - 65,NA,Heavy oil,2,Data missing or out of range,Less deprived 20-30%,Rural
20181351R1287,2018,1351R1287,1,Car,No tow/articulation,Going ahead other,South West,North East,On main c'way - not in restricted lane,Not at or within 20 metres of junction,None,None,Did not leave carriageway,None,Offside,No,Not known,Male,NA,36 - 45,NA,Petrol,13,Data missing or out of range,Less deprived 40-50%,Urban area
20181351R1287,2018,1351R1287,2,Car,No tow/articulation,Turning right,South West,North East,On main c'way - not in restricted lane,Not at or within 20 metres of junction,None,None,Did not leave carriageway,None,Front,No,Not known,Male,NA,46 - 55,NA,Petrol,9,Data missing or out of range,Most deprived 10%,Urban area
20181351R1287,2018,1351R1287,3,Taxi/Private hire car,No tow/articulation,Parked,Parked,Parked,On main c'way - not in restricted lane,Not at or within 20 metres of junction,None,None,Did not leave carriageway,None,Nearside,No,Journey as part of work,Male,NA,26 - 35,NA,Hybrid electric,7,Data missing or out of range,Most deprived 10%,Urban area
20181351R1976,2018,1351R1976,1,Car,No tow/articulation,Going ahead other,North,South East,Footway (pavement),Cleared junction or waiting/parked at junction exit,None,None,Offside,Wall or fence,Offside,No,Not known,Male,NA,26 - 35,NA,Heavy oil,11,Data missing or out of range,Data missing or out of range,Data missing or out of range
20181351R1976,2018,1351R1976,2,Car,No tow/articulation,Turning right,North,South East,On main c'way - not in restricted lane,Approaching junction or waiting/parked at junction approach,None,None,Did not leave carriageway,None,Offside,No,Not known,Male,NA,56 - 65,NA,Petrol,13,Data missing or out of range,Most deprived 10%,Urban area
20181351R1989,2018,1351R1989,1,Car,No tow/articulation,Going ahead other,North West,South East,On main c'way - not in restricted lane,Approaching junction or waiting/parked at junction approach,None,None,Did not leave carriageway,None,Front,No,Not known,Not known,Data missing or out of range,Data missing or out of range,NA,Petrol,10,Data missing or out of range,Data missing or out of range,Data missing or out of range
20181351R1989,2018,1351R1989,2,Car,No tow/articulation,Going ahead other,South West,North East,On main c'way - not in restricted lane,Approaching junction or waiting/parked at junction approach,None,None,Did not leave carriageway,None,Nearside,No,Not known,Female,NA,26 - 35,NA,Petrol,15,Data missing or out of range,Most deprived 10%,Urban area
20181351S0502,2018,1351S0502,1,Car,No tow/articulation,Turning right,South East,North East,On main c'way - not in restricted lane,Mid Junction - on roundabout or on main road,None,None,Did not leave carriageway,None,Front,No,Not known,Male,NA,26 - 35,NA,Petrol,15,Data missing or out of range,Most deprived 10%,Urban area
20181351S0600,2018,1351S0600,1,Car,No tow/articulation,Going ahead other,North,South East,On main c'way - not in restricted lane,Not at or within 20 metres of junction,None,None,Did not leave carriageway,None,Front,No,Not known,Male,NA,36 - 45,Data missing or out of range,Undefined,-1,Data missing or out of range,More deprived 30-40%,Urban area
20181351S0600,2018,1351S0600,2,Car,No tow/articulation,Parked,Parked,Parked,On main c'way - not in restricted lane,Not at or within 20 metres of junction,None,None,Did not leave carriageway,None,Front,No,Not known,Not known,Data missing or out of range,Data missing or out of range,NA,Heavy oil,11,Data missing or out of range,Data missing or out of range,Data missing or out of range
20181351S0769,2018,1351S0769,1,Car,No tow/articulation,Going ahead other,West,East,On main c'way - not in restricted lane,Not at or within 20 metres of junction,None,Kerb,Did not leave carriageway,None,Offside,No,Not known,Male,NA,16 - 20,NA,Heavy oil,4,Data missing or out of range,Data missing or out of range,Data missing or out of range
20181351S0769,2018,1351S0769,2,Car,No tow/articulation,Going ahead other,West,East,On main c'way - not in restricted lane,Not at or within 20 metres of junction,None,Kerb,Did not leave carriageway,None,Nearside,No,Journey as part of work,Male,NA,21 - 25,Data missing or out of range,Undefined,-1,Data missing or out of range,Most deprived 10%,Urban area
20181351S1010,2018,1351S1010,1,Car,No tow/articulation,Reversing,North,West,On main c'way - not in restricted lane,Not at or within 20 metres of junction,None,None,Did not leave carriageway,None,Front,No,Not known,Female,NA,46 - 55,NA,Heavy oil,3,Data missing or out of range,Most deprived 10%,Urban area
20181351S1010,2018,1351S1010,2,Car,No tow/articulation,Reversing,West,South East,On main c'way - not in restricted lane,Not at or within 20 metres of junction,None,None,Did not leave carriageway,None,Front,No,Not known,Female,NA,26 - 35,NA,Petrol,14,Data missing or out of range,Most deprived 10%,Urban area
20181351T0236,2018,1351T0236,1,Car,No tow/articulation,Turning right,West,East,On main c'way - not in restricted lane,Mid Junction - on roundabout or on main road,None,None,Did not leave carriageway,None,Front,No,Not known,Male,NA,26 - 35,Data missing or out of range,Undefined,-1,Data missing or out of range,Data missing or out of range,Data missing or out of range
20181351T0886,2018,1351T0886,1,Car,No tow/articulation,Reversing,North,South East,On main c'way - not in restricted lane,Not at or within 20 metres of junction,None,None,Did not leave carriageway,None,Back,No,Journey as part of work,Male,NA,21 - 25,NA,Heavy oil,7,Data missing or out of range,More deprived 40-50%,Urban area
20181351U0195,2018,1351U0195,1,Car,No tow/articulation,Going ahead other,North West,South East,On main c'way - not in restricted lane,Not at or within 20 metres of junction,None,None,Did not leave carriageway,None,Nearside,No,Commuting to/from work,Male,NA,56 - 65,NA,Heavy oil,6,Data missing or out of range,Less deprived 40-50%,Urban area
20181351U1294,2018,1351U1294,1,Motorcycle 125cc and under,No tow/articulation,Going ahead other,East,West,On main c'way - not in restricted lane,Approaching junction or waiting/parked at junction approach,None,None,Did not leave carriageway,None,Front,No,Not known,Male,NA,26 - 35,NA,Petrol,2,Data missing or out of range,More deprived 20-30%,Urban area
20181351U1294,2018,1351U1294,2,Car,No tow/articulation,Turning right,West,East,On main c'way - not in restricted lane,Cleared junction or waiting/parked at junction exit,None,None,Did not leave carriageway,None,Front,No,Not known,Male,NA,46 - 55,NA,Heavy oil,12,Data missing or out of range,More deprived 20-30%,Urban area
20181351U1554,2018,1351U1554,1,Car,No tow/articulation,Going ahead other,North West,South East,On main c'way - not in restricted lane,Not at or within 20 metres of junction,None,None,Did not leave carriageway,None,Front,No,Not known,Male,NA,36 - 45,Data missing or out of range,Undefined,-1,Data missing or out of range,Most deprived 10%,Urban area
20181351U1574,2018,1351U1574,1,Car,No tow/articulation,Going ahead other,East,West,On main c'way - not in restricted lane,Not at or within 20 metres of junction,None,None,Did not leave carriageway,None,Nearside,No,Not known,Male,NA,46 - 55,NA,Petrol,5,Data missing or out of range,Most deprived 10%,Urban area
20181351U1702,2018,1351U1702,1,Car,No tow/articulation,Reversing,North West,South East,On main c'way - not in restricted lane,Not at or within 20 metres of junction,None,None,Did not leave carriageway,None,Back,No,Not known,Male,NA,36 - 45,NA,Heavy oil,14,Data missing or out of range,Data missing or out of range,Data missing or out of range
20181351U1702,2018,1351U1702,2,Car,No tow/articulation,Going ahead other,North East,North West,On main c'way - not in restricted lane,Not at or within 20 metres of junction,None,None,Did not leave carriageway,None,Nearside,No,Not known,Female,NA,36 - 45,NA,Heavy oil,11,Data missing or out of range,Most deprived 10%,Urban area
20181351U1789,2018,1351U1789,1,Car,No tow/articulation,Going ahead other,West,East,Footway (pavement),Not at or within 20 metres of junction,None,None,Nearside,None,Front,No,Not known,Male,Data missing or out of range,Data missing or out of range,Data missing or out of range,Undefined,-1,Data missing or out of range,Data missing or out of range,Data missing or out of range
20181351U2029,2018,1351U2029,1,Car,No tow/articulation,Overtaking moving vehicle - offside,North East,South West,On main c'way - not in restricted lane,Not at or within 20 metres of junction,None,None,Did not leave carriageway,None,Offside,No,Not known,Male,NA,21 - 25,NA,Petrol,1,Data missing or out of range,More deprived 40-50%,Urban area
20181351U2029,2018,1351U2029,2,Car,No tow/articulation,Turning right,North East,South West,On main c'way - not in restricted lane,Not at or within 20 metres of junction,None,None,Did not leave carriageway,None,Nearside,No,Not known,Male,NA,26 - 35,NA,Petrol,13,Data missing or out of range,More deprived 20-30%,Urban area
20181351V0332,2018,1351V0332,1,Car,No tow/articulation,Going ahead other,North West,South East,On main c'way - not in restricted lane,Not at or within 20 metres of junction,Skidded,None,Did not leave carriageway,None,Front,No,Pupil riding to/from school,Male,NA,16 - 20,NA,Petrol,2,Data missing or out of range,Less deprived 10-20%,Rural
20181351V0332,2018,1351V0332,2,Car,No tow/articulation,Going ahead other,North West,South East,On main c'way - not in restricted lane,Not at or within 20 metres of junction,None,None,Did not leave carriageway,None,Back,No,Commuting to/from work,Female,NA,21 - 25,NA,Petrol,3,Data missing or out of range,Less deprived 20-30%,Urban area
20181351V0332,2018,1351V0332,3,Car,No tow/articulation,Going ahead other,South East,North West,On main c'way - not in restricted lane,Not at or within 20 metres of junction,None,None,Did not leave carriageway,None,Offside,No,Commuting to/from work,Female,NA,36 - 45,NA,Heavy oil,4,Data missing or out of range,Least deprived 10%,Urban area
20181351V0661,2018,1351V0661,1,Car,No tow/articulation,Turning right,South East,North East,On main c'way - not in restricted lane,Mid Junction - on roundabout or on main road,None,None,Did not leave carriageway,None,Front,No,Not known,Male,NA,26 - 35,NA,Petrol,6,Data missing or out of range,More deprived 20-30%,Urban area
20181351V0661,2018,1351V0661,2,Motorcycle 125cc and under,No tow/articulation,Overtaking static vehicle - offside,North East,South West,On main c'way - not in restricted lane,Mid Junction - on roundabout or on main road,None,None,Did not leave carriageway,None,Nearside,No,Not known,Male,NA,46 - 55,NA,Petrol,7,Data missing or out of range,More deprived 10-20%,Urban area
20181351V1437,2018,1351V1437,1,Goods over 3.5t. and under 7.5t,No tow/articulation,Waiting to go - held up,North East,South East,On main c'way - not in restricted lane,Approaching junction or waiting/parked at junction approach,None,None,Did not leave carriageway,None,Back,No,Journey as part of work,Male,NA,26 - 35,NA,Heavy oil,13,Data missing or out of range,Most deprived 10%,Urban area
20181351V1437,2018,1351V1437,2,Taxi/Private hire car,No tow/articulation,Going ahead other,North East,South East,On main c'way - not in restricted lane,Approaching junction or waiting/parked at junction approach,None,None,Did not leave carriageway,None,Front,No,Journey as part of work,Male,NA,36 - 45,NA,Heavy oil,2,Data missing or out of range,More deprived 10-20%,Urban area
20181351V1498,2018,1351V1498,1,Car,No tow/articulation,Going ahead other,South East,North,On main c'way - not in restricted lane,Not at or within 20 metres of junction,None,None,Did not leave carriageway,None,Front,No,Not known,Not known,Data missing or out of range,Data missing or out of range,Data missing or out of range,Undefined,-1,Data missing or out of range,Data missing or out of range,Data missing or out of range
20181351V1508,2018,1351V1508,1,Car,No tow/articulation,Going ahead other,East,West,On main c'way - not in restricted lane,Not at or within 20 metres of junction,None,None,Did not leave carriageway,None,Nearside,No,Not known,Not known,Data missing or out of range,Data missing or out of range,Data missing or out of range,Undefined,-1,Data missing or out of range,Data missing or out of range,Data missing or out of range
20181351V1558,2018,1351V1558,1,Car,No tow/articulation,Moving off,North West,South East,On main c'way - not in restricted lane,Approaching junction or waiting/parked at junction approach,None,None,Did not leave carriageway,None,Offside,No,Commuting to/from work,Female,NA,26 - 35,NA,Heavy oil,10,Data missing or out of range,Most deprived 10%,Urban area
20181351V1565,2018,1351V1565,1,Car,No tow/articulation,Turning right,South East,East,On main c'way - not in restricted lane,Entering main road,None,None,Did not leave carriageway,None,Front,No,Not known,Male,NA,21 - 25,NA,Petrol,1,Data missing or out of range,Most deprived 10%,Urban area
20181351V1565,2018,1351V1565,2,Car,No tow/articulation,Going ahead other,East,West,On main c'way - not in restricted lane,Mid Junction - on roundabout or on main road,None,None,Did not leave carriageway,None,Front,No,Not known,Male,NA,21 - 25,NA,Heavy oil,2,Data missing or out of range,More deprived 30-40%,Urban area
2018135211614,2018,135211614,1,Car,No tow/articulation,Going ahead other,East,West,On main c'way - not in restricted lane,Entering main road,None,None,Did not leave carriageway,None,Front,No,Not known,Male,NA,16 - 20,NA,Petrol,3,Data missing or out of range,Data missing or out of range,Data missing or out of range
2018135211614,2018,135211614,2,Car,No tow/articulation,Going ahead other,North,South East,On main c'way - not in restricted lane,Mid Junction - on roundabout or on main road,None,None,Did not leave carriageway,None,Nearside,No,Not known,Male,NA,21 - 25,NA,Petrol,17,Data missing or out of range,More deprived 20-30%,Small town
2018135250372,2018,135250372,1,Car,No tow/articulation,Going ahead other,South East,North West,On main c'way - not in restricted lane,Mid Junction - on roundabout or on main road,None,None,Did not leave carriageway,None,Front,No,Not known,Male,NA,26 - 35,NA,Heavy oil,8,Data missing or out of range,Most deprived 10%,Urban area
2018135250372,2018,135250372,2,Car,No tow/articulation,Turning right,South West,South East,On main c'way - not in restricted lane,Entering main road,None,None,Did not leave carriageway,None,Offside,No,Not known,Male,NA,26 - 35,NA,Petrol,7,Data missing or out of range,More deprived 30-40%,Urban area
2018135251260,2018,135251260,1,Car,No tow/articulation,Going ahead other,East,West,On main c'way - not in restricted lane,Not at or within 20 metres of junction,None,None,Did not leave carriageway,None,Front,No,Not known,Male,NA,26 - 35,NA,Heavy oil,7,Data missing or out of range,Most deprived 10%,Urban area
2018135251260,2018,135251260,2,Car,No tow/articulation,Going ahead other,West,East,On main c'way - not in restricted lane,Not at or within 20 metres of junction,None,None,Did not leave carriageway,None,Front,No,Not known,Not known,NA,26 - 35,NA,Heavy oil,1,Data missing or out of range,Data missing or out of range,Data missing or out of range
2018135260124,2018,135260124,1,Car,No tow/articulation,Turning right,North,South West,On main c'way - not in restricted lane,Mid Junction - on roundabout or on main road,Skidded,None,Nearside,Wall or fence,Front,No,Not known,Male,NA,21 - 25,NA,Heavy oil,16,Data missing or out of range,Most deprived 10%,Urban area
2018135260444,2018,135260444,1,Car,No tow/articulation,Turning right,South East,North East,On main c'way - not in restricted lane,Approaching junction or waiting/parked at junction approach,None,None,Did not leave carriageway,None,Front,No,Not known,Female,NA,16 - 20,NA,Petrol,12,Data missing or out of range,More deprived 40-50%,Rural
2018135260444,2018,135260444,2,Car,No tow/articulation,Going ahead other,South West,North East,On main c'way - not in restricted lane,Approaching junction or waiting/parked at junction approach,None,None,Did not leave carriageway,None,Offside,No,Not known,Female,NA,36 - 45,NA,Petrol,11,Data missing or out of range,Most deprived 10%,Urban area
2018135261088,2018,135261088,1,Car,No tow/articulation,Going ahead other,North East,South West,On main c'way - not in restricted lane,Not at or within 20 metres of junction,None,None,Did not leave carriageway,None,Front,No,Not known,Not known,Data missing or out of range,Data missing or out of range,Data missing or out of range,Undefined,-1,Data missing or out of range,Data missing or out of range,Data missing or out of range
2018135270568,2018,135270568,1,Goods 7.5 tonnes mgw and over,No tow/articulation,Changing lane to left,South East,North,On main c'way - not in restricted lane,Not at or within 20 metres of junction,None,None,Did not leave carriageway,None,Front,No,Not known,Male,NA,36 - 45,NA,Heavy oil,11,Data missing or out of range,More deprived 20-30%,Urban area
2018135270568,2018,135270568,2,Car,No tow/articulation,Going ahead other,South East,North,On main c'way - not in restricted lane,Not at or within 20 metres of junction,None,None,Offside on to centrl res + rebounded,None,Back,No,Not known,Female,NA,26 - 35,NA,Petrol,6,Data missing or out of range,More deprived 40-50%,Urban area
2018135271226,2018,135271226,1,Car,No tow/articulation,Going ahead other,East,West,On main c'way - not in restricted lane,Not at or within 20 metres of junction,None,None,Did not leave carriageway,None,Front,No,Not known,Female,NA,36 - 45,NA,Petrol,7,Data missing or out of range,Most deprived 10%,Urban area
2018135280659,2018,135280659,1,Car,No tow/articulation,Going ahead other,South East,North,On main c'way - not in restricted lane,Not at or within 20 metres of junction,None,None,Did not leave carriageway,None,Front,No,Not known,Male,NA,36 - 45,Data missing or out of range,Undefined,-1,Data missing or out of range,More deprived 40-50%,Urban area
2018135280659,2018,135280659,2,Car,No tow/articulation,U-turn,South East,South East,On main c'way - not in restricted lane,Not at or within 20 metres of junction,None,None,Did not leave carriageway,None,Offside,No,Not known,Male,Data missing or out of range,Data missing or out of range,Data missing or out of range,Undefined,-1,Data missing or out of range,Data missing or out of range,Data missing or out of range
2018135281547,2018,135281547,1,Bus or coach (17 or more pass seats),No tow/articulation,Going ahead other,South East,North West,On main c'way - not in restricted lane,Approaching junction or waiting/parked at junction approach,None,None,Did not leave carriageway,None,Front,No,Journey as part of work,Male,NA,21 - 25,NA,Heavy oil,13,Data missing or out of range,Less deprived 20-30%,Small town
2018135281547,2018,135281547,2,Car,No tow/articulation,Turning right,North West,South West,On main c'way - not in restricted lane,Mid Junction - on roundabout or on main road,None,None,Did not leave carriageway,None,Nearside,No,Not known,Male,NA,26 - 35,NA,Heavy oil,4,Data missing or out of range,More deprived 40-50%,Urban area
2018135281547,2018,135281547,3,Car,No tow/articulation,Waiting to turn right,Parked,Parked,On main c'way - not in restricted lane,Approaching junction or waiting/parked at junction approach,None,None,Did not leave carriageway,None,Front,No,Not known,Male,NA,21 - 25,NA,Heavy oil,9,Data missing or out of range,Data missing or out of range,Data missing or out of range
2018135281637,2018,135281637,1,Car,No tow/articulation,Turning right,South East,North,On main c'way - not in restricted lane,Approaching junction or waiting/parked at junction approach,None,None,Did not leave carriageway,None,Offside,No,Not known,Female,NA,26 - 35,NA,Petrol,1,Data missing or out of range,Most deprived 10%,Urban area
2018135281637,2018,135281637,2,Car,No tow/articulation,Going ahead other,North West,South East,On main c'way - not in restricted lane,Leaving main road,None,None,Did not leave carriageway,None,Front,No,Not known,Male,NA,26 - 35,NA,Petrol,3,Data missing or out of range,Most deprived 10%,Urban area
2018135281708,2018,135281708,1,Car,No tow/articulation,Turning right,South East,East,On main c'way - not in restricted lane,Mid Junction - on roundabout or on main road,None,None,Did not leave carriageway,None,Front,No,Not known,Male,NA,21 - 25,NA,Heavy oil,13,Data missing or out of range,Most deprived 10%,Urban area
2018135281708,2018,135281708,2,Car,No tow/articulation,Going ahead other,North,South East,On main c'way - not in restricted lane,Mid Junction - on roundabout or on main road,None,None,Did not leave carriageway,None,Front,No,Not known,Female,NA,36 - 45,NA,Heavy oil,5,Data missing or out of range,More deprived 30-40%,Urban area
2018135290250,2018,135290250,1,Motorcycle 125cc and under,No tow/articulation,Going ahead other,North West,South East,On main c'way - not in restricted lane,Mid Junction - on roundabout or on main road,None,None,Did not leave carriageway,None,Nearside,No,Commuting to/from work,Male,NA,46 - 55,NA,Petrol,14,Data missing or out of range,More deprived 10-20%,Urban area
2018135290250,2018,135290250,2,Car,No tow/articulation,Moving off,South East,North,On main c'way - not in restricted lane,Mid Junction - on roundabout or on main road,None,None,Did not leave carriageway,None,Front,No,Commuting to/from work,Male,NA,56 - 65,NA,Heavy oil,12,Data missing or out of range,More deprived 30-40%,Urban area
2018135290786,2018,135290786,1,Car,No tow/articulation,Going ahead other,South East,North,On main c'way - not in restricted lane,Not at or within 20 metres of junction,None,None,Did not leave carriageway,None,Front,No,Not known,Male,NA,26 - 35,NA,Heavy oil,12,Data missing or out of range,More deprived 20-30%,Urban area
2018135291149,2018,135291149,1,Car,No tow/articulation,Going ahead other,East,West,On main c'way - not in restricted lane,Mid Junction - on roundabout or on main road,Skidded,None,Nearside,Other permanent object,Nearside,No,Not known,Male,NA,21 - 25,NA,Petrol,8,Data missing or out of range,More deprived 30-40%,Urban area
2018135291149,2018,135291149,2,Car,No tow/articulation,Going ahead other,East,West,On main c'way - not in restricted lane,Mid Junction - on roundabout or on main road,None,None,Did not leave carriageway,None,Did not impact,No,Journey as part of work,Male,NA,36 - 45,NA,Heavy oil,5,Data missing or out of range,Most deprived 10%,Urban area
2018135291533,2018,135291533,1,Motorcycle 125cc and under,No tow/articulation,Turning right,South West,North East,On main c'way - not in restricted lane,Entering main road,None,None,Did not leave carriageway,None,Did not impact,No,Not known,Not known,Data missing or out of range,Data missing or out of range,Data missing or out of range,Undefined,-1,Data missing or out of range,Data missing or out of range,Data missing or out of range
2018135291533,2018,135291533,2,Car,No tow/articulation,Going ahead other,East,North East,On main c'way - not in restricted lane,Mid Junction - on roundabout or on main road,Skidded and overturned,None,Did not leave carriageway,None,Did not impact,No,Commuting to/from work,Male,NA,16 - 20,Data missing or out of range,Undefined,-1,Data missing or out of range,Least deprived 10%,Urban area
2018135291636,2018,135291636,1,Van / Goods 3.5 tonnes mgw or under,No tow/articulation,Overtaking moving vehicle - offside,West,East,On main c'way - not in restricted lane,Mid Junction - on roundabout or on main road,None,None,Did not leave carriageway,None,Front,No,Not known,Male,NA,26 - 35,NA,Heavy oil,3,Data missing or out of range,Less deprived 10-20%,Small town
2018135291636,2018,135291636,2,Car,No tow/articulation,Turning right,West,South East,On main c'way - not in restricted lane,Leaving main road,None,None,Did not leave carriageway,None,Offside,No,Not known,Male,NA,21 - 25,NA,Heavy oil,10,Data missing or out of range,Less deprived 10-20%,Small town
2018135291645,2018,135291645,1,Car,No tow/articulation,Going ahead other,West,East,On main c'way - not in restricted lane,Not at or within 20 metres of junction,None,None,Did not leave carriageway,None,Front,No,Not known,Male,NA,26 - 35,NA,Petrol,10,Data missing or out of range,Most deprived 10%,Urban area
20181352B0993,2018,1352B0993,1,Car,No tow/articulation,Going ahead other,South West,North East,On main c'way - not in restricted lane,Not at or within 20 metres of junction,None,None,Did not leave carriageway,None,Nearside,No,Not known,Not known,Data missing or out of range,Data missing or out of range,Data missing or out of range,Undefined,-1,Data missing or out of range,Data missing or out of range,Data missing or out of range
20181352B1402,2018,1352B1402,1,Car,No tow/articulation,Turning left,South East,West,On main c'way - not in restricted lane,Approaching junction or waiting/parked at junction approach,Skidded,None,Offside and rebounded,Wall or fence,Front,No,Not known,Male,NA,66 - 75,NA,Heavy oil,5,Data missing or out of range,Less deprived 20-30%,Urban area
20181352B1414,2018,1352B1414,1,Car,No tow/articulation,Going ahead other,North,South East,On main c'way - not in restricted lane,Not at or within 20 metres of junction,None,None,Did not leave carriageway,None,Front,No,Not known,Female,NA,26 - 35,NA,Petrol,17,Data missing or out of range,More deprived 20-30%,Urban area
20181352B1414,2018,1352B1414,2,Taxi/Private hire car,No tow/articulation,Going ahead other,South East,North,On main c'way - not in restricted lane,Not at or within 20 metres of junction,None,None,Did not leave carriageway,None,Front,No,Not known,Male,NA,46 - 55,NA,Heavy oil,8,Data missing or out of range,Most deprived 10%,Urban area
20181352D1707,2018,1352D1707,1,Car,No tow/articulation,Turning right,North West,South West,On main c'way - not in restricted lane,Approaching junction or waiting/parked at junction approach,None,None,Did not leave carriageway,None,Offside,No,Not known,Female,NA,36 - 45,NA,Petrol,12,Data missing or out of range,Most deprived 10%,Urban area
20181352D1707,2018,1352D1707,2,Car,No tow/articulation,Going ahead other,North West,South East,On main c'way - not in restricted lane,Approaching junction or waiting/parked at junction approach,None,None,Did not leave carriageway,None,Front,No,Not known,Female,NA,21 - 25,NA,Petrol,9,Data missing or out of range,Most deprived 10%,Urban area
20181352E0052,2018,1352E0052,1,Goods over 3.5t. and under 7.5t,No tow/articulation,Going ahead other,West,East,On main c'way - not in restricted lane,Mid Junction - on roundabout or on main road,None,None,Did not leave carriageway,None,Nearside,No,Not known,Male,NA,36 - 45,Data missing or out of range,Undefined,-1,Data missing or out of range,Data missing or out of range,Data missing or out of range
20181352E0052,2018,1352E0052,2,Car,No tow/articulation,Going ahead other,North,South East,On main c'way - not in restricted lane,Mid Junction - on roundabout or on main road,None,None,Did not leave carriageway,None,Offside,No,Not known,Male,NA,36 - 45,NA,Heavy oil,0,Data missing or out of range,Data missing or out of range,Data missing or out of range
20181352E0380,2018,1352E0380,1,Taxi/Private hire car,No tow/articulation,Moving off,South East,North,On main c'way - not in restricted lane,Not at or within 20 metres of junction,None,None,Did not leave carriageway,None,Front,No,Journey as part of work,Male,NA,46 - 55,NA,Heavy oil,4,Data missing or out of range,Data missing or out of range,Data missing or out of range
20181352E0528,2018,1352E0528,1,Car,No tow/articulation,Going ahead other,East,West,On main c'way - not in restricted lane,Mid Junction - on roundabout or on main road,None,None,Did not leave carriageway,None,Nearside,No,Not known,Male,NA,46 - 55,NA,Heavy oil,14,Data missing or out of range,Most deprived 10%,Urban area