accident_index,accident_year,accident_reference,vehicle_reference,vehicle_type,towing_and_articulation,vehicle_manoeuvre,vehicle_direction_from,vehicle_direction_to,vehicle_location_restricted_lane,junction_location,skidding_and_overturning,hit_object_in_carriageway,vehicle_leaving_carriageway,hit_object_off_carriageway,first_point_of_impact,vehicle_left_hand_drive,journey_purpose_of_driver,sex_of_driver,age_of_driver,age_band_of_driver,engine_capacity_cc,propulsion_code,age_of_vehicle,generic_make_model,driver_imd_decile,driver_home_area_type
20181352E0528,2018,1352E0528,2,Car,No tow/articulation,Going ahead other,North,South East,On main c'way - not in restricted lane,Mid Junction - on roundabout or on main road,None,None,Offside on to central reservation,Road sign or traffic signal,Front,No,Not known,Female,NA,36 - 45,NA,Heavy oil,2,Data missing or out of range,Most deprived 10%,Urban area
20181352F0778,2018,1352F0778,1,Mobility scooter,No tow/articulation,Going ahead other,South East,North,Footway (pavement),Not at or within 20 metres of junction,Overturned,None,Did not leave carriageway,None,Nearside,No,Not known,Male,NA,Over 75,Data missing or out of range,Undefined,-1,Data missing or out of range,Most deprived 10%,Urban area
20181352F1203,2018,1352F1203,1,Car,No tow/articulation,Going ahead other,North West,South East,On main c'way - not in restricted lane,Not at or within 20 metres of junction,None,None,Did not leave carriageway,None,Nearside,No,Not known,Female,NA,36 - 45,NA,Heavy oil,1,Data missing or out of range,Most deprived 10%,Urban area
20181352F1203,2018,1352F1203,2,Car,No tow/articulation,Moving off,North West,South East,On main c'way - not in restricted lane,Not at or within 20 metres of junction,None,None,Did not leave carriageway,None,Front,No,Not known,Male,NA,26 - 35,NA,Petrol,17,Data missing or out of range,More deprived 30-40%,Urban area
20181352F1387,2018,1352F1387,1,Car,No tow/articulation,Going ahead other,North West,South East,On main c'way - not in restricted lane,Leaving roundabout,None,None,Did not leave carriageway,None,Nearside,No,Not known,Male,NA,16 - 20,NA,Heavy oil,9,Data missing or out of range,More deprived 30-40%,Urban area
20181352F1387,2018,1352F1387,2,Car,No tow/articulation,Turning right,South West,North East,On main c'way - not in restricted lane,Entering roundabout,None,None,Did not leave carriageway,None,Front,No,Not known,Male,NA,36 - 45,NA,Heavy oil,1,Data missing or out of range,More deprived 20-30%,Urban area
20181352G1136,2018,1352G1136,1,Car,No tow/articulation,Going ahead other,North,South East,On main c'way - not in restricted lane,Not at or within 20 metres of junction,None,None,Did not leave carriageway,None,Nearside,No,Not known,Not known,Data missing or out of range,Data missing or out of range,Data missing or out of range,Undefined,-1,Data missing or out of range,Data missing or out of range,Data missing or out of range
20181352G1181,2018,1352G1181,1,Car,No tow/articulation,Going ahead other,North East,South West,On main c'way - not in restricted lane,Not at or within 20 metres of junction,None,None,Did not leave carriageway,None,Front,No,Not known,Male,NA,36 - 45,NA,Petrol,8,Data missing or out of range,More deprived 10-20%,Urban area
20181352G1181,2018,1352G1181,2,Car,No tow/articulation,Waiting to go - held up,North East,South West,On main c'way - not in restricted lane,Not at or within 20 metres of junction,None,None,Did not leave carriageway,None,Back,No,Not known,Female,NA,21 - 25,NA,Petrol,15,Data missing or out of range,More deprived 30-40%,Urban area
20181352G1181,2018,1352G1181,3,Car,No tow/articulation,Going ahead other,South West,North East,On main c'way - not in restricted lane,Not at or within 20 metres of junction,None,None,Did not leave carriageway,None,Offside,No,Not known,Male,NA,46 - 55,NA,Heavy oil,1,Data missing or out of range,Less deprived 30-40%,Urban area
20181352G1685,2018,1352G1685,1,Car,No tow/articulation,Going ahead other,East,West,On main c'way - not in restricted lane,Leaving roundabout,None,None,Did not leave carriageway,None,Front,No,Not known,Male,NA,26 - 35,NA,Heavy oil,7,Data missing or out of range,More deprived 20-30%,Urban area
20181352G1685,2018,1352G1685,2,Car,No tow/articulation,Parked,Parked,Parked,On main c'way - not in restricted lane,Mid Junction - on roundabout or on main road,None,None,Did not leave carriageway,None,Offside,No,Not known,Male,Data missing or out of range,Data missing or out of range,NA,Heavy oil,5,Data missing or out of range,Data missing or out of range,Data missing or out of range
20181352G1685,2018,1352G1685,3,Car,No tow/articulation,Parked,Parked,Parked,On main c'way - not in restricted lane,Mid Junction - on roundabout or on main road,None,None,Did not leave carriageway,None,Offside,No,Not known,Male,Data missing or out of range,Data missing or out of range,NA,Petrol,12,Data missing or out of range,Data missing or out of range,Data missing or out of range
20181352G1685,2018,1352G1685,4,Car,No tow/articulation,Parked,East,West,On main c'way - not in restricted lane,Mid Junction - on roundabout or on main road,None,None,Did not leave carriageway,None,Back,No,Not known,Male,NA,36 - 45,NA,Petrol,12,Data missing or out of range,Data missing or out of range,Data missing or out of range
20181352G1705,2018,1352G1705,1,Car,No tow/articulation,Going ahead other,South East,North,On main c'way - not in restricted lane,Not at or within 20 metres of junction,None,None,Did not leave carriageway,None,Front,No,Not known,Female,NA,26 - 35,NA,Petrol,7,Data missing or out of range,Most deprived 10%,Urban area
20181352H0853,2018,1352H0853,1,Car,No tow/articulation,Changing lane to right,West,East,On main c'way - not in restricted lane,Entering roundabout,None,None,Did not leave carriageway,None,Offside,No,Not known,Male,NA,56 - 65,NA,Heavy oil,4,Data missing or out of range,Less deprived 30-40%,Urban area
20181352H0853,2018,1352H0853,2,Car,No tow/articulation,Going ahead other,West,East,On main c'way - not in restricted lane,Entering roundabout,None,None,Did not leave carriageway,None,Nearside,No,Not known,Male,NA,21 - 25,NA,Heavy oil,1,Data missing or out of range,More deprived 40-50%,Urban area
20181352H1246,2018,1352H1246,1,Car,No tow/articulation,Going ahead other,East,West,On main c'way - not in restricted lane,Mid Junction - on roundabout or on main road,None,None,Did not leave carriageway,None,Offside,No,Not known,Male,NA,16 - 20,NA,Petrol,11,Data missing or out of range,Less deprived 30-40%,Rural
20181352H1246,2018,1352H1246,2,Taxi/Private hire car,No tow/articulation,Going ahead other,East,West,On main c'way - not in restricted lane,Mid Junction - on roundabout or on main road,None,None,Did not leave carriageway,None,Nearside,No,Journey as part of work,Male,NA,21 - 25,NA,Heavy oil,2,Data missing or out of range,Most deprived 10%,Urban area
20181352I1215,2018,1352I1215,1,Car,No tow/articulation,Going ahead other,South East,North West,On main c'way - not in restricted lane,Not at or within 20 metres of junction,None,None,Did not leave carriageway,None,Back,No,Not known,Female,NA,36 - 45,NA,Petrol,13,Data missing or out of range,More deprived 20-30%,Urban area
20181352I1215,2018,1352I1215,2,Van / Goods 3.5 tonnes mgw or under,No tow/articulation,Changing lane to left,South East,North West,On main c'way - not in restricted lane,Not at or within 20 metres of junction,None,None,Did not leave carriageway,None,Front,No,Not known,Male,NA,26 - 35,Data missing or out of range,Undefined,-1,Data missing or out of range,Most deprived 10%,Urban area
20181352I1669,2018,1352I1669,1,Car,No tow/articulation,Going ahead other,West,East,On main c'way - not in restricted lane,Not at or within 20 metres of junction,None,None,Did not leave carriageway,None,Nearside,No,Not known,Male,Data missing or out of range,Data missing or out of range,NA,Hybrid electric,17,Data missing or out of range,Data missing or out of range,Data missing or out of range
20181352J0921,2018,1352J0921,1,Car,No tow/articulation,Going ahead other,South West,North East,On main c'way - not in restricted lane,Mid Junction - on roundabout or on main road,None,None,Did not leave carriageway,None,Front,No,Not known,Male,NA,26 - 35,NA,Heavy oil,1,Data missing or out of range,Most deprived 10%,Urban area
20181352J0921,2018,1352J0921,2,Car,No tow/articulation,Turning right,North East,North West,On main c'way - not in restricted lane,Mid Junction - on roundabout or on main road,None,None,Did not leave carriageway,None,Nearside,No,Not known,Male,NA,36 - 45,NA,Heavy oil,9,Data missing or out of range,Most deprived 10%,Urban area
20181352J1273,2018,1352J1273,1,Van / Goods 3.5 tonnes mgw or under,No tow/articulation,Going ahead other,North,South East,On main c'way - not in restricted lane,Not at or within 20 metres of junction,None,None,Did not leave carriageway,None,Offside,No,Journey as part of work,Male,NA,36 - 45,NA,Heavy oil,1,Data missing or out of range,Less deprived 20-30%,Urban area
20181352J1502,2018,1352J1502,1,Car,No tow/articulation,Going ahead other,South East,North West,On main c'way - not in restricted lane,Approaching junction or waiting/parked at junction approach,None,None,Did not leave carriageway,None,Front,No,Not known,Male,NA,36 - 45,NA,Heavy oil,9,Data missing or out of range,Most deprived 10%,Urban area
20181352J1502,2018,1352J1502,2,Car,No tow/articulation,Turning right,South West,South East,On main c'way - not in restricted lane,Mid Junction - on roundabout or on main road,None,None,Nearside,None,Offside,No,Not known,Female,Data missing or out of range,Data missing or out of range,NA,Heavy oil,1,Data missing or out of range,Data missing or out of range,Data missing or out of range
20181352K0355,2018,1352K0355,1,Car,No tow/articulation,Turning right,South West,South East,On main c'way - not in restricted lane,Mid Junction - on roundabout or on main road,None,None,Did not leave carriageway,None,Nearside,No,Taking pupil to/from school,Male,NA,36 - 45,NA,Heavy oil,8,Data missing or out of range,Less deprived 20-30%,Urban area
20181352K0355,2018,1352K0355,2,Car,No tow/articulation,Going ahead other,North East,South West,On main c'way - not in restricted lane,Mid Junction - on roundabout or on main road,None,None,Did not leave carriageway,None,Front,No,Taking pupil to/from school,Male,NA,36 - 45,NA,Petrol,2,Data missing or out of range,More deprived 20-30%,Urban area
20181352K0702,2018,1352K0702,1,Car,No tow/articulation,Overtaking - nearside,South West,North East,On main c'way - not in restricted lane,Not at or within 20 metres of junction,Skidded and overturned,Parked vehicle,Did not leave carriageway,None,Front,No,Not known,Female,NA,26 - 35,NA,Petrol,3,Data missing or out of range,Less deprived 20-30%,Urban area
20181352K0702,2018,1352K0702,2,Car,No tow/articulation,Parked,Parked,Parked,Footway (pavement),Not at or within 20 metres of junction,None,None,Did not leave carriageway,None,Front,No,Not known,Not known,Data missing or out of range,Data missing or out of range,NA,Petrol,1,Data missing or out of range,Most deprived 10%,Urban area
20181352K0702,2018,1352K0702,3,Car,No tow/articulation,Parked,Parked,Parked,Footway (pavement),Not at or within 20 metres of junction,None,None,Did not leave carriageway,None,Offside,No,Not known,Not known,Data missing or out of range,Data missing or out of range,NA,Heavy oil,9,Data missing or out of range,Most deprived 10%,Urban area
20181352K1039,2018,1352K1039,1,Car,No tow/articulation,Going ahead other,North West,South East,On main c'way - not in restricted lane,Not at or within 20 metres of junction,None,None,Did not leave carriageway,None,Front,No,Not known,Female,NA,26 - 35,NA,Petrol,12,Data missing or out of range,Less deprived 30-40%,Rural
20181352K1039,2018,1352K1039,2,Car,No tow/articulation,Going ahead other,South East,North West,On main c'way - not in restricted lane,Not at or within 20 metres of junction,None,None,Offside,Wall or fence,Front,No,Not known,Male,NA,66 - 75,NA,Petrol,6,Data missing or out of range,Least deprived 10%,Rural
20181352K1681,2018,1352K1681,1,Car,No tow/articulation,Overtaking moving vehicle - offside,North East,South West,On main c'way - not in restricted lane,Not at or within 20 metres of junction,None,None,Did not leave carriageway,None,Front,No,Not known,Male,NA,36 - 45,NA,Heavy oil,5,Data missing or out of range,More deprived 30-40%,Urban area
20181352K1894,2018,1352K1894,1,Car,No tow/articulation,Going ahead other,North West,South East,On main c'way - not in restricted lane,Not at or within 20 metres of junction,None,None,Did not leave carriageway,None,Front,No,Not known,Male,Data missing or out of range,Data missing or out of range,NA,Heavy oil,5,Data missing or out of range,Data missing or out of range,Data missing or out of range
20181352K1948,2018,1352K1948,1,Car,No tow/articulation,Reversing,North West,South East,On main c'way - not in restricted lane,Not at or within 20 metres of junction,None,None,Did not leave carriageway,None,Back,No,Not known,Female,NA,26 - 35,NA,Heavy oil,8,Data missing or out of range,More deprived 30-40%,Urban area
20181352K1969,2018,1352K1969,1,Car,No tow/articulation,Going ahead other,South East,North,On main c'way - not in restricted lane,Mid Junction - on roundabout or on main road,None,None,Nearside,Wall or fence,Offside,No,Not known,Male,NA,36 - 45,NA,Heavy oil,1,Data missing or out of range,Less deprived 30-40%,Urban area
20181352K1969,2018,1352K1969,2,Car,No tow/articulation,Going ahead other,South East,North,On main c'way - not in restricted lane,Mid Junction - on roundabout or on main road,None,None,Did not leave carriageway,None,Offside,No,Not known,Male,NA,36 - 45,NA,Petrol,9,Data missing or out of range,Less deprived 20-30%,Urban area
20181352K1969,2018,1352K1969,3,Car,No tow/articulation,Turning right,North,West,On main c'way - not in restricted lane,Mid Junction - on roundabout or on main road,None,None,Did not leave carriageway,None,Front,No,Not known,Female,NA,16 - 20,NA,Petrol,2,Data missing or out of range,More deprived 20-30%,Urban area
20181352M0599,2018,1352M0599,1,Taxi/Private hire car,No tow/articulation,Going ahead other,North West,South East,On main c'way - not in restricted lane,Mid Junction - on roundabout or on main road,None,None,Did not leave carriageway,None,Offside,No,Journey as part of work,Male,NA,46 - 55,NA,Heavy oil,6,Data missing or out of range,More deprived 20-30%,Urban area
20181352M0599,2018,1352M0599,2,Car,No tow/articulation,Going ahead other,South West,North East,On main c'way - not in restricted lane,Mid Junction - on roundabout or on main road,None,None,Did not leave carriageway,None,Front,No,Journey as part of work,Male,NA,56 - 65,Data missing or out of range,Undefined,-1,Data missing or out of range,Data missing or out of range,Data missing or out of range
20181352M1832,2018,1352M1832,1,Goods vehicle - unknown weight,No tow/articulation,Turning left,East,West,On main c'way - not in restricted lane,Approaching junction or waiting/parked at junction approach,None,None,Did not leave carriageway,None,Offside,No,Not known,Not known,Data missing or out of range,Data missing or out of range,Data missing or out of range,Undefined,-1,Data missing or out of range,Data missing or out of range,Data missing or out of range
20181352M1832,2018,1352M1832,2,Taxi/Private hire car,No tow/articulation,Going ahead other,East,West,On main c'way - not in restricted lane,Approaching junction or waiting/parked at junction approach,None,None,Did not leave carriageway,None,Nearside,No,Journey as part of work,Male,NA,26 - 35,NA,Heavy oil,9,Data missing or out of range,Most deprived 10%,Urban area
20181352N1233,2018,1352N1233,1,Car,No tow/articulation,Going ahead other,South West,North East,On main c'way - not in restricted lane,Approaching junction or waiting/parked at junction approach,None,None,Did not leave carriageway,None,Front,No,Not known,Male,NA,46 - 55,NA,Petrol,16,Data missing or out of range,More deprived 30-40%,Urban area
20181352N1233,2018,1352N1233,2,Car,No tow/articulation,Waiting to turn right,North West,South West,On main c'way - not in restricted lane,Cleared junction or waiting/parked at junction exit,None,None,Did not leave carriageway,None,Front,No,Not known,Female,NA,46 - 55,NA,Heavy oil,3,Data missing or out of range,More deprived 30-40%,Urban area
20181352O0009,2018,1352O0009,1,Taxi/Private hire car,No tow/articulation,Going ahead other,North East,South West,On main c'way - not in restricted lane,Not at or within 20 metres of junction,None,None,Did not leave carriageway,None,Front,No,Journey as part of work,Male,NA,56 - 65,NA,Hybrid electric,8,Data missing or out of range,More deprived 20-30%,Urban area
20181352O0009,2018,1352O0009,2,Car,No tow/articulation,Going ahead right-hand bend,West,North East,On main c'way - not in restricted lane,Not at or within 20 metres of junction,None,None,Did not leave carriageway,None,Front,No,Not known,Male,NA,46 - 55,NA,Petrol,2,Data missing or out of range,More deprived 10-20%,Urban area
20181352O1780,2018,1352O1780,1,Car,No tow/articulation,Going ahead other,South West,North East,On main c'way - not in restricted lane,Not at or within 20 metres of junction,None,None,Offside,Wall or fence,Front,No,Not known,Male,NA,36 - 45,NA,Heavy oil,10,Data missing or out of range,Data missing or out of range,Data missing or out of range
20181352O1780,2018,1352O1780,2,Car,No tow/articulation,Going ahead other,South West,North East,On main c'way - not in restricted lane,Not at or within 20 metres of junction,None,None,Did not leave carriageway,None,Nearside,No,Journey as part of work,Male,NA,26 - 35,NA,Heavy oil,2,Data missing or out of range,Most deprived 10%,Urban area
20181352O1780,2018,1352O1780,3,Car,No tow/articulation,U-turn,South West,North East,On main c'way - not in restricted lane,Not at or within 20 metres of junction,None,None,Did not leave carriageway,None,Did not impact,No,Not known,Female,NA,56 - 65,NA,Petrol,1,Data missing or out of range,Less deprived 10-20%,Urban area
20181352P1579,2018,1352P1579,1,Car,No tow/articulation,Going ahead other,East,West,On main c'way - not in restricted lane,Approaching junction or waiting/parked at junction approach,None,None,Did not leave carriageway,None,Front,No,Not known,Not known,Data missing or out of range,Data missing or out of range,Data missing or out of range,Undefined,-1,Data missing or out of range,Data missing or out of range,Data missing or out of range
20181352Q0020,2018,1352Q0020,1,Car,No tow/articulation,Going ahead other,South East,North,On main c'way - not in restricted lane,Mid Junction - on roundabout or on main road,None,None,Did not leave carriageway,None,Front,No,Not known,Male,NA,21 - 25,NA,Heavy oil,11,Data missing or out of range,Most deprived 10%,Urban area
20181352Q0020,2018,1352Q0020,2,Car,No tow/articulation,Going ahead other,South East,North,On main c'way - not in restricted lane,Mid Junction - on roundabout or on main road,None,None,Did not leave carriageway,None,Did not impact,No,Journey as part of work,Male,NA,36 - 45,NA,Heavy oil,1,Data missing or out of range,Most deprived 10%,Urban area
20181352Q0217,2018,1352Q0217,1,Taxi/Private hire car,No tow/articulation,Moving off,South West,North East,On main c'way - not in restricted lane,Entering main road,None,None,Did not leave carriageway,None,Back,No,Not known,Male,Data missing or out of range,Data missing or out of range,Data missing or out of range,Undefined,-1,Data missing or out of range,Data missing or out of range,Data missing or out of range
20181352Q0217,2018,1352Q0217,2,Taxi/Private hire car,No tow/articulation,Going ahead other,South East,North West,On main c'way - not in restricted lane,Mid Junction - on roundabout or on main road,None,None,Did not leave carriageway,None,Front,No,Not known,Male,NA,36 - 45,Data missing or out of range,Undefined,-1,Data missing or out of range,Most deprived 10%,Urban area
20181352Q0453,2018,1352Q0453,1,Car,No tow/articulation,Slowing or stopping,East,West,On main c'way - not in restricted lane,Not at or within 20 metres of junction,None,None,Did not leave carriageway,None,Back,No,Not known,Male,NA,36 - 45,NA,Petrol,17,Data missing or out of range,Less deprived 30-40%,Urban area
20181352Q0453,2018,1352Q0453,2,Car,No tow/articulation,Going ahead other,East,West,On main c'way - not in restricted lane,Not at or within 20 metres of junction,None,None,Did not leave carriageway,None,Front,No,Not known,Male,NA,21 - 25,NA,Petrol,12,Data missing or out of range,Most deprived 10%,Urban area
20181352Q1007,2018,1352Q1007,1,Car,No tow/articulation,Going ahead other,North West,South East,On main c'way - not in restricted lane,Entering roundabout,None,None,Did not leave carriageway,None,Front,No,Not known,Male,NA,26 - 35,Data missing or out of range,Undefined,-1,Data missing or out of range,Data missing or out of range,Data missing or out of range
20181352Q1007,2018,1352Q1007,2,Car,No tow/articulation,Going ahead other,North East,South East,On main c'way - not in restricted lane,Mid Junction - on roundabout or on main road,None,None,Did not leave carriageway,None,Back,No,Journey as part of work,Male,NA,36 - 45,Data missing or out of range,Undefined,-1,Data missing or out of range,Data missing or out of range,Data missing or out of range
20181352Q1301,2018,1352Q1301,1,Car,No tow/articulation,Turning right,South East,East,On main c'way - not in restricted lane,Entering main road,None,None,Did not leave carriageway,None,Front,No,Not known,Female,NA,56 - 65,NA,Petrol,7,Data missing or out of range,More deprived 40-50%,Urban area
20181352Q1301,2018,1352Q1301,2,Car,No tow/articulation,Going ahead other,West,North,On main c'way - not in restricted lane,Leaving main road,None,None,Did not leave carriageway,None,Nearside,No,Not known,Male,NA,46 - 55,NA,Heavy oil,4,Data missing or out of range,More deprived 40-50%,Urban area
20181352R0669,2018,1352R0669,1,Car,No tow/articulation,U-turn,South East,South East,Bus lane,Not at or within 20 metres of junction,None,None,Did not leave carriageway,None,Offside,No,Not known,Male,NA,26 - 35,NA,Petrol,15,Data missing or out of range,More deprived 10-20%,Urban area
20181352R0669,2018,1352R0669,2,Motorcycle over 125cc and up to 500cc,No tow/articulation,Going ahead other,South East,North,On main c'way - not in restricted lane,Not at or within 20 metres of junction,None,None,Did not leave carriageway,None,Nearside,No,Not known,Male,NA,46 - 55,NA,Petrol,17,Data missing or out of range,More deprived 20-30%,Urban area
20181352R1116,2018,1352R1116,1,Car,No tow/articulation,Going ahead other,South East,North,On main c'way - not in restricted lane,Mid Junction - on roundabout or on main road,None,None,Did not leave carriageway,None,Nearside,No,Not known,Male,NA,36 - 45,NA,Petrol,10,Data missing or out of range,Less deprived 20-30%,Urban area
20181352S0932,2018,1352S0932,1,Car,No tow/articulation,Slowing or stopping,South West,North East,On main c'way - not in restricted lane,Not at or within 20 metres of junction,None,None,Did not leave carriageway,None,Back,No,Not known,Male,NA,46 - 55,NA,Petrol,8,Data missing or out of range,More deprived 40-50%,Urban area
20181352S0932,2018,1352S0932,2,Car,No tow/articulation,Going ahead other,South West,North East,On main c'way - not in restricted lane,Not at or within 20 metres of junction,Skidded,None,Did not leave carriageway,None,Front,No,Not known,Male,NA,66 - 75,Data missing or out of range,Undefined,-1,Data missing or out of range,Data missing or out of range,Data missing or out of range
2018135310800,2018,135310800,1,Car,No tow/articulation,Going ahead other,North,East,On main c'way - not in restricted lane,Not at or within 20 metres of junction,None,None,Did not leave carriageway,None,Did not impact,No,Journey as part of work,Male,NA,56 - 65,NA,Petrol,18,Data missing or out of range,More deprived 40-50%,Urban area
2018135321336,2018,135321336,1,Car,No tow/articulation,Going ahead other,West,East,On main c'way - not in restricted lane,Mid Junction - on roundabout or on main road,None,None,Did not leave carriageway,None,Front,No,Not known,Male,NA,21 - 25,NA,Heavy oil,1,Data missing or out of range,Most deprived 10%,Urban area
2018135321336,2018,135321336,2,Car,No tow/articulation,Going ahead other,South East,North,On main c'way - not in restricted lane,Mid Junction - on roundabout or on main road,None,None,Did not leave carriageway,None,Nearside,No,Not known,Female,NA,36 - 45,NA,Petrol,14,Data missing or out of range,More deprived 30-40%,Urban area
2018135321801,2018,135321801,1,Car,No tow/articulation,Going ahead other,North,South East,On main c'way - not in restricted lane,Not at or within 20 metres of junction,Skidded,None,Nearside,Wall or fence,Front,No,Not known,Male,NA,21 - 25,NA,Petrol,14,Data missing or out of range,More deprived 20-30%,Urban area
2018135321801,2018,135321801,2,Car,No tow/articulation,Going ahead other,South East,North,On main c'way - not in restricted lane,Not at or within 20 metres of junction,None,None,Did not leave carriageway,None,Offside,No,Not known,Male,NA,26 - 35,NA,Heavy oil,3,Data missing or out of range,Less deprived 40-50%,Rural
2018135330847,2018,135330847,1,Car,No tow/articulation,Going ahead other,South West,North East,On main c'way - not in restricted lane,Approaching junction or waiting/parked at junction approach,None,None,Did not leave carriageway,None,Front,No,Not known,Male,NA,36 - 45,Data missing or out of range,Undefined,-1,Data missing or out of range,More deprived 20-30%,Urban area
2018135330847,2018,135330847,2,Car,No tow/articulation,Going ahead other,South West,North East,On main c'way - not in restricted lane,Approaching junction or waiting/parked at junction approach,None,None,Did not leave carriageway,None,Front,No,Not known,Male,NA,21 - 25,NA,Heavy oil,12,Data missing or out of range,Most deprived 10%,Urban area
2018135330847,2018,135330847,3,Car,No tow/articulation,Turning left,North,North East,On main c'way - not in restricted lane,Approaching junction or waiting/parked at junction approach,None,None,Did not leave carriageway,None,Offside,No,Not known,Female,NA,16 - 20,NA,Petrol,15,Data missing or out of range,Less deprived 20-30%,Rural
2018135331690,2018,135331690,1,Car,No tow/articulation,Overtaking static vehicle - offside,South East,North,On main c'way - not in restricted lane,Not at or within 20 metres of junction,Skidded,None,Did not leave carriageway,None,Front,No,Not known,Not known,Data missing or out of range,Data missing or out of range,NA,Heavy oil,10,Data missing or out of range,Data missing or out of range,Data missing or out of range
2018135331690,2018,135331690,2,Car,No tow/articulation,Moving off,North,South East,On main c'way - not in restricted lane,Not at or within 20 metres of junction,Skidded,None,Did not leave carriageway,None,Back,No,Not known,Male,NA,46 - 55,NA,Heavy oil,4,Data missing or out of range,More deprived 20-30%,Urban area
2018135331690,2018,135331690,3,Car,No tow/articulation,Parked,Parked,Parked,On main c'way - not in restricted lane,Not at or within 20 metres of junction,None,None,Did not leave carriageway,None,Offside,No,Not known,Male,Data missing or out of range,Data missing or out of range,NA,Heavy oil,12,Data missing or out of range,Data missing or out of range,Data missing or out of range
2018135331690,2018,135331690,4,Car,No tow/articulation,Parked,Parked,Parked,On main c'way - not in restricted lane,Not at or within 20 metres of junction,None,None,Did not leave carriageway,None,Offside,No,Not known,Male,Data missing or out of range,Data missing or out of range,NA,Petrol,10,Data missing or out of range,Data missing or out of range,Data missing or out of range
2018135351524,2018,135351524,1,Car,No tow/articulation,Slowing or stopping,North,South East,On main c'way - not in restricted lane,Not at or within 20 metres of junction,None,None,Did not leave carriageway,None,Front,No,Journey as part of work,Male,NA,21 - 25,NA,Heavy oil,1,Data missing or out of range,Less deprived 40-50%,Urban area
2018135351524,2018,135351524,2,Van / Goods 3.5 tonnes mgw or under,No tow/articulation,Slowing or stopping,North,South East,On main c'way - not in restricted lane,Not at or within 20 metres of junction,None,None,Did not leave carriageway,None,Back,No,Journey as part of work,Male,NA,46 - 55,NA,Heavy oil,3,Data missing or out of range,More deprived 40-50%,Urban area
2018135352006,2018,135352006,1,Car,No tow/articulation,Going ahead other,North West,South East,On main c'way - not in restricted lane,Not at or within 20 metres of junction,None,None,Did not leave carriageway,None,Offside,No,Not known,Male,NA,66 - 75,NA,Heavy oil,5,Data missing or out of range,Least deprived 10%,Urban area
2018135352006,2018,135352006,2,Car,No tow/articulation,Going ahead other,South East,North West,On main c'way - not in restricted lane,Not at or within 20 metres of junction,Skidded,None,Did not leave carriageway,None,Offside,No,Not known,Male,NA,36 - 45,NA,Petrol,13,Data missing or out of range,Less deprived 40-50%,Urban area
2018135360884,2018,135360884,1,Car,No tow/articulation,Going ahead other,South East,North,On main c'way - not in restricted lane,Approaching junction or waiting/parked at junction approach,None,None,Did not leave carriageway,None,Offside,No,Not known,Male,NA,56 - 65,NA,Heavy oil,2,Data missing or out of range,Most deprived 10%,Urban area
2018135360884,2018,135360884,2,Minibus (8 - 16 passenger seats),No tow/articulation,Waiting to turn right,South East,East,On main c'way - not in restricted lane,Mid Junction - on roundabout or on main road,None,None,Did not leave carriageway,None,Nearside,No,Not known,Male,NA,36 - 45,Data missing or out of range,Undefined,-1,Data missing or out of range,Less deprived 40-50%,Small town
2018135361394,2018,135361394,1,Car,No tow/articulation,Going ahead other,South East,North West,On main c'way - not in restricted lane,Leaving roundabout,None,None,Did not leave carriageway,None,Front,No,Not known,Female,NA,56 - 65,NA,Petrol,15,Data missing or out of range,Most deprived 10%,Urban area
2018135361394,2018,135361394,2,Car,No tow/articulation,Going ahead other,South East,North West,On main c'way - not in restricted lane,Leaving roundabout,None,None,Did not leave carriageway,None,Front,No,Not known,Male,NA,26 - 35,NA,Heavy oil,14,Data missing or out of range,Most deprived 10%,Urban area
2018135370309,2018,135370309,1,Car,No tow/articulation,Going ahead other,East,West,On main c'way - not in restricted lane,Not at or within 20 metres of junction,None,None,Nearside,None,Front,No,Journey as part of work,Male,NA,36 - 45,NA,Petrol,12,Data missing or out of range,Less deprived 30-40%,Urban area
2018135371343,2018,135371343,1,Car,No tow/articulation,Going ahead other,South West,North East,On main c'way - not in restricted lane,Mid Junction - on roundabout or on main road,None,None,Did not leave carriageway,None,Front,No,Not known,Female,NA,26 - 35,NA,Heavy oil,5,Data missing or out of range,More deprived 40-50%,Urban area
2018135380323,2018,135380323,1,Car,No tow/articulation,Going ahead other,South East,North West,On main c'way - not in restricted lane,Not at or within 20 metres of junction,Skidded,None,Offside,Lamp post,Front,No,Commuting to/from work,Female,NA,21 - 25,NA,Heavy oil,3,Data missing or out of range,Less deprived 30-40%,Urban area
2018135380331,2018,135380331,1,Car,No tow/articulation,Going ahead other,South East,North,On main c'way - not in restricted lane,Not at or within 20 metres of junction,Skidded,None,Did not leave carriageway,None,Front,No,Commuting to/from work,Male,NA,26 - 35,NA,Heavy oil,3,Data missing or out of range,Less deprived 10-20%,Small town