accident_index,accident_year,accident_reference,vehicle_reference,vehicle_type,towing_and_articulation,vehicle_manoeuvre,vehicle_direction_from,vehicle_direction_to,vehicle_location_restricted_lane,junction_location,skidding_and_overturning,hit_object_in_carriageway,vehicle_leaving_carriageway,hit_object_off_carriageway,first_point_of_impact,vehicle_left_hand_drive,journey_purpose_of_driver,sex_of_driver,age_of_driver,age_band_of_driver,engine_capacity_cc,propulsion_code,age_of_vehicle,generic_make_model,driver_imd_decile,driver_home_area_type
2018135380627,2018,135380627,1,Car,No tow/articulation,Going ahead other,South East,North,On main c'way - not in restricted lane,Not at or within 20 metres of junction,Skidded,None,Offside,Central crash barrier,Front,No,Commuting to/from work,Female,NA,36 - 45,NA,Heavy oil,3,Data missing or out of range,Less deprived 20-30%,Urban area
2018135390793,2018,135390793,1,Car,No tow/articulation,Going ahead other,North,South East,On main c'way - not in restricted lane,Not at or within 20 metres of junction,None,None,Did not leave carriageway,None,Offside,No,Not known,Male,NA,36 - 45,NA,Heavy oil,10,Data missing or out of range,Most deprived 10%,Urban area
2018135391355,2018,135391355,1,Car,No tow/articulation,U-turn,West,East,On main c'way - not in restricted lane,Not at or within 20 metres of junction,None,None,Did not leave carriageway,None,Front,No,Not known,Female,NA,56 - 65,NA,Petrol,19,Data missing or out of range,Most deprived 10%,Urban area
2018135391355,2018,135391355,2,Car,No tow/articulation,Going ahead other,West,East,On main c'way - not in restricted lane,Not at or within 20 metres of junction,None,None,Did not leave carriageway,None,Offside,No,Not known,Male,NA,36 - 45,Data missing or out of range,Undefined,-1,Data missing or out of range,More deprived 30-40%,Urban area
2018135391610,2018,135391610,1,Car,No tow/articulation,Going ahead other,North West,South East,On main c'way - not in restricted lane,Approaching junction or waiting/parked at junction approach,None,None,Did not leave carriageway,Lamp post,Front,No,Not known,Male,NA,56 - 65,NA,Heavy oil,7,Data missing or out of range,More deprived 30-40%,Urban area
2018135392076,2018,135392076,1,Car,No tow/articulation,Reversing,South West,North East,On main c'way - not in restricted lane,Not at or within 20 metres of junction,None,None,Did not leave carriageway,None,Back,No,Not known,Male,NA,16 - 20,NA,Petrol,7,Data missing or out of range,Least deprived 10%,Urban area
20181353B1091,2018,1353B1091,1,Car,No tow/articulation,Going ahead other,North,South East,On main c'way - not in restricted lane,Approaching junction or waiting/parked at junction approach,None,None,Did not leave carriageway,None,Front,No,Not known,Female,NA,46 - 55,Data missing or out of range,Undefined,-1,Data missing or out of range,Less deprived 30-40%,Rural
20181353B1091,2018,1353B1091,2,Car,No tow/articulation,Going ahead other,North,South East,On main c'way - not in restricted lane,Approaching junction or waiting/parked at junction approach,None,None,Did not leave carriageway,None,Back,No,Not known,Male,NA,36 - 45,NA,Heavy oil,0,Data missing or out of range,Less deprived 30-40%,Urban area
20181353B1091,2018,1353B1091,3,Car,No tow/articulation,Going ahead other,North,South East,On main c'way - not in restricted lane,Approaching junction or waiting/parked at junction approach,None,None,Did not leave carriageway,None,Back,No,Not known,Male,NA,36 - 45,NA,Heavy oil,3,Data missing or out of range,Less deprived 40-50%,Urban area
20181353B1427,2018,1353B1427,1,Car,No tow/articulation,Going ahead other,North,South East,On main c'way - not in restricted lane,Not at or within 20 metres of junction,None,None,Did not leave carriageway,None,Front,No,Not known,Male,NA,26 - 35,NA,Heavy oil,14,Data missing or out of range,Most deprived 10%,Urban area
20181353B1427,2018,1353B1427,2,Car,No tow/articulation,Going ahead other,North,South East,On main c'way - not in restricted lane,Not at or within 20 metres of junction,None,None,Did not leave carriageway,None,Back,No,Not known,Male,NA,26 - 35,NA,Heavy oil,11,Data missing or out of range,More deprived 20-30%,Urban area
20181353C1446,2018,1353C1446,1,Car,No tow/articulation,Going ahead other,South East,North,On main c'way - not in restricted lane,Mid Junction - on roundabout or on main road,None,None,Did not leave carriageway,None,Front,No,Not known,Female,NA,Over 75,NA,Petrol,3,Data missing or out of range,Less deprived 20-30%,Urban area
20181353C1446,2018,1353C1446,2,Car,No tow/articulation,Turning left,West,East,On main c'way - not in restricted lane,Entering main road,None,None,Did not leave carriageway,None,Offside,No,Not known,Female,NA,21 - 25,NA,Petrol,16,Data missing or out of range,More deprived 20-30%,Urban area
20181353D0341,2018,1353D0341,1,Car,No tow/articulation,Slowing or stopping,South East,North,On main c'way - not in restricted lane,Approaching junction or waiting/parked at junction approach,None,None,Did not leave carriageway,None,Back,No,Not known,Male,NA,16 - 20,NA,Petrol,13,Data missing or out of range,More deprived 20-30%,Urban area
20181353D0341,2018,1353D0341,2,Car,No tow/articulation,Slowing or stopping,South East,North,On main c'way - not in restricted lane,Approaching junction or waiting/parked at junction approach,None,None,Did not leave carriageway,None,Front,No,Commuting to/from work,Female,NA,46 - 55,NA,Petrol,13,Data missing or out of range,More deprived 10-20%,Urban area
20181353D1216,2018,1353D1216,1,Car,No tow/articulation,Going ahead other,West,East,On main c'way - not in restricted lane,Not at or within 20 metres of junction,None,None,Did not leave carriageway,None,Back,No,Not known,Female,NA,36 - 45,NA,Petrol,8,Data missing or out of range,More deprived 40-50%,Urban area
20181353D1216,2018,1353D1216,2,Car,No tow/articulation,Going ahead other,West,East,On main c'way - not in restricted lane,Not at or within 20 metres of junction,None,None,Did not leave carriageway,None,Front,No,Not known,Male,NA,46 - 55,Data missing or out of range,Undefined,-1,Data missing or out of range,Most deprived 10%,Urban area
20181353D1562,2018,1353D1562,1,Car,No tow/articulation,Going ahead other,South East,North West,On main c'way - not in restricted lane,Not at or within 20 metres of junction,None,None,Did not leave carriageway,None,Front,No,Not known,Male,NA,26 - 35,NA,Heavy oil,13,Data missing or out of range,Most deprived 10%,Urban area
20181353D1562,2018,1353D1562,2,Pedal cycle,No tow/articulation,Going ahead other,South East,North West,On main c'way - not in restricted lane,Not at or within 20 metres of junction,None,None,Did not leave carriageway,None,Back,No,Not known,Male,NA,46 - 55,Data missing or out of range,Undefined,-1,Data missing or out of range,More deprived 30-40%,Urban area
20181353D1897,2018,1353D1897,1,Car,No tow/articulation,Turning right,East,West,On main c'way - not in restricted lane,Entering from slip road,None,None,Did not leave carriageway,None,Front,No,Not known,Male,NA,26 - 35,NA,Heavy oil,10,Data missing or out of range,More deprived 20-30%,Urban area
20181353D1897,2018,1353D1897,2,Motorcycle 50cc and under,No tow/articulation,Going ahead other,South East,East,On main c'way - not in restricted lane,Mid Junction - on roundabout or on main road,None,None,Did not leave carriageway,None,Nearside,No,Not known,Female,NA,36 - 45,NA,Petrol,3,Data missing or out of range,Less deprived 20-30%,Urban area
20181353E1288,2018,1353E1288,1,Car,No tow/articulation,Turning left,East,South East,On main c'way - not in restricted lane,Approaching junction or waiting/parked at junction approach,None,None,Did not leave carriageway,None,Nearside,No,Not known,Female,NA,56 - 65,NA,Petrol,8,Data missing or out of range,Less deprived 30-40%,Urban area
20181353E1288,2018,1353E1288,2,Pedal cycle,No tow/articulation,Going ahead other,East,West,On main c'way - not in restricted lane,Approaching junction or waiting/parked at junction approach,Overturned,None,Did not leave carriageway,None,Front,No,Not known,Female,NA,Over 75,Data missing or out of range,Undefined,-1,Data missing or out of range,More deprived 30-40%,Urban area
20181353F1560,2018,1353F1560,1,Car,No tow/articulation,Going ahead other,South West,North East,On main c'way - not in restricted lane,Approaching junction or waiting/parked at junction approach,None,None,Did not leave carriageway,None,Front,No,Not known,Male,Data missing or out of range,Data missing or out of range,NA,Heavy oil,3,Data missing or out of range,Data missing or out of range,Data missing or out of range
20181353F1560,2018,1353F1560,2,Car,No tow/articulation,Going ahead other,North West,East,On main c'way - not in restricted lane,Approaching junction or waiting/parked at junction approach,None,None,Did not leave carriageway,None,Offside,No,Not known,Female,NA,21 - 25,NA,Petrol,10,Data missing or out of range,More deprived 40-50%,Urban area
20181353F1560,2018,1353F1560,3,Car,No tow/articulation,Waiting to go - held up,Parked,Parked,On main c'way - not in restricted lane,Approaching junction or waiting/parked at junction approach,None,None,Did not leave carriageway,None,Front,No,Not known,Male,NA,56 - 65,NA,Heavy oil,7,Data missing or out of range,Less deprived 10-20%,Urban area
20181353F1560,2018,1353F1560,4,Car,No tow/articulation,Waiting to go - held up,Parked,Parked,On main c'way - not in restricted lane,Approaching junction or waiting/parked at junction approach,None,None,Did not leave carriageway,None,Front,No,Not known,Female,NA,26 - 35,NA,Petrol,3,Data missing or out of range,Least deprived 10%,Urban area
20181353F1560,2018,1353F1560,5,Car,No tow/articulation,Waiting to go - held up,Parked,Parked,On main c'way - not in restricted lane,Approaching junction or waiting/parked at junction approach,None,None,Did not leave carriageway,None,Front,No,Not known,Male,NA,56 - 65,NA,Heavy oil,4,Data missing or out of range,More deprived 10-20%,Urban area
20181353G0351,2018,1353G0351,1,Motorcycle 125cc and under,No tow/articulation,Overtaking static vehicle - offside,West,East,On main c'way - not in restricted lane,Mid Junction - on roundabout or on main road,Overturned,None,Did not leave carriageway,None,Front,No,Not known,Male,NA,26 - 35,NA,Petrol,14,Data missing or out of range,More deprived 20-30%,Urban area
20181353G0351,2018,1353G0351,2,Car,No tow/articulation,Turning right,North,West,On main c'way - not in restricted lane,Entering main road,None,None,Did not leave carriageway,None,Front,No,Not known,Male,NA,Over 75,NA,Heavy oil,7,Data missing or out of range,More deprived 30-40%,Urban area
20181353G0571,2018,1353G0571,1,Car,No tow/articulation,Going ahead left-hand bend,North,East,On main c'way - not in restricted lane,Not at or within 20 metres of junction,None,None,Did not leave carriageway,None,Front,No,Not known,Female,NA,21 - 25,NA,Heavy oil,14,Data missing or out of range,Most deprived 10%,Urban area
20181353G0571,2018,1353G0571,2,Car,No tow/articulation,Going ahead other,East,West,On main c'way - not in restricted lane,Not at or within 20 metres of junction,None,None,Did not leave carriageway,None,Front,No,Not known,Female,NA,26 - 35,NA,Heavy oil,3,Data missing or out of range,More deprived 40-50%,Urban area
20181353G0708,2018,1353G0708,1,Car,No tow/articulation,Going ahead other,South West,North West,On main c'way - not in restricted lane,Mid Junction - on roundabout or on main road,None,None,Did not leave carriageway,None,Offside,No,Not known,Not known,Data missing or out of range,Data missing or out of range,NA,Heavy oil,13,Data missing or out of range,Data missing or out of range,Data missing or out of range
20181353G0708,2018,1353G0708,2,Car,No tow/articulation,Going ahead other,South East,North West,On main c'way - not in restricted lane,Mid Junction - on roundabout or on main road,None,None,Did not leave carriageway,None,Front,No,Not known,Female,NA,21 - 25,NA,Petrol,10,Data missing or out of range,Most deprived 10%,Urban area
20181353G0708,2018,1353G0708,3,Car,No tow/articulation,Going ahead other,South West,North East,On main c'way - not in restricted lane,Approaching junction or waiting/parked at junction approach,None,None,Did not leave carriageway,None,Did not impact,No,Not known,Male,Data missing or out of range,Data missing or out of range,NA,Heavy oil,5,Data missing or out of range,Most deprived 10%,Urban area
20181353H0507,2018,1353H0507,1,Car,No tow/articulation,Turning right,East,West,On main c'way - not in restricted lane,Approaching junction or waiting/parked at junction approach,Skidded,None,Did not leave carriageway,None,Front,No,Not known,Male,NA,46 - 55,NA,Petrol,14,Data missing or out of range,More deprived 20-30%,Urban area
20181353H0507,2018,1353H0507,2,Car,No tow/articulation,Going ahead other,West,East,On main c'way - not in restricted lane,Approaching junction or waiting/parked at junction approach,None,None,Did not leave carriageway,None,Front,No,Not known,Male,NA,66 - 75,NA,Heavy oil,12,Data missing or out of range,Most deprived 10%,Urban area
20181353H0825,2018,1353H0825,1,Car,No tow/articulation,Going ahead other,East,West,On main c'way - not in restricted lane,Not at or within 20 metres of junction,None,None,Did not leave carriageway,None,Nearside,No,Not known,Male,NA,21 - 25,NA,Heavy oil,5,Data missing or out of range,More deprived 10-20%,Urban area
20181353H0825,2018,1353H0825,2,Car,No tow/articulation,Going ahead other,East,West,On main c'way - not in restricted lane,Not at or within 20 metres of junction,None,None,Did not leave carriageway,None,Offside,No,Not known,Female,NA,26 - 35,NA,Heavy oil,5,Data missing or out of range,More deprived 40-50%,Urban area
20181353H1650,2018,1353H1650,1,Goods over 3.5t. and under 7.5t,No tow/articulation,Going ahead other,East,West,On main c'way - not in restricted lane,Not at or within 20 metres of junction,None,None,Did not leave carriageway,None,Front,No,Journey as part of work,Male,NA,21 - 25,Data missing or out of range,Undefined,-1,Data missing or out of range,Less deprived 30-40%,Small town
20181353H1829,2018,1353H1829,1,Car,No tow/articulation,Going ahead other,South West,North East,On main c'way - not in restricted lane,Not at or within 20 metres of junction,None,None,Did not leave carriageway,None,Back,No,Not known,Female,NA,46 - 55,NA,Heavy oil,11,Data missing or out of range,Less deprived 30-40%,Urban area
20181353H1829,2018,1353H1829,2,Car,No tow/articulation,Going ahead other,South West,North East,On main c'way - not in restricted lane,Not at or within 20 metres of junction,None,None,Did not leave carriageway,None,Front,No,Not known,Male,NA,36 - 45,NA,Heavy oil,5,Data missing or out of range,More deprived 40-50%,Urban area
20181353H1843,2018,1353H1843,1,Car,No tow/articulation,Going ahead other,North,South East,On main c'way - not in restricted lane,Approaching junction or waiting/parked at junction approach,Skidded,None,Did not leave carriageway,None,Nearside,No,Journey as part of work,Male,NA,26 - 35,NA,Heavy oil,9,Data missing or out of range,Most deprived 10%,Urban area
20181353H1843,2018,1353H1843,2,Car,No tow/articulation,Going ahead other,South East,North,On main c'way - not in restricted lane,Approaching junction or waiting/parked at junction approach,None,None,Did not leave carriageway,None,Nearside,No,Not known,Male,NA,26 - 35,NA,Heavy oil,20,Data missing or out of range,More deprived 30-40%,Urban area
20181353H2059,2018,1353H2059,1,Car,No tow/articulation,Going ahead other,South East,North,Footway (pavement),Not at or within 20 metres of junction,None,None,Did not leave carriageway,None,Did not impact,No,Not known,Not known,Data missing or out of range,Data missing or out of range,NA,Heavy oil,10,Data missing or out of range,Data missing or out of range,Data missing or out of range
20181353K1467,2018,1353K1467,1,Car,No tow/articulation,Going ahead other,South West,North East,On main c'way - not in restricted lane,Not at or within 20 metres of junction,None,None,Did not leave carriageway,None,Front,No,Commuting to/from work,Male,NA,26 - 35,NA,Heavy oil,11,Data missing or out of range,Most deprived 10%,Urban area
20181353L0548,2018,1353L0548,1,Car,No tow/articulation,Turning right,South East,North East,On main c'way - not in restricted lane,Entering main road,None,None,Did not leave carriageway,None,Nearside,No,Not known,Female,NA,46 - 55,NA,Petrol,3,Data missing or out of range,Less deprived 20-30%,Urban area
20181353L0548,2018,1353L0548,2,Pedal cycle,No tow/articulation,Going ahead other,North West,South East,On main c'way - not in restricted lane,Approaching junction or waiting/parked at junction approach,None,None,Did not leave carriageway,None,Front,No,Not known,Male,NA,16 - 20,Data missing or out of range,Undefined,-1,Data missing or out of range,More deprived 20-30%,Urban area
20181353L1186,2018,1353L1186,1,Car,No tow/articulation,Moving off,South East,North,On main c'way - not in restricted lane,Not at or within 20 metres of junction,None,None,Did not leave carriageway,None,Offside,No,Not known,Female,NA,26 - 35,NA,Petrol,14,Data missing or out of range,More deprived 10-20%,Urban area
20181353L1186,2018,1353L1186,2,Pedal cycle,No tow/articulation,Overtaking static vehicle - offside,South East,North,On main c'way - not in restricted lane,Not at or within 20 metres of junction,None,None,Did not leave carriageway,None,Nearside,No,Not known,Male,NA,46 - 55,Data missing or out of range,Undefined,-1,Data missing or out of range,Most deprived 10%,Urban area
20181353M0362,2018,1353M0362,1,Car,No tow/articulation,Going ahead other,West,East,On main c'way - not in restricted lane,Not at or within 20 metres of junction,None,None,Did not leave carriageway,None,Front,No,Journey as part of work,Male,NA,46 - 55,NA,Heavy oil,10,Data missing or out of range,Most deprived 10%,Urban area
20181353M0401,2018,1353M0401,1,Car,No tow/articulation,Going ahead other,West,East,On main c'way - not in restricted lane,Cleared junction or waiting/parked at junction exit,None,None,Did not leave carriageway,None,Front,No,Not known,Not known,Data missing or out of range,Data missing or out of range,NA,Petrol,16,Data missing or out of range,Data missing or out of range,Data missing or out of range
20181353M1009,2018,1353M1009,1,Goods 7.5 tonnes mgw and over,No tow/articulation,Turning right,West,South East,On main c'way - not in restricted lane,Entering main road,None,None,Did not leave carriageway,None,Front,No,Journey as part of work,Male,NA,36 - 45,NA,Heavy oil,1,Data missing or out of range,Less deprived 40-50%,Urban area
20181353M1123,2018,1353M1123,1,Car,No tow/articulation,Turning right,South East,East,On main c'way - not in restricted lane,Leaving main road,None,None,Did not leave carriageway,None,Front,No,Not known,Female,NA,26 - 35,NA,Petrol,4,Data missing or out of range,Most deprived 10%,Urban area
20181353M1123,2018,1353M1123,2,Pedal cycle,No tow/articulation,Going ahead other,North,South East,On main c'way - not in restricted lane,Approaching junction or waiting/parked at junction approach,None,None,Did not leave carriageway,None,Front,No,Not known,Male,NA,56 - 65,Data missing or out of range,Undefined,-1,Data missing or out of range,More deprived 10-20%,Urban area
20181353M1190,2018,1353M1190,1,Car,No tow/articulation,Slowing or stopping,South East,North,On main c'way - not in restricted lane,Not at or within 20 metres of junction,None,None,Did not leave carriageway,None,Back,No,Not known,Female,NA,36 - 45,NA,Heavy oil,11,Data missing or out of range,Most deprived 10%,Urban area
20181353M1190,2018,1353M1190,2,Car,No tow/articulation,Going ahead other,South East,North,On main c'way - not in restricted lane,Not at or within 20 metres of junction,None,None,Did not leave carriageway,None,Front,No,Not known,Male,NA,36 - 45,NA,Heavy oil,10,Data missing or out of range,More deprived 20-30%,Urban area
20181353M1190,2018,1353M1190,3,Car,No tow/articulation,Going ahead other,South East,North,On main c'way - not in restricted lane,Not at or within 20 metres of junction,None,None,Did not leave carriageway,None,Front,No,Not known,Male,NA,26 - 35,Data missing or out of range,Undefined,-1,Data missing or out of range,Most deprived 10%,Urban area
20181353M1190,2018,1353M1190,4,Car,No tow/articulation,Going ahead other,South East,North,On main c'way - not in restricted lane,Not at or within 20 metres of junction,None,None,Did not leave carriageway,None,Front,No,Not known,Male,NA,36 - 45,NA,Heavy oil,5,Data missing or out of range,Most deprived 10%,Urban area
20181353N0327,2018,1353N0327,1,Car,No tow/articulation,Going ahead other,North East,South West,On main c'way - not in restricted lane,Not at or within 20 metres of junction,None,None,Did not leave carriageway,None,Front,No,Not known,Female,NA,16 - 20,NA,Petrol,0,Data missing or out of range,Less deprived 10-20%,Urban area
20181353N0327,2018,1353N0327,2,Car,No tow/articulation,Going ahead other,North East,South West,On main c'way - not in restricted lane,Not at or within 20 metres of junction,None,None,Did not leave carriageway,None,Back,No,Commuting to/from work,Female,NA,26 - 35,NA,Petrol,7,Data missing or out of range,Most deprived 10%,Urban area
20181353N0327,2018,1353N0327,3,Car,No tow/articulation,Going ahead other,North East,South West,On main c'way - not in restricted lane,Not at or within 20 metres of junction,None,None,Did not leave carriageway,None,Offside,No,Not known,Female,NA,36 - 45,NA,Petrol,8,Data missing or out of range,More deprived 20-30%,Urban area
20181353N0850,2018,1353N0850,1,Car,No tow/articulation,Turning right,South East,North East,On main c'way - not in restricted lane,Leaving main road,None,None,Did not leave carriageway,None,Nearside,No,Not known,Female,NA,36 - 45,NA,Heavy oil,12,Data missing or out of range,Less deprived 20-30%,Urban area
20181353N0850,2018,1353N0850,2,Pedal cycle,No tow/articulation,Going ahead other,North West,South East,On main c'way - not in restricted lane,Mid Junction - on roundabout or on main road,None,None,Did not leave carriageway,None,Front,No,Not known,Male,NA,21 - 25,Data missing or out of range,Undefined,-1,Data missing or out of range,More deprived 30-40%,Urban area
20181353O1497,2018,1353O1497,1,Car,No tow/articulation,Going ahead other,South West,North East,On main c'way - not in restricted lane,Not at or within 20 metres of junction,None,None,Did not leave carriageway,None,Did not impact,No,Not known,Male,NA,36 - 45,Data missing or out of range,Undefined,-1,Data missing or out of range,Data missing or out of range,Data missing or out of range
20181353O1497,2018,1353O1497,2,Car,No tow/articulation,Going ahead other,South West,North East,On main c'way - not in restricted lane,Not at or within 20 metres of junction,Skidded,None,Offside,Wall or fence,Front,No,Journey as part of work,Male,NA,46 - 55,NA,Heavy oil,6,Data missing or out of range,Most deprived 10%,Urban area
20181353P0648,2018,1353P0648,1,Car,No tow/articulation,Overtaking static vehicle - offside,North,South East,On main c'way - not in restricted lane,Not at or within 20 metres of junction,Overturned,None,Did not leave carriageway,None,Nearside,No,Not known,Male,NA,56 - 65,Data missing or out of range,Undefined,-1,Data missing or out of range,More deprived 30-40%,Rural
20181353P0648,2018,1353P0648,2,Car,No tow/articulation,Going ahead other,North,South East,On main c'way - not in restricted lane,Not at or within 20 metres of junction,None,None,Did not leave carriageway,None,Offside,No,Not known,Male,NA,66 - 75,NA,Heavy oil,9,Data missing or out of range,Less deprived 30-40%,Small town
20181353Q0293,2018,1353Q0293,1,Car,No tow/articulation,Waiting to turn right,North,West,On main c'way - not in restricted lane,Approaching junction or waiting/parked at junction approach,None,None,Did not leave carriageway,None,Front,No,Not known,Female,NA,36 - 45,NA,Petrol,10,Data missing or out of range,More deprived 10-20%,Urban area
20181353Q1201,2018,1353Q1201,1,Car,No tow/articulation,Waiting to go - held up,South East,North,On main c'way - not in restricted lane,Mid Junction - on roundabout or on main road,None,None,Did not leave carriageway,None,Front,No,Not known,Not known,Data missing or out of range,Data missing or out of range,NA,Heavy oil,18,Data missing or out of range,Data missing or out of range,Data missing or out of range
20181353Q1201,2018,1353Q1201,2,Car,No tow/articulation,Waiting to go - held up,South East,North,On main c'way - not in restricted lane,Mid Junction - on roundabout or on main road,None,None,Did not leave carriageway,None,Back,No,Not known,Male,NA,56 - 65,NA,Heavy oil,13,Data missing or out of range,Most deprived 10%,Urban area
20181353R0620,2018,1353R0620,1,Car,No tow/articulation,Going ahead other,West,East,On main c'way - not in restricted lane,Not at or within 20 metres of junction,None,None,Did not leave carriageway,None,Front,No,Not known,Not known,Data missing or out of range,Data missing or out of range,Data missing or out of range,Undefined,-1,Data missing or out of range,Data missing or out of range,Data missing or out of range
20181353R0670,2018,1353R0670,1,Car,No tow/articulation,Going ahead other,South East,North West,On main c'way - not in restricted lane,Not at or within 20 metres of junction,Overturned,None,Did not leave carriageway,None,Nearside,No,Not known,Male,NA,66 - 75,NA,Petrol,5,Data missing or out of range,More deprived 10-20%,Urban area
20181353R1371,2018,1353R1371,1,Bus or coach (17 or more pass seats),No tow/articulation,Going ahead other,North West,South East,On main c'way - not in restricted lane,Approaching junction or waiting/parked at junction approach,None,None,Did not leave carriageway,None,Front,No,Journey as part of work,Male,NA,46 - 55,NA,Heavy oil,10,Data missing or out of range,Data missing or out of range,Data missing or out of range
20181353R1371,2018,1353R1371,2,Car,No tow/articulation,Turning left,East,South East,On main c'way - not in restricted lane,Entering main road,None,None,Did not leave carriageway,None,Offside,No,Not known,Not known,Data missing or out of range,Data missing or out of range,Data missing or out of range,Undefined,-1,Data missing or out of range,Data missing or out of range,Data missing or out of range
20181353S0763,2018,1353S0763,1,Van / Goods 3.5 tonnes mgw or under,No tow/articulation,Going ahead other,North,South East,On main c'way - not in restricted lane,Mid Junction - on roundabout or on main road,None,None,Did not leave carriageway,None,Nearside,No,Journey as part of work,Male,NA,46 - 55,NA,Heavy oil,13,Data missing or out of range,Most deprived 10%,Urban area
20181353S0763,2018,1353S0763,2,Car,No tow/articulation,Going ahead other,East,West,On main c'way - not in restricted lane,Mid Junction - on roundabout or on main road,None,None,Did not leave carriageway,None,Front,No,Journey as part of work,Male,NA,36 - 45,NA,Heavy oil,9,Data missing or out of range,Most deprived 10%,Urban area
20181353S1029,2018,1353S1029,1,Car,No tow/articulation,Slowing or stopping,South East,North,On main c'way - not in restricted lane,Not at or within 20 metres of junction,None,None,Did not leave carriageway,Wall or fence,Back,No,Not known,Female,NA,66 - 75,NA,Petrol,6,Data missing or out of range,Less deprived 20-30%,Urban area
20181353S1029,2018,1353S1029,2,Car,No tow/articulation,Slowing or stopping,South East,North,On main c'way - not in restricted lane,Not at or within 20 metres of junction,None,None,Did not leave carriageway,None,Front,No,Not known,Male,NA,56 - 65,Data missing or out of range,Undefined,-1,Data missing or out of range,More deprived 20-30%,Urban area
20181353S1215,2018,1353S1215,1,Car,No tow/articulation,Going ahead other,East,West,On main c'way - not in restricted lane,Mid Junction - on roundabout or on main road,None,None,Did not leave carriageway,None,Offside,No,Not known,Male,NA,26 - 35,NA,Petrol,13,Data missing or out of range,More deprived 10-20%,Urban area
20181353S1215,2018,1353S1215,2,Pedal cycle,No tow/articulation,Going ahead other,South East,North,On main c'way - not in restricted lane,Mid Junction - on roundabout or on main road,None,None,Did not leave carriageway,None,Front,No,Not known,Male,NA,21 - 25,Data missing or out of range,Undefined,-1,Data missing or out of range,Less deprived 40-50%,Urban area
20181353S1651,2018,1353S1651,1,Car,No tow/articulation,Going ahead other,West,South East,On main c'way - not in restricted lane,Mid Junction - on roundabout or on main road,None,None,Did not leave carriageway,None,Nearside,No,Not known,Female,NA,36 - 45,NA,Petrol,6,Data missing or out of range,Less deprived 40-50%,Urban area
20181353S1651,2018,1353S1651,2,Car,No tow/articulation,Going ahead other,East,West,On main c'way - not in restricted lane,Mid Junction - on roundabout or on main road,None,None,Did not leave carriageway,None,Front,No,Not known,Female,NA,56 - 65,NA,Petrol,3,Data missing or out of range,Most deprived 10%,Urban area
20181353S1737,2018,1353S1737,1,Car,No tow/articulation,Going ahead other,South West,North East,On main c'way - not in restricted lane,Not at or within 20 metres of junction,None,Parked vehicle,Did not leave carriageway,None,Front,No,Commuting to/from work,Female,NA,36 - 45,NA,Heavy oil,2,Data missing or out of range,More deprived 20-30%,Urban area
20181353S1737,2018,1353S1737,2,Car,No tow/articulation,Parked,Parked,Parked,On main c'way - not in restricted lane,Not at or within 20 metres of junction,None,None,Did not leave carriageway,None,Back,No,Not known,Male,NA,26 - 35,NA,Heavy oil,9,Data missing or out of range,Data missing or out of range,Data missing or out of range
20181353S1737,2018,1353S1737,3,Car,No tow/articulation,Parked,Parked,Parked,On main c'way - not in restricted lane,Not at or within 20 metres of junction,None,None,Did not leave carriageway,None,Back,No,Not known,Male,NA,26 - 35,NA,Heavy oil,5,Data missing or out of range,Data missing or out of range,Data missing or out of range
20181353T0361,2018,1353T0361,1,Car,No tow/articulation,Slowing or stopping,East,West,On main c'way - not in restricted lane,Not at or within 20 metres of junction,None,None,Did not leave carriageway,None,Back,No,Not known,Female,NA,46 - 55,NA,Heavy oil,12,Data missing or out of range,More deprived 40-50%,Urban area
20181353T0361,2018,1353T0361,2,Car,No tow/articulation,Slowing or stopping,East,West,On main c'way - not in restricted lane,Not at or within 20 metres of junction,None,None,Did not leave carriageway,None,Front,No,Not known,Female,NA,36 - 45,NA,Petrol,4,Data missing or out of range,More deprived 10-20%,Urban area
20181353T0361,2018,1353T0361,3,Car,No tow/articulation,Slowing or stopping,East,West,On main c'way - not in restricted lane,Not at or within 20 metres of junction,None,None,Did not leave carriageway,None,Front,No,Not known,Female,NA,26 - 35,NA,Petrol,12,Data missing or out of range,Most deprived 10%,Urban area
20181353T1052,2018,1353T1052,1,Car,No tow/articulation,Going ahead other,West,East,On main c'way - not in restricted lane,Not at or within 20 metres of junction,None,None,Did not leave carriageway,None,Front,No,Not known,Male,NA,46 - 55,NA,Petrol,1,Data missing or out of range,More deprived 40-50%,Small town
20181353U0537,2018,1353U0537,1,Motorcycle over 500cc,No tow/articulation,Going ahead other,North West,South East,On main c'way - not in restricted lane,Mid Junction - on roundabout or on main road,None,None,Did not leave carriageway,None,Nearside,No,Not known,Male,NA,56 - 65,NA,Petrol,0,Data missing or out of range,Most deprived 10%,Urban area
20181353U0537,2018,1353U0537,2,Car,No tow/articulation,Going ahead other,North West,South East,On main c'way - not in restricted lane,Mid Junction - on roundabout or on main road,None,None,Did not leave carriageway,None,Offside,No,Not known,Female,NA,21 - 25,NA,Heavy oil,11,Data missing or out of range,Most deprived 10%,Urban area