accident_index,accident_year,accident_reference,vehicle_reference,vehicle_type,towing_and_articulation,vehicle_manoeuvre,vehicle_direction_from,vehicle_direction_to,vehicle_location_restricted_lane,junction_location,skidding_and_overturning,hit_object_in_carriageway,vehicle_leaving_carriageway,hit_object_off_carriageway,first_point_of_impact,vehicle_left_hand_drive,journey_purpose_of_driver,sex_of_driver,age_of_driver,age_band_of_driver,engine_capacity_cc,propulsion_code,age_of_vehicle,generic_make_model,driver_imd_decile,driver_home_area_type
20181353U1939,2018,1353U1939,1,Car,No tow/articulation,Turning left,North East,South East,On main c'way - not in restricted lane,Leaving main road,None,None,Did not leave carriageway,None,Front,No,Not known,Not known,Data missing or out of range,Data missing or out of range,NA,Petrol,11,Data missing or out of range,Data missing or out of range,Data missing or out of range
20181353U1939,2018,1353U1939,2,Car,No tow/articulation,Turning left,North East,South East,On main c'way - not in restricted lane,Leaving main road,None,None,Did not leave carriageway,None,Back,No,Not known,Female,NA,21 - 25,NA,Heavy oil,7,Data missing or out of range,More deprived 20-30%,Urban area
20181353V0771,2018,1353V0771,1,Car,No tow/articulation,Turning right,South East,East,On main c'way - not in restricted lane,Leaving main road,None,None,Did not leave carriageway,None,Front,No,Not known,Male,NA,36 - 45,NA,Heavy oil,2,Data missing or out of range,More deprived 20-30%,Urban area
2018135411071,2018,135411071,1,Motorcycle over 125cc and up to 500cc,No tow/articulation,Going ahead other,North East,South East,On main c'way - not in restricted lane,Not at or within 20 metres of junction,None,None,Did not leave carriageway,None,Offside,No,Not known,Male,NA,46 - 55,Data missing or out of range,Undefined,-1,Data missing or out of range,Most deprived 10%,Urban area
2018135411071,2018,135411071,2,Car,No tow/articulation,Going ahead other,North East,South East,On main c'way - not in restricted lane,Not at or within 20 metres of junction,None,None,Did not leave carriageway,None,Offside,No,Not known,Male,NA,21 - 25,NA,Heavy oil,11,Data missing or out of range,More deprived 30-40%,Urban area
2018135411680,2018,135411680,1,Car,No tow/articulation,Turning right,South East,North East,On main c'way - not in restricted lane,Approaching junction or waiting/parked at junction approach,None,None,Did not leave carriageway,None,Front,No,Not known,Female,NA,16 - 20,NA,Petrol,10,Data missing or out of range,More deprived 30-40%,Urban area
2018135411680,2018,135411680,2,Car,No tow/articulation,Going ahead other,North East,South West,On main c'way - not in restricted lane,Approaching junction or waiting/parked at junction approach,None,None,Did not leave carriageway,None,Front,No,Not known,Male,NA,21 - 25,NA,Heavy oil,16,Data missing or out of range,Most deprived 10%,Urban area
2018135411680,2018,135411680,3,Car,No tow/articulation,Parked,Parked,Parked,On main c'way - not in restricted lane,Approaching junction or waiting/parked at junction approach,None,None,Did not leave carriageway,None,Nearside,No,Not known,Male,Data missing or out of range,Data missing or out of range,NA,Heavy oil,2,Data missing or out of range,Data missing or out of range,Data missing or out of range
2018135420728,2018,135420728,1,Taxi/Private hire car,No tow/articulation,Turning right,North East,North West,On main c'way - not in restricted lane,Mid Junction - on roundabout or on main road,None,None,Did not leave carriageway,Road sign or traffic signal,Nearside,No,Not known,Male,NA,36 - 45,NA,Heavy oil,5,Data missing or out of range,More deprived 40-50%,Urban area
2018135420728,2018,135420728,2,Car,No tow/articulation,Going ahead other,South West,North East,On main c'way - not in restricted lane,Mid Junction - on roundabout or on main road,None,None,Did not leave carriageway,None,Front,No,Not known,Male,NA,26 - 35,NA,Heavy oil,3,Data missing or out of range,More deprived 10-20%,Urban area
2018135420883,2018,135420883,1,Car,No tow/articulation,Going ahead other,South East,North,On main c'way - not in restricted lane,Not at or within 20 metres of junction,Skidded,None,Did not leave carriageway,Central crash barrier,Front,No,Not known,Male,NA,26 - 35,NA,Heavy oil,10,Data missing or out of range,More deprived 20-30%,Urban area
2018135421041,2018,135421041,1,Car,No tow/articulation,Moving off,North,South East,On main c'way - not in restricted lane,Mid Junction - on roundabout or on main road,None,None,Did not leave carriageway,None,Front,No,Journey as part of work,Female,NA,56 - 65,NA,Petrol,11,Data missing or out of range,More deprived 20-30%,Urban area
2018135421041,2018,135421041,2,Taxi/Private hire car,No tow/articulation,Going ahead other,South West,North East,On main c'way - not in restricted lane,Mid Junction - on roundabout or on main road,None,None,Did not leave carriageway,None,Nearside,No,Journey as part of work,Male,NA,36 - 45,NA,Petrol,8,Data missing or out of range,Most deprived 10%,Urban area
2018135421563,2018,135421563,1,Car,No tow/articulation,Slowing or stopping,East,West,On main c'way - not in restricted lane,Not at or within 20 metres of junction,None,None,Did not leave carriageway,None,Front,No,Not known,Male,NA,36 - 45,NA,Hybrid electric,8,Data missing or out of range,Most deprived 10%,Urban area
2018135421564,2018,135421564,1,Car,No tow/articulation,Going ahead other,South East,North West,On main c'way - not in restricted lane,Not at or within 20 metres of junction,None,None,Nearside,Tree,Front,No,Not known,Female,NA,16 - 20,NA,Petrol,8,Data missing or out of range,Less deprived 30-40%,Small town
2018135421669,2018,135421669,1,Car,No tow/articulation,Moving off,East,West,On main c'way - not in restricted lane,Not at or within 20 metres of junction,None,None,Did not leave carriageway,None,Offside,No,Not known,Female,NA,36 - 45,NA,Heavy oil,14,Data missing or out of range,Most deprived 10%,Urban area
2018135421669,2018,135421669,2,Motorcycle 125cc and under,No tow/articulation,Going ahead other,East,West,On main c'way - not in restricted lane,Not at or within 20 metres of junction,None,None,Did not leave carriageway,None,Nearside,No,Not known,Male,NA,16 - 20,NA,Petrol,4,Data missing or out of range,Most deprived 10%,Urban area
2018135421778,2018,135421778,1,Car,No tow/articulation,Moving off,East,West,On main c'way - not in restricted lane,Mid Junction - on roundabout or on main road,None,None,Did not leave carriageway,None,Nearside,No,Not known,Male,NA,46 - 55,NA,Petrol,19,Data missing or out of range,Most deprived 10%,Urban area
2018135440350,2018,135440350,1,Car,No tow/articulation,Going ahead other,South West,North East,On main c'way - not in restricted lane,Not at or within 20 metres of junction,None,Kerb,Nearside,None,Front,No,Not known,Male,NA,36 - 45,NA,Heavy oil,7,Data missing or out of range,Data missing or out of range,Data missing or out of range
2018135440350,2018,135440350,2,Car,No tow/articulation,Moving off,South West,North East,On main c'way - not in restricted lane,Not at or within 20 metres of junction,None,None,Did not leave carriageway,None,Did not impact,No,Not known,Not known,Data missing or out of range,Data missing or out of range,Data missing or out of range,Undefined,-1,Data missing or out of range,Data missing or out of range,Data missing or out of range
2018135441166,2018,135441166,1,Car,No tow/articulation,Turning right,North East,North West,On main c'way - not in restricted lane,Mid Junction - on roundabout or on main road,None,None,Did not leave carriageway,None,Front,No,Not known,Male,NA,Over 75,NA,Petrol,1,Data missing or out of range,Less deprived 20-30%,Urban area
2018135441166,2018,135441166,2,Car,No tow/articulation,Going ahead other,South West,North East,On main c'way - not in restricted lane,Approaching junction or waiting/parked at junction approach,None,None,Did not leave carriageway,None,Front,No,Not known,Male,NA,21 - 25,NA,Heavy oil,5,Data missing or out of range,Less deprived 30-40%,Urban area
2018135441290,2018,135441290,1,Car,No tow/articulation,Going ahead other,East,West,On main c'way - not in restricted lane,Not at or within 20 metres of junction,None,None,Did not leave carriageway,None,Front,No,Not known,Female,Data missing or out of range,Data missing or out of range,Data missing or out of range,Undefined,-1,Data missing or out of range,Data missing or out of range,Data missing or out of range
2018135450366,2018,135450366,1,Car,No tow/articulation,Turning left,North East,South East,On main c'way - not in restricted lane,Not at or within 20 metres of junction,None,None,Did not leave carriageway,None,Back,No,Not known,Female,NA,26 - 35,NA,Heavy oil,3,Data missing or out of range,More deprived 20-30%,Urban area
2018135450366,2018,135450366,2,Car,No tow/articulation,Changing lane to left,North East,South West,On main c'way - not in restricted lane,Not at or within 20 metres of junction,None,None,Did not leave carriageway,None,Front,No,Not known,Male,NA,26 - 35,NA,Heavy oil,8,Data missing or out of range,Less deprived 10-20%,Urban area
2018135450566,2018,135450566,1,Taxi/Private hire car,No tow/articulation,Going ahead other,South East,North West,On main c'way - not in restricted lane,Mid Junction - on roundabout or on main road,None,None,Did not leave carriageway,None,Front,No,Journey as part of work,Male,NA,46 - 55,NA,Hybrid electric,8,Data missing or out of range,Most deprived 10%,Urban area
2018135450566,2018,135450566,2,Car,No tow/articulation,Turning right,North West,South West,On main c'way - not in restricted lane,Mid Junction - on roundabout or on main road,None,None,Did not leave carriageway,None,Front,No,Not known,Male,NA,Over 75,NA,Petrol,10,Data missing or out of range,More deprived 20-30%,Urban area
2018135451127,2018,135451127,1,Taxi/Private hire car,No tow/articulation,Going ahead other,North,South East,On main c'way - not in restricted lane,Not at or within 20 metres of junction,None,None,Did not leave carriageway,None,Nearside,No,Not known,Male,NA,56 - 65,NA,Heavy oil,8,Data missing or out of range,More deprived 10-20%,Urban area
2018135451184,2018,135451184,1,Van / Goods 3.5 tonnes mgw or under,No tow/articulation,Going ahead other,East,West,On main c'way - not in restricted lane,Approaching junction or waiting/parked at junction approach,None,None,Did not leave carriageway,None,Nearside,No,Not known,Male,NA,36 - 45,Data missing or out of range,Undefined,-1,Data missing or out of range,Data missing or out of range,Data missing or out of range
2018135451184,2018,135451184,2,Car,No tow/articulation,Turning right,South East,East,On main c'way - not in restricted lane,Entering main road,None,None,Did not leave carriageway,None,Offside,No,Not known,Female,NA,21 - 25,NA,Heavy oil,7,Data missing or out of range,Less deprived 40-50%,Urban area
2018135451287,2018,135451287,1,Car,No tow/articulation,Going ahead other,North West,South East,On main c'way - not in restricted lane,Not at or within 20 metres of junction,None,None,Did not leave carriageway,None,Nearside,No,Not known,Female,NA,21 - 25,NA,Heavy oil,6,Data missing or out of range,More deprived 20-30%,Urban area
2018135460377,2018,135460377,1,Car,No tow/articulation,Turning right,North East,North West,On main c'way - not in restricted lane,Mid Junction - on roundabout or on main road,None,None,Did not leave carriageway,None,Offside,No,Not known,Male,NA,36 - 45,NA,Heavy oil,9,Data missing or out of range,Most deprived 10%,Urban area
2018135460377,2018,135460377,2,Motorcycle over 500cc,No tow/articulation,Overtaking moving vehicle - offside,North East,South West,On main c'way - not in restricted lane,Mid Junction - on roundabout or on main road,Skidded and overturned,None,Did not leave carriageway,None,Front,No,Not known,Male,NA,36 - 45,NA,Petrol,3,Data missing or out of range,More deprived 40-50%,Urban area
2018135460410,2018,135460410,1,Goods over 3.5t. and under 7.5t,No tow/articulation,Going ahead other,North East,South West,On main c'way - not in restricted lane,Approaching junction or waiting/parked at junction approach,None,None,Did not leave carriageway,None,Front,No,Not known,Male,NA,26 - 35,NA,Heavy oil,11,Data missing or out of range,Less deprived 10-20%,Urban area
2018135460410,2018,135460410,2,Car,No tow/articulation,Going ahead other,North East,South West,On main c'way - not in restricted lane,Approaching junction or waiting/parked at junction approach,None,None,Nearside,Road sign or traffic signal,Back,No,Not known,Male,NA,56 - 65,NA,Petrol,1,Data missing or out of range,More deprived 40-50%,Urban area
2018135460675,2018,135460675,1,Goods 7.5 tonnes mgw and over,No tow/articulation,Going ahead other,East,West,On main c'way - not in restricted lane,Approaching junction or waiting/parked at junction approach,None,None,Did not leave carriageway,None,Nearside,No,Not known,Male,NA,66 - 75,NA,Heavy oil,13,Data missing or out of range,Less deprived 10-20%,Urban area
2018135460675,2018,135460675,2,Car,No tow/articulation,Going ahead other,East,West,On main c'way - not in restricted lane,Approaching junction or waiting/parked at junction approach,None,None,Nearside,Near/Offside crash barrier,Offside,No,Not known,Female,NA,36 - 45,NA,Heavy oil,7,Data missing or out of range,More deprived 40-50%,Urban area
2018135471246,2018,135471246,1,Motorcycle over 500cc,No tow/articulation,Overtaking moving vehicle - offside,North,East,On main c'way - not in restricted lane,Mid Junction - on roundabout or on main road,None,None,Did not leave carriageway,None,Front,No,Not known,Male,NA,26 - 35,NA,Petrol,2,Data missing or out of range,Most deprived 10%,Urban area
2018135471246,2018,135471246,2,Taxi/Private hire car,No tow/articulation,Turning right,North,North,On main c'way - not in restricted lane,Mid Junction - on roundabout or on main road,None,None,Did not leave carriageway,None,Offside,No,Not known,Male,NA,26 - 35,NA,Heavy oil,4,Data missing or out of range,More deprived 20-30%,Urban area
2018135471469,2018,135471469,1,Car,No tow/articulation,Going ahead other,West,East,On main c'way - not in restricted lane,Approaching junction or waiting/parked at junction approach,None,None,Did not leave carriageway,None,Front,No,Not known,Male,NA,36 - 45,Data missing or out of range,Undefined,-1,Data missing or out of range,Most deprived 10%,Urban area
2018135471469,2018,135471469,2,Car,No tow/articulation,Waiting to go - held up,West,East,On main c'way - not in restricted lane,Approaching junction or waiting/parked at junction approach,None,None,Did not leave carriageway,None,Back,No,Not known,Female,NA,26 - 35,NA,Heavy oil,7,Data missing or out of range,Less deprived 10-20%,Urban area
2018135471890,2018,135471890,1,Car,No tow/articulation,Turning right,South East,East,On main c'way - not in restricted lane,Entering main road,None,None,Did not leave carriageway,None,Offside,No,Not known,Female,NA,Over 75,NA,Petrol,20,Data missing or out of range,Data missing or out of range,Data missing or out of range
2018135471890,2018,135471890,2,Motorcycle 125cc and under,No tow/articulation,Going ahead other,East,West,On main c'way - not in restricted lane,Mid Junction - on roundabout or on main road,None,None,Did not leave carriageway,None,Front,No,Not known,Male,NA,21 - 25,NA,Petrol,2,Data missing or out of range,Data missing or out of range,Data missing or out of range
2018135480013,2018,135480013,1,Car,No tow/articulation,Turning left,North,East,On main c'way - not in restricted lane,Leaving main road,None,None,Did not leave carriageway,None,Offside,No,Not known,Not known,NA,26 - 35,Data missing or out of range,Undefined,-1,Data missing or out of range,Data missing or out of range,Data missing or out of range
2018135480946,2018,135480946,1,Car,No tow/articulation,Waiting to turn right,East,North,On main c'way - not in restricted lane,Approaching junction or waiting/parked at junction approach,None,None,Did not leave carriageway,None,Back,No,Not known,Male,NA,46 - 55,NA,Petrol,12,Data missing or out of range,Most deprived 10%,Urban area
2018135480946,2018,135480946,2,Car,No tow/articulation,Going ahead other,East,West,On main c'way - not in restricted lane,Approaching junction or waiting/parked at junction approach,None,None,Did not leave carriageway,None,Front,No,Not known,Female,NA,36 - 45,NA,Petrol,12,Data missing or out of range,More deprived 30-40%,Urban area
2018135481087,2018,135481087,1,Car,No tow/articulation,Going ahead other,South East,North,On main c'way - not in restricted lane,Not at or within 20 metres of junction,None,None,Did not leave carriageway,None,Back,No,Not known,Female,NA,46 - 55,NA,Heavy oil,6,Data missing or out of range,Less deprived 40-50%,Small town
2018135481087,2018,135481087,2,Van / Goods 3.5 tonnes mgw or under,No tow/articulation,Going ahead other,South East,North,On main c'way - not in restricted lane,Not at or within 20 metres of junction,None,None,Did not leave carriageway,None,Front,No,Not known,Not known,Data missing or out of range,Data missing or out of range,Data missing or out of range,Undefined,-1,Data missing or out of range,Data missing or out of range,Data missing or out of range
2018135490623,2018,135490623,1,Taxi/Private hire car,No tow/articulation,Going ahead other,North,South East,On main c'way - not in restricted lane,Mid Junction - on roundabout or on main road,None,None,Did not leave carriageway,None,Front,No,Journey as part of work,Male,NA,26 - 35,NA,Hybrid electric,10,Data missing or out of range,Most deprived 10%,Urban area
2018135490623,2018,135490623,2,Car,No tow/articulation,Going ahead other,East,West,On main c'way - not in restricted lane,Mid Junction - on roundabout or on main road,None,None,Did not leave carriageway,None,Offside,No,Not known,Female,NA,26 - 35,NA,Petrol,11,Data missing or out of range,Most deprived 10%,Urban area
2018135490940,2018,135490940,1,Car,No tow/articulation,Going ahead other,South West,North East,On main c'way - not in restricted lane,Not at or within 20 metres of junction,None,None,Did not leave carriageway,None,Front,No,Not known,Not known,Data missing or out of range,Data missing or out of range,Data missing or out of range,Undefined,-1,Data missing or out of range,Data missing or out of range,Data missing or out of range
2018135491072,2018,135491072,1,Car,No tow/articulation,Turning right,West,South East,On main c'way - not in restricted lane,Approaching junction or waiting/parked at junction approach,Skidded,None,Did not leave carriageway,None,Front,No,Not known,Female,NA,21 - 25,NA,Petrol,11,Data missing or out of range,More deprived 20-30%,Urban area
2018135491570,2018,135491570,1,Car,No tow/articulation,Turning right,North West,South East,On main c'way - not in restricted lane,Entering main road,None,None,Did not leave carriageway,None,Front,No,Commuting to/from work,Female,NA,21 - 25,NA,Heavy oil,4,Data missing or out of range,More deprived 20-30%,Urban area
2018135491570,2018,135491570,2,Bus or coach (17 or more pass seats),No tow/articulation,Going ahead other,East,North West,On main c'way - not in restricted lane,Approaching junction or waiting/parked at junction approach,None,None,Did not leave carriageway,None,Front,No,Journey as part of work,Male,NA,26 - 35,NA,Heavy oil,16,Data missing or out of range,Most deprived 10%,Urban area
2018135491592,2018,135491592,1,Car,No tow/articulation,Turning right,South East,East,On main c'way - not in restricted lane,Entering main road,None,None,Did not leave carriageway,None,Offside,No,Not known,Female,NA,21 - 25,NA,Petrol,0,Data missing or out of range,Data missing or out of range,Data missing or out of range
2018135491592,2018,135491592,2,Car,No tow/articulation,Going ahead other,East,West,On main c'way - not in restricted lane,Approaching junction or waiting/parked at junction approach,None,None,Did not leave carriageway,None,Front,No,Not known,Female,NA,36 - 45,NA,Petrol,4,Data missing or out of range,More deprived 40-50%,Urban area
2018135491885,2018,135491885,1,Car,No tow/articulation,Turning right,South East,East,On main c'way - not in restricted lane,Mid Junction - on roundabout or on main road,None,None,Did not leave carriageway,None,Front,No,Not known,Male,NA,46 - 55,NA,Heavy oil,5,Data missing or out of range,Less deprived 30-40%,Rural
2018135491885,2018,135491885,2,Car,No tow/articulation,Going ahead other,North,South East,On main c'way - not in restricted lane,Mid Junction - on roundabout or on main road,None,None,Did not leave carriageway,None,Front,No,Not known,Male,NA,36 - 45,NA,Petrol,13,Data missing or out of range,Less deprived 20-30%,Urban area
2018135492201,2018,135492201,1,Car,No tow/articulation,Going ahead other,North,South East,On main c'way - not in restricted lane,Approaching junction or waiting/parked at junction approach,None,None,Did not leave carriageway,None,Front,No,Not known,Not known,Data missing or out of range,Data missing or out of range,Data missing or out of range,Undefined,-1,Data missing or out of range,Data missing or out of range,Data missing or out of range
2018135492201,2018,135492201,2,Car,No tow/articulation,Waiting to turn right,North,West,On main c'way - not in restricted lane,Approaching junction or waiting/parked at junction approach,None,None,Did not leave carriageway,None,Back,No,Not known,Female,NA,36 - 45,NA,Heavy oil,10,Data missing or out of range,More deprived 20-30%,Urban area
20181354A1031,2018,1354A1031,1,Car,No tow/articulation,Going ahead other,North East,South West,On main c'way - not in restricted lane,Not at or within 20 metres of junction,None,None,Did not leave carriageway,None,Front,No,Not known,Female,NA,26 - 35,NA,Petrol,10,Data missing or out of range,More deprived 10-20%,Urban area
20181354A1031,2018,1354A1031,2,Car,No tow/articulation,Going ahead other,North East,South West,On main c'way - not in restricted lane,Not at or within 20 metres of junction,None,None,Did not leave carriageway,None,Back,No,Not known,Male,NA,16 - 20,NA,Heavy oil,2,Data missing or out of range,Most deprived 10%,Urban area
20181354C0071,2018,1354C0071,1,Car,No tow/articulation,Going ahead other,North West,South East,On main c'way - not in restricted lane,Approaching junction or waiting/parked at junction approach,Overturned,None,Nearside and rebounded,Near/Offside crash barrier,Front,No,Not known,Male,NA,21 - 25,NA,Heavy oil,16,Data missing or out of range,Most deprived 10%,Urban area
20181354D1968,2018,1354D1968,1,Car,No tow/articulation,Moving off,North,South East,On main c'way - not in restricted lane,Entering main road,None,None,Did not leave carriageway,None,Offside,No,Not known,Female,NA,21 - 25,NA,Petrol,6,Data missing or out of range,More deprived 40-50%,Urban area
20181354D1968,2018,1354D1968,2,Car,No tow/articulation,Going ahead other,West,East,On main c'way - not in restricted lane,Mid Junction - on roundabout or on main road,None,None,Did not leave carriageway,None,Front,No,Not known,Male,NA,21 - 25,NA,Petrol,10,Data missing or out of range,Most deprived 10%,Urban area
20181354E0634,2018,1354E0634,1,Car,No tow/articulation,Turning left,South West,West,On main c'way - not in restricted lane,Leaving main road,None,Bollard or refuge,Offside,Wall or fence,Offside,No,Not known,Male,NA,16 - 20,NA,Heavy oil,10,Data missing or out of range,Less deprived 40-50%,Urban area
20181354E1366,2018,1354E1366,1,Car,No tow/articulation,Going ahead other,South East,North,On main c'way - not in restricted lane,Not at or within 20 metres of junction,None,None,Did not leave carriageway,None,Front,No,Not known,Male,NA,26 - 35,NA,Heavy oil,11,Data missing or out of range,Most deprived 10%,Urban area
20181354E1741,2018,1354E1741,1,Car,No tow/articulation,Going ahead other,West,East,On main c'way - not in restricted lane,Not at or within 20 metres of junction,Skidded,None,Did not leave carriageway,None,Offside,No,Not known,Male,NA,21 - 25,NA,Heavy oil,2,Data missing or out of range,Data missing or out of range,Data missing or out of range
20181354E1741,2018,1354E1741,2,Car,No tow/articulation,Going ahead other,West,North,On main c'way - not in restricted lane,Not at or within 20 metres of junction,Skidded,None,Did not leave carriageway,None,Nearside,No,Journey as part of work,Male,NA,36 - 45,NA,Heavy oil,5,Data missing or out of range,Data missing or out of range,Data missing or out of range
20181354F0461,2018,1354F0461,1,Car,No tow/articulation,Going ahead other,North,South East,On main c'way - not in restricted lane,Leaving roundabout,None,None,Did not leave carriageway,None,Offside,No,Not known,Female,NA,26 - 35,NA,Petrol,8,Data missing or out of range,More deprived 20-30%,Urban area
20181354F0461,2018,1354F0461,2,Car,No tow/articulation,Going ahead other,North,South East,On main c'way - not in restricted lane,Leaving roundabout,None,None,Did not leave carriageway,None,Nearside,No,Not known,Female,NA,46 - 55,NA,Petrol,8,Data missing or out of range,More deprived 20-30%,Urban area
20181354F1506,2018,1354F1506,1,Car,No tow/articulation,Turning left,North West,North East,On main c'way - not in restricted lane,Entering main road,None,None,Did not leave carriageway,None,Front,No,Not known,Not known,Data missing or out of range,Data missing or out of range,Data missing or out of range,Undefined,-1,Data missing or out of range,Data missing or out of range,Data missing or out of range
20181354F1506,2018,1354F1506,2,Car,No tow/articulation,Going ahead other,South West,North East,On main c'way - not in restricted lane,Approaching junction or waiting/parked at junction approach,None,None,Did not leave carriageway,None,Offside,No,Not known,Female,NA,46 - 55,NA,Petrol,9,Data missing or out of range,Most deprived 10%,Urban area
20181354G0751,2018,1354G0751,1,Car,No tow/articulation,Slowing or stopping,South West,North East,On main c'way - not in restricted lane,Mid Junction - on roundabout or on main road,None,None,Did not leave carriageway,None,Back,No,Not known,Female,NA,26 - 35,Data missing or out of range,Undefined,-1,Data missing or out of range,Less deprived 40-50%,Urban area
20181354G0751,2018,1354G0751,2,Car,No tow/articulation,Slowing or stopping,South West,North East,On main c'way - not in restricted lane,Approaching junction or waiting/parked at junction approach,None,None,Did not leave carriageway,None,Back,No,Not known,Male,NA,26 - 35,NA,Petrol,11,Data missing or out of range,More deprived 10-20%,Urban area
20181354G0751,2018,1354G0751,3,Car,No tow/articulation,Going ahead other,South West,North East,On main c'way - not in restricted lane,Approaching junction or waiting/parked at junction approach,None,None,Did not leave carriageway,None,Front,No,Not known,Male,NA,36 - 45,NA,Heavy oil,5,Data missing or out of range,Most deprived 10%,Urban area
20181354H1430,2018,1354H1430,1,Car,No tow/articulation,U-turn,North,North,On main c'way - not in restricted lane,Not at or within 20 metres of junction,None,None,Did not leave carriageway,None,Offside,No,Not known,Not known,Data missing or out of range,Data missing or out of range,Data missing or out of range,Undefined,-1,Data missing or out of range,Data missing or out of range,Data missing or out of range
20181354H1430,2018,1354H1430,2,Motorcycle 125cc and under,No tow/articulation,Going ahead other,North,South East,On main c'way - not in restricted lane,Not at or within 20 metres of junction,None,None,Did not leave carriageway,None,Front,No,Not known,Male,NA,21 - 25,NA,Petrol,4,Data missing or out of range,More deprived 20-30%,Urban area
20181354I0847,2018,1354I0847,1,Car,No tow/articulation,Slowing or stopping,East,West,On main c'way - not in restricted lane,Not at or within 20 metres of junction,None,None,Did not leave carriageway,None,Front,No,Not known,Not known,Data missing or out of range,Data missing or out of range,Data missing or out of range,Undefined,-1,Data missing or out of range,Data missing or out of range,Data missing or out of range
20181354I1089,2018,1354I1089,1,Car,No tow/articulation,Going ahead other,North,South East,On main c'way - not in restricted lane,Not at or within 20 metres of junction,None,None,Did not leave carriageway,None,Front,No,Not known,Female,NA,21 - 25,NA,Petrol,3,Data missing or out of range,Less deprived 20-30%,Urban area
20181354I1089,2018,1354I1089,2,Car,No tow/articulation,Going ahead other,North,South East,On main c'way - not in restricted lane,Not at or within 20 metres of junction,None,None,Did not leave carriageway,None,Back,No,Not known,Female,NA,36 - 45,NA,Heavy oil,4,Data missing or out of range,Most deprived 10%,Urban area
20181354I1175,2018,1354I1175,1,Car,No tow/articulation,Going ahead other,North,North,On main c'way - not in restricted lane,Not at or within 20 metres of junction,None,None,Did not leave carriageway,None,Nearside,No,Not known,Not known,Data missing or out of range,Data missing or out of range,Data missing or out of range,Undefined,-1,Data missing or out of range,Data missing or out of range,Data missing or out of range
20181354I1214,2018,1354I1214,1,Car,No tow/articulation,Going ahead other,North,South East,On main c'way - not in restricted lane,Not at or within 20 metres of junction,None,None,Did not leave carriageway,None,Back,No,Not known,Male,NA,26 - 35,NA,Heavy oil,9,Data missing or out of range,Most deprived 10%,Urban area
20181354I1214,2018,1354I1214,2,Van / Goods 3.5 tonnes mgw or under,No tow/articulation,Going ahead other,North,South East,On main c'way - not in restricted lane,Not at or within 20 metres of junction,None,None,Did not leave carriageway,None,Front,No,Journey as part of work,Male,NA,46 - 55,NA,Heavy oil,1,Data missing or out of range,More deprived 40-50%,Urban area
20181354J0423,2018,1354J0423,1,Car,No tow/articulation,Reversing,South East,North,On main c'way - not in restricted lane,Not at or within 20 metres of junction,None,None,Did not leave carriageway,None,Back,No,Not known,Female,NA,36 - 45,Data missing or out of range,Undefined,-1,Data missing or out of range,More deprived 30-40%,Urban area
20181354J0580,2018,1354J0580,1,Car,No tow/articulation,Going ahead other,North,South East,On main c'way - not in restricted lane,Not at or within 20 metres of junction,None,None,Did not leave carriageway,None,Front,No,Not known,Male,NA,Over 75,NA,Petrol,11,Data missing or out of range,More deprived 40-50%,Urban area
20181354J0580,2018,1354J0580,2,Car,No tow/articulation,Parked,North,North,On main c'way - not in restricted lane,Not at or within 20 metres of junction,None,None,Did not leave carriageway,None,Offside,No,Not known,Not known,Data missing or out of range,Data missing or out of range,NA,Petrol,4,Data missing or out of range,Data missing or out of range,Data missing or out of range
20181354J0580,2018,1354J0580,3,Car,No tow/articulation,Parked,North,North,On main c'way - not in restricted lane,Not at or within 20 metres of junction,None,None,Did not leave carriageway,None,Back,No,Not known,Not known,Data missing or out of range,Data missing or out of range,NA,Heavy oil,14,Data missing or out of range,Data missing or out of range,Data missing or out of range
20181354J0580,2018,1354J0580,4,Van / Goods 3.5 tonnes mgw or under,No tow/articulation,Parked,North,North,On main c'way - not in restricted lane,Not at or within 20 metres of junction,None,None,Did not leave carriageway,None,Back,No,Not known,Not known,Data missing or out of range,Data missing or out of range,Data missing or out of range,Undefined,-1,Data missing or out of range,Data missing or out of range,Data missing or out of range