accident_index,accident_year,accident_reference,vehicle_reference,vehicle_type,towing_and_articulation,vehicle_manoeuvre,vehicle_direction_from,vehicle_direction_to,vehicle_location_restricted_lane,junction_location,skidding_and_overturning,hit_object_in_carriageway,vehicle_leaving_carriageway,hit_object_off_carriageway,first_point_of_impact,vehicle_left_hand_drive,journey_purpose_of_driver,sex_of_driver,age_of_driver,age_band_of_driver,engine_capacity_cc,propulsion_code,age_of_vehicle,generic_make_model,driver_imd_decile,driver_home_area_type
20181354J0690,2018,1354J0690,1,Car,No tow/articulation,Going ahead other,North,South East,On main c'way - not in restricted lane,Mid Junction - on roundabout or on main road,None,None,Did not leave carriageway,None,Front,No,Not known,Male,Data missing or out of range,Data missing or out of range,NA,Petrol,11,Data missing or out of range,Data missing or out of range,Data missing or out of range
20181354J0690,2018,1354J0690,2,Car,No tow/articulation,Going ahead other,North,South East,On main c'way - not in restricted lane,Approaching junction or waiting/parked at junction approach,None,None,Did not leave carriageway,None,Did not impact,No,Journey as part of work,Male,NA,26 - 35,NA,Heavy oil,4,Data missing or out of range,Most deprived 10%,Urban area
20181354J0690,2018,1354J0690,3,Van / Goods 3.5 tonnes mgw or under,No tow/articulation,Going ahead other,North,South East,On main c'way - not in restricted lane,Approaching junction or waiting/parked at junction approach,None,None,Did not leave carriageway,None,Did not impact,No,Journey as part of work,Male,NA,21 - 25,NA,Heavy oil,5,Data missing or out of range,More deprived 10-20%,Urban area
20181354J0690,2018,1354J0690,4,Car,No tow/articulation,Going ahead other,North,South East,On main c'way - not in restricted lane,Mid Junction - on roundabout or on main road,None,None,Nearside,Other permanent object,Offside,No,Commuting to/from work,Female,NA,26 - 35,NA,Petrol,5,Data missing or out of range,More deprived 30-40%,Urban area
20181354J0942,2018,1354J0942,1,Car,No tow/articulation,Going ahead other,South West,North East,On main c'way - not in restricted lane,Approaching junction or waiting/parked at junction approach,None,None,Offside,Road sign or traffic signal,Front,No,Not known,Male,NA,66 - 75,NA,Petrol,8,Data missing or out of range,Most deprived 10%,Urban area
20181354J2094,2018,1354J2094,1,Car,No tow/articulation,Going ahead other,North,South East,On main c'way - not in restricted lane,Mid Junction - on roundabout or on main road,None,None,Nearside,None,Front,No,Not known,Male,NA,36 - 45,NA,Heavy oil,14,Data missing or out of range,More deprived 30-40%,Urban area
20181354J2094,2018,1354J2094,2,Car,No tow/articulation,Turning right,South East,West,On main c'way - not in restricted lane,Mid Junction - on roundabout or on main road,None,None,Offside and rebounded,Wall or fence,Offside,No,Not known,Male,NA,26 - 35,NA,Petrol,15,Data missing or out of range,Most deprived 10%,Urban area
20181354J2112,2018,1354J2112,1,Car,No tow/articulation,Going ahead other,West,East,On main c'way - not in restricted lane,Not at or within 20 metres of junction,None,None,Did not leave carriageway,None,Offside,No,Not known,Male,NA,46 - 55,NA,Petrol,11,Data missing or out of range,Less deprived 40-50%,Urban area
20181354J2112,2018,1354J2112,2,Car,No tow/articulation,Going ahead other,East,West,On main c'way - not in restricted lane,Not at or within 20 metres of junction,None,None,Did not leave carriageway,None,Offside,No,Not known,Male,NA,46 - 55,NA,Heavy oil,8,Data missing or out of range,Less deprived 40-50%,Urban area
20181354K0090,2018,1354K0090,1,Car,No tow/articulation,Reversing,South East,North,On main c'way - not in restricted lane,Not at or within 20 metres of junction,None,None,Did not leave carriageway,None,Back,No,Not known,Female,NA,36 - 45,NA,Heavy oil,12,Data missing or out of range,More deprived 20-30%,Urban area
20181354K0090,2018,1354K0090,2,Pedal cycle,No tow/articulation,Going ahead other,West,East,On main c'way - not in restricted lane,Not at or within 20 metres of junction,None,None,Did not leave carriageway,None,Nearside,No,Not known,Male,NA,6 - 10,Data missing or out of range,Undefined,-1,Data missing or out of range,Most deprived 10%,Urban area
20181354K0705,2018,1354K0705,1,Car,No tow/articulation,Turning right,North East,South West,On main c'way - not in restricted lane,Mid Junction - on roundabout or on main road,None,None,Did not leave carriageway,None,Back,No,Not known,Female,NA,26 - 35,NA,Petrol,5,Data missing or out of range,Least deprived 10%,Urban area
20181354K0705,2018,1354K0705,2,Car,No tow/articulation,Turning right,North East,South West,On main c'way - not in restricted lane,Mid Junction - on roundabout or on main road,None,None,Did not leave carriageway,None,Front,No,Not known,Female,NA,36 - 45,NA,Petrol,10,Data missing or out of range,Most deprived 10%,Urban area
20181354K1021,2018,1354K1021,1,Car,No tow/articulation,Going ahead other,North West,South East,On main c'way - not in restricted lane,Mid Junction - on roundabout or on main road,None,None,Did not leave carriageway,None,Front,No,Not known,Female,NA,26 - 35,NA,Petrol,2,Data missing or out of range,More deprived 40-50%,Urban area
20181354K1021,2018,1354K1021,2,Car,No tow/articulation,Moving off,North East,South West,On main c'way - not in restricted lane,Entering main road,None,None,Did not leave carriageway,None,Offside,No,Not known,Male,NA,66 - 75,NA,Petrol,13,Data missing or out of range,More deprived 40-50%,Urban area
20181354K1169,2018,1354K1169,1,Car,No tow/articulation,Going ahead other,North,South East,On main c'way - not in restricted lane,Not at or within 20 metres of junction,None,None,Did not leave carriageway,None,Offside,No,Not known,Female,NA,36 - 45,NA,Heavy oil,6,Data missing or out of range,More deprived 10-20%,Urban area
20181354K1289,2018,1354K1289,1,Other vehicle,No tow/articulation,Going ahead other,North,South East,On main c'way - not in restricted lane,Approaching junction or waiting/parked at junction approach,Overturned,None,Did not leave carriageway,None,Front,No,Not known,Male,NA,16 - 20,Data missing or out of range,Undefined,-1,Data missing or out of range,More deprived 30-40%,Urban area
20181354K1289,2018,1354K1289,2,Taxi/Private hire car,No tow/articulation,U-turn,North,West,On main c'way - not in restricted lane,Approaching junction or waiting/parked at junction approach,None,None,Did not leave carriageway,None,Offside,No,Journey as part of work,Male,NA,46 - 55,NA,Heavy oil,2,Data missing or out of range,Most deprived 10%,Urban area
20181354K1560,2018,1354K1560,1,Car,No tow/articulation,Going ahead other,South East,North,On main c'way - not in restricted lane,Not at or within 20 metres of junction,None,None,Did not leave carriageway,None,Nearside,No,Not known,Female,NA,26 - 35,NA,Petrol,12,Data missing or out of range,More deprived 10-20%,Urban area
20181354K1633,2018,1354K1633,1,Car,No tow/articulation,Going ahead other,West,East,On main c'way - not in restricted lane,Mid Junction - on roundabout or on main road,None,None,Offside on to central reservation,Road sign or traffic signal,Front,No,Not known,Male,NA,21 - 25,NA,Heavy oil,6,Data missing or out of range,Most deprived 10%,Urban area
20181354K1633,2018,1354K1633,2,Car,No tow/articulation,Going ahead other,South East,North,On main c'way - not in restricted lane,Mid Junction - on roundabout or on main road,None,None,Did not leave carriageway,None,Nearside,No,Not known,Female,NA,26 - 35,NA,Heavy oil,1,Data missing or out of range,Most deprived 10%,Urban area
20181354L1597,2018,1354L1597,1,Car,No tow/articulation,Going ahead other,West,East,On main c'way - not in restricted lane,Mid Junction - on roundabout or on main road,None,None,Did not leave carriageway,None,Front,No,Not known,Male,NA,56 - 65,NA,Petrol,5,Data missing or out of range,Most deprived 10%,Urban area
20181354L1597,2018,1354L1597,2,Car,No tow/articulation,Turning right,East,West,On main c'way - not in restricted lane,Approaching junction or waiting/parked at junction approach,None,None,Did not leave carriageway,None,Front,No,Not known,Male,NA,16 - 20,NA,Petrol,5,Data missing or out of range,Less deprived 30-40%,Rural
20181354M0702,2018,1354M0702,1,Car,No tow/articulation,Turning right,North,West,On main c'way - not in restricted lane,Not at or within 20 metres of junction,None,None,Did not leave carriageway,None,Offside,No,Not known,Female,NA,Over 75,NA,Heavy oil,3,Data missing or out of range,More deprived 20-30%,Urban area
20181354M0702,2018,1354M0702,2,Other vehicle,No tow/articulation,Going ahead other,West,East,On main c'way - not in restricted lane,Not at or within 20 metres of junction,None,None,Did not leave carriageway,None,Front,No,Journey as part of work,Male,NA,21 - 25,Data missing or out of range,Undefined,-1,Data missing or out of range,Most deprived 10%,Urban area
20181354M1768,2018,1354M1768,1,Car,No tow/articulation,Going ahead other,North West,South West,On main c'way - not in restricted lane,Entering roundabout,None,None,Did not leave carriageway,None,Did not impact,No,Not known,Not known,Data missing or out of range,Data missing or out of range,Data missing or out of range,Undefined,-1,Data missing or out of range,Data missing or out of range,Data missing or out of range
20181354M1768,2018,1354M1768,2,Motorcycle 125cc and under,No tow/articulation,Going ahead other,North East,South West,On main c'way - not in restricted lane,Entering roundabout,Skidded and overturned,None,Did not leave carriageway,None,Did not impact,No,Not known,Male,NA,16 - 20,NA,Petrol,2,Data missing or out of range,Most deprived 10%,Urban area
20181354N0317,2018,1354N0317,1,Car,No tow/articulation,Going ahead other,South East,North West,On main c'way - not in restricted lane,Approaching junction or waiting/parked at junction approach,None,None,Did not leave carriageway,None,Front,No,Taking pupil to/from school,Male,NA,46 - 55,NA,Petrol,8,Data missing or out of range,More deprived 40-50%,Urban area
20181354N0317,2018,1354N0317,2,Car,No tow/articulation,Waiting to turn right,North West,South West,On main c'way - not in restricted lane,Approaching junction or waiting/parked at junction approach,None,None,Did not leave carriageway,None,Front,No,Taking pupil to/from school,Male,NA,46 - 55,NA,Petrol,5,Data missing or out of range,Less deprived 20-30%,Urban area
20181354N2187,2018,1354N2187,1,Car,No tow/articulation,Going ahead right-hand bend,South East,North East,On main c'way - not in restricted lane,Mid Junction - on roundabout or on main road,Overturned,None,Did not leave carriageway,None,Nearside,No,Not known,Female,NA,16 - 20,NA,Petrol,9,Data missing or out of range,More deprived 10-20%,Urban area
20181354O0366,2018,1354O0366,1,Motorcycle 125cc and under,No tow/articulation,Overtaking moving vehicle - offside,North East,South West,On main c'way - not in restricted lane,Mid Junction - on roundabout or on main road,Overturned,None,Did not leave carriageway,None,Nearside,No,Not known,Male,NA,21 - 25,NA,Petrol,3,Data missing or out of range,Data missing or out of range,Data missing or out of range
20181354O0366,2018,1354O0366,2,Car,No tow/articulation,Turning right,North East,North West,On main c'way - not in restricted lane,Mid Junction - on roundabout or on main road,None,None,Did not leave carriageway,None,Offside,No,Not known,Male,NA,56 - 65,NA,Heavy oil,6,Data missing or out of range,Data missing or out of range,Data missing or out of range
20181354P1099,2018,1354P1099,1,Car,No tow/articulation,Going ahead other,North,South East,On main c'way - not in restricted lane,Not at or within 20 metres of junction,None,None,Did not leave carriageway,None,Front,No,Not known,Male,NA,21 - 25,NA,Petrol,6,Data missing or out of range,Most deprived 10%,Urban area
20181354Q0938,2018,1354Q0938,1,Car,No tow/articulation,Going ahead other,North,South East,On main c'way - not in restricted lane,Approaching junction or waiting/parked at junction approach,None,None,Did not leave carriageway,None,Front,No,Not known,Not known,Data missing or out of range,Data missing or out of range,Data missing or out of range,Undefined,-1,Data missing or out of range,Data missing or out of range,Data missing or out of range
20181354Q0938,2018,1354Q0938,2,Car,No tow/articulation,Turning right,West,South East,On main c'way - not in restricted lane,Approaching junction or waiting/parked at junction approach,None,None,Did not leave carriageway,None,Front,No,Not known,Not known,Data missing or out of range,Data missing or out of range,Data missing or out of range,Undefined,-1,Data missing or out of range,Data missing or out of range,Data missing or out of range
20181354Q1332,2018,1354Q1332,1,Car,No tow/articulation,U-turn,South East,North West,On main c'way - not in restricted lane,Not at or within 20 metres of junction,None,None,Nearside,Wall or fence,Front,No,Not known,Male,NA,26 - 35,NA,Heavy oil,7,Data missing or out of range,More deprived 10-20%,Urban area
20181354Q1332,2018,1354Q1332,2,Car,No tow/articulation,Going ahead other,North West,North West,On main c'way - not in restricted lane,Not at or within 20 metres of junction,None,None,Did not leave carriageway,None,Back,No,Not known,Male,NA,36 - 45,NA,Heavy oil,8,Data missing or out of range,More deprived 40-50%,Urban area
20181354R1102,2018,1354R1102,1,Car,No tow/articulation,Waiting to turn left,North West,North East,On main c'way - not in restricted lane,Entering main road,None,None,Did not leave carriageway,None,Front,No,Not known,Male,NA,16 - 20,NA,Heavy oil,1,Data missing or out of range,Data missing or out of range,Data missing or out of range
20181354S1365,2018,1354S1365,1,Car,No tow/articulation,Waiting to go - held up,East,West,On main c'way - not in restricted lane,Not at or within 20 metres of junction,None,None,Did not leave carriageway,None,Back,No,Not known,Female,NA,36 - 45,NA,Petrol,14,Data missing or out of range,Most deprived 10%,Urban area
20181354S1365,2018,1354S1365,2,Van / Goods 3.5 tonnes mgw or under,No tow/articulation,Going ahead other,East,West,On main c'way - not in restricted lane,Not at or within 20 metres of junction,None,None,Did not leave carriageway,None,Front,No,Not known,Male,NA,46 - 55,NA,Heavy oil,11,Data missing or out of range,More deprived 40-50%,Urban area
20181354T1516,2018,1354T1516,1,Car,No tow/articulation,Turning right,North West,South West,On main c'way - not in restricted lane,Mid Junction - on roundabout or on main road,None,None,Did not leave carriageway,None,Offside,No,Not known,Male,NA,66 - 75,NA,Petrol,4,Data missing or out of range,More deprived 40-50%,Urban area
20181354T1516,2018,1354T1516,2,Car,No tow/articulation,Going ahead other,South East,North West,On main c'way - not in restricted lane,Mid Junction - on roundabout or on main road,None,None,Did not leave carriageway,None,Offside,No,Not known,Female,NA,21 - 25,NA,Petrol,13,Data missing or out of range,Most deprived 10%,Urban area
20181354T1797,2018,1354T1797,1,Van / Goods 3.5 tonnes mgw or under,No tow/articulation,Going ahead other,South East,North West,On main c'way - not in restricted lane,Not at or within 20 metres of junction,None,None,Did not leave carriageway,None,Did not impact,No,Not known,Not known,Data missing or out of range,Data missing or out of range,Data missing or out of range,Undefined,-1,Data missing or out of range,Data missing or out of range,Data missing or out of range
20181354T1797,2018,1354T1797,2,Car,No tow/articulation,Going ahead other,South East,North West,On main c'way - not in restricted lane,Not at or within 20 metres of junction,None,None,Did not leave carriageway,None,Nearside,No,Not known,Not known,Data missing or out of range,Data missing or out of range,Data missing or out of range,Undefined,-1,Data missing or out of range,Data missing or out of range,Data missing or out of range
20181354T1797,2018,1354T1797,3,Car,No tow/articulation,Going ahead other,South East,North West,On main c'way - not in restricted lane,Not at or within 20 metres of junction,Skidded,None,Nearside,Tree,Offside,No,Not known,Female,NA,36 - 45,NA,Petrol,4,Data missing or out of range,Less deprived 40-50%,Urban area
20181354T2060,2018,1354T2060,1,Car,No tow/articulation,Going ahead other,South West,North East,On main c'way - not in restricted lane,Not at or within 20 metres of junction,None,None,Offside,Wall or fence,Front,No,Not known,Male,NA,36 - 45,NA,Heavy oil,11,Data missing or out of range,More deprived 30-40%,Urban area
20181354U1110,2018,1354U1110,1,Car,No tow/articulation,U-turn,South East,North,On main c'way - not in restricted lane,Not at or within 20 metres of junction,None,None,Did not leave carriageway,None,Nearside,No,Not known,Female,NA,36 - 45,NA,Petrol,16,Data missing or out of range,More deprived 10-20%,Urban area
20181354U1110,2018,1354U1110,2,Car,No tow/articulation,Going ahead other,West,North East,On main c'way - not in restricted lane,Not at or within 20 metres of junction,None,None,Did not leave carriageway,None,Front,No,Not known,Female,NA,26 - 35,NA,Heavy oil,4,Data missing or out of range,More deprived 10-20%,Urban area
20181354U1594,2018,1354U1594,1,Car,No tow/articulation,Going ahead other,South East,North,On main c'way - not in restricted lane,Entering roundabout,Skidded,None,Did not leave carriageway,None,Front,No,Not known,Male,NA,21 - 25,NA,Petrol,2,Data missing or out of range,More deprived 40-50%,Urban area
20181354U1594,2018,1354U1594,2,Car,No tow/articulation,Going ahead other,East,West,On main c'way - not in restricted lane,Entering roundabout,Skidded,None,Did not leave carriageway,None,Nearside,No,Not known,Female,NA,36 - 45,NA,Petrol,16,Data missing or out of range,Most deprived 10%,Urban area
20181354U1611,2018,1354U1611,1,Van / Goods 3.5 tonnes mgw or under,No tow/articulation,Going ahead other,North East,South West,On main c'way - not in restricted lane,Not at or within 20 metres of junction,None,None,Did not leave carriageway,None,Nearside,No,Not known,Male,NA,36 - 45,NA,Heavy oil,14,Data missing or out of range,More deprived 40-50%,Urban area
2018135511040,2018,135511040,1,Car,No tow/articulation,Going ahead other,North,South East,On main c'way - not in restricted lane,Approaching junction or waiting/parked at junction approach,None,None,Did not leave carriageway,None,Front,No,Not known,Female,NA,36 - 45,NA,Heavy oil,10,Data missing or out of range,More deprived 20-30%,Urban area
2018135511040,2018,135511040,2,Car,No tow/articulation,Turning right,West,South East,On main c'way - not in restricted lane,Entering main road,None,None,Did not leave carriageway,None,Did not impact,No,Not known,Not known,Data missing or out of range,Data missing or out of range,Data missing or out of range,Undefined,-1,Data missing or out of range,Data missing or out of range,Data missing or out of range
2018135511040,2018,135511040,3,Pedal cycle,No tow/articulation,Going ahead other,South East,North,On main c'way - not in restricted lane,Approaching junction or waiting/parked at junction approach,None,None,Did not leave carriageway,None,Front,No,Not known,Male,NA,16 - 20,Data missing or out of range,Undefined,-1,Data missing or out of range,Most deprived 10%,Urban area
2018135511538,2018,135511538,1,Taxi/Private hire car,No tow/articulation,Turning right,North West,South East,On main c'way - not in restricted lane,Mid Junction - on roundabout or on main road,None,None,Did not leave carriageway,None,Front,No,Not known,Male,NA,36 - 45,NA,Hybrid electric,5,Data missing or out of range,More deprived 20-30%,Urban area
2018135511538,2018,135511538,2,Motorcycle 125cc and under,No tow/articulation,Going ahead other,South East,North,On main c'way - not in restricted lane,Mid Junction - on roundabout or on main road,Overturned,None,Nearside,None,Front,No,Not known,Male,NA,21 - 25,NA,Petrol,10,Data missing or out of range,More deprived 20-30%,Urban area
2018135520326,2018,135520326,1,Car,No tow/articulation,Going ahead other,North,South East,On main c'way - not in restricted lane,Not at or within 20 metres of junction,None,None,Nearside,Telegraph or electricity pole,Front,No,Not known,Male,NA,36 - 45,NA,Heavy oil,13,Data missing or out of range,More deprived 30-40%,Urban area
2018135520469,2018,135520469,1,Car,No tow/articulation,Overtaking moving vehicle - offside,North,South East,On main c'way - not in restricted lane,Mid Junction - on roundabout or on main road,None,None,Offside,Other permanent object,Back,No,Commuting to/from work,Female,NA,36 - 45,NA,Petrol,6,Data missing or out of range,Most deprived 10%,Urban area
2018135520469,2018,135520469,2,Van / Goods 3.5 tonnes mgw or under,No tow/articulation,Turning right,North,West,On main c'way - not in restricted lane,Mid Junction - on roundabout or on main road,None,None,Did not leave carriageway,None,Front,No,Commuting to/from work,Male,NA,16 - 20,NA,Heavy oil,4,Data missing or out of range,More deprived 40-50%,Urban area
2018135520469,2018,135520469,3,Car,No tow/articulation,Parked,Parked,Parked,Footway (pavement),Mid Junction - on roundabout or on main road,None,None,Did not leave carriageway,None,Nearside,No,Not known,Male,NA,46 - 55,NA,Petrol,3,Data missing or out of range,Data missing or out of range,Data missing or out of range
2018135521940,2018,135521940,1,Car,No tow/articulation,Turning left,South East,West,On main c'way - not in restricted lane,Leaving main road,None,None,Did not leave carriageway,None,Front,No,Not known,Male,NA,26 - 35,NA,Heavy oil,4,Data missing or out of range,More deprived 40-50%,Urban area
2018135521940,2018,135521940,2,Car,No tow/articulation,Slowing or stopping,West,East,On main c'way - not in restricted lane,Approaching junction or waiting/parked at junction approach,None,None,Did not leave carriageway,None,Offside,No,Not known,Female,NA,16 - 20,NA,Heavy oil,10,Data missing or out of range,Most deprived 10%,Urban area
2018135530827,2018,135530827,1,Car,No tow/articulation,Overtaking moving vehicle - offside,West,East,On main c'way - not in restricted lane,Not at or within 20 metres of junction,None,None,Did not leave carriageway,None,Front,No,Not known,Not known,Data missing or out of range,Data missing or out of range,Data missing or out of range,Undefined,-1,Data missing or out of range,Data missing or out of range,Data missing or out of range
2018135530827,2018,135530827,2,Car,No tow/articulation,Waiting to go - held up,West,East,On main c'way - not in restricted lane,Not at or within 20 metres of junction,None,None,Did not leave carriageway,None,Offside,No,Not known,Female,NA,66 - 75,NA,Petrol,13,Data missing or out of range,Data missing or out of range,Data missing or out of range
2018135531024,2018,135531024,1,Car,No tow/articulation,U-turn,South East,South East,On main c'way - not in restricted lane,Mid Junction - on roundabout or on main road,None,None,Did not leave carriageway,None,Offside,No,Not known,Female,NA,46 - 55,NA,Heavy oil,13,Data missing or out of range,Most deprived 10%,Urban area
2018135531024,2018,135531024,2,Motorcycle over 500cc,No tow/articulation,Going ahead other,South East,North,On main c'way - not in restricted lane,Mid Junction - on roundabout or on main road,Overturned,None,Did not leave carriageway,None,Front,No,Not known,Male,NA,26 - 35,NA,Petrol,17,Data missing or out of range,Most deprived 10%,Small town
2018135531176,2018,135531176,1,Car,No tow/articulation,Going ahead other,North West,East,On main c'way - not in restricted lane,Approaching junction or waiting/parked at junction approach,None,None,Did not leave carriageway,None,Nearside,No,Not known,Not known,Data missing or out of range,Data missing or out of range,Data missing or out of range,Undefined,-1,Data missing or out of range,Data missing or out of range,Data missing or out of range
2018135531176,2018,135531176,2,Car,No tow/articulation,Parked,Parked,Parked,On main c'way - not in restricted lane,Approaching junction or waiting/parked at junction approach,None,None,Did not leave carriageway,None,Nearside,No,Not known,Female,NA,36 - 45,NA,Heavy oil,14,Data missing or out of range,More deprived 30-40%,Urban area
2018135531236,2018,135531236,1,Taxi/Private hire car,No tow/articulation,Going ahead other,East,West,On main c'way - not in restricted lane,Not at or within 20 metres of junction,None,None,Did not leave carriageway,None,Nearside,No,Commuting to/from work,Male,NA,56 - 65,NA,Heavy oil,4,Data missing or out of range,More deprived 20-30%,Urban area
2018135531340,2018,135531340,1,Car,No tow/articulation,Going ahead other,North,South East,On main c'way - not in restricted lane,Not at or within 20 metres of junction,None,None,Did not leave carriageway,None,Offside,No,Not known,Male,NA,46 - 55,NA,Petrol,15,Data missing or out of range,Data missing or out of range,Data missing or out of range
2018135541514,2018,135541514,1,Car,No tow/articulation,Turning right,North East,North West,On main c'way - not in restricted lane,Leaving main road,None,None,Did not leave carriageway,None,Offside,No,Not known,Male,NA,26 - 35,NA,Heavy oil,8,Data missing or out of range,Less deprived 20-30%,Urban area
2018135541514,2018,135541514,2,Car,No tow/articulation,Going ahead other,South West,North East,On main c'way - not in restricted lane,Approaching junction or waiting/parked at junction approach,None,None,Did not leave carriageway,None,Offside,No,Not known,Male,NA,26 - 35,NA,Heavy oil,8,Data missing or out of range,More deprived 40-50%,Urban area
2018135541643,2018,135541643,1,Pedal cycle,No tow/articulation,Moving off,North West,South East,On main c'way - not in restricted lane,Not at or within 20 metres of junction,None,None,Did not leave carriageway,None,Front,No,Not known,Male,NA,36 - 45,Data missing or out of range,Undefined,-1,Data missing or out of range,Less deprived 20-30%,Urban area
2018135551204,2018,135551204,1,Car,No tow/articulation,Going ahead other,East,West,On main c'way - not in restricted lane,Approaching junction or waiting/parked at junction approach,None,None,Did not leave carriageway,None,Front,No,Not known,Female,NA,36 - 45,NA,Heavy oil,14,Data missing or out of range,More deprived 40-50%,Urban area
2018135551204,2018,135551204,2,Car,No tow/articulation,Going ahead other,East,West,On main c'way - not in restricted lane,Approaching junction or waiting/parked at junction approach,None,None,Did not leave carriageway,None,Back,No,Not known,Male,NA,46 - 55,Data missing or out of range,Undefined,-1,Data missing or out of range,Less deprived 40-50%,Urban area
2018135551204,2018,135551204,3,Car,No tow/articulation,Going ahead other,East,West,On main c'way - not in restricted lane,Approaching junction or waiting/parked at junction approach,None,None,Did not leave carriageway,None,Back,No,Not known,Male,NA,46 - 55,Data missing or out of range,Undefined,-1,Data missing or out of range,Less deprived 20-30%,Urban area
2018135551204,2018,135551204,4,Car,No tow/articulation,Going ahead other,East,West,On main c'way - not in restricted lane,Approaching junction or waiting/parked at junction approach,None,None,Did not leave carriageway,None,Back,No,Not known,Male,NA,46 - 55,NA,Petrol,2,Data missing or out of range,More deprived 20-30%,Urban area
2018135551522,2018,135551522,1,Car,No tow/articulation,Going ahead other,South East,North,On main c'way - not in restricted lane,Not at or within 20 metres of junction,Skidded,None,Did not leave carriageway,None,Front,No,Not known,Male,NA,66 - 75,NA,Petrol,11,Data missing or out of range,More deprived 20-30%,Urban area
2018135551522,2018,135551522,2,Car,No tow/articulation,Slowing or stopping,South East,North,On main c'way - not in restricted lane,Not at or within 20 metres of junction,None,None,Did not leave carriageway,None,Back,No,Not known,Female,NA,Over 75,NA,Petrol,19,Data missing or out of range,Most deprived 10%,Urban area
2018135551522,2018,135551522,3,Car,No tow/articulation,Slowing or stopping,South East,North,On main c'way - not in restricted lane,Not at or within 20 metres of junction,None,None,Did not leave carriageway,None,Back,No,Not known,Male,NA,21 - 25,NA,Heavy oil,14,Data missing or out of range,Less deprived 40-50%,Urban area
2018135552018,2018,135552018,1,Car,No tow/articulation,Turning right,North,West,On main c'way - not in restricted lane,Leaving roundabout,None,None,Did not leave carriageway,None,Did not impact,No,Not known,Male,Data missing or out of range,Data missing or out of range,NA,Petrol,12,Data missing or out of range,Data missing or out of range,Data missing or out of range
2018135552018,2018,135552018,2,Pedal cycle,No tow/articulation,Going ahead other,South East,North,On main c'way - not in restricted lane,Entering roundabout,Skidded,None,Did not leave carriageway,None,Did not impact,No,Not known,Male,NA,56 - 65,Data missing or out of range,Undefined,-1,Data missing or out of range,Most deprived 10%,Urban area
2018135552259,2018,135552259,1,Pedal cycle,No tow/articulation,Slowing or stopping,North West,South East,On main c'way - not in restricted lane,Not at or within 20 metres of junction,None,None,Did not leave carriageway,None,Offside,No,Not known,Male,NA,56 - 65,Data missing or out of range,Undefined,-1,Data missing or out of range,More deprived 40-50%,Urban area
2018135560543,2018,135560543,1,Car,No tow/articulation,Reversing,North,South East,On main c'way - not in restricted lane,Not at or within 20 metres of junction,None,None,Did not leave carriageway,None,Back,No,Not known,Male,NA,46 - 55,NA,Heavy oil,16,Data missing or out of range,More deprived 20-30%,Urban area
2018135560543,2018,135560543,2,Car,No tow/articulation,Parked,Parked,Parked,On main c'way - not in restricted lane,Not at or within 20 metres of junction,None,None,Did not leave carriageway,None,Front,No,Not known,Male,NA,36 - 45,NA,Heavy oil,14,Data missing or out of range,More deprived 30-40%,Urban area
2018135560548,2018,135560548,1,Car,No tow/articulation,Going ahead right-hand bend,North,South East,On main c'way - not in restricted lane,Not at or within 20 metres of junction,Overturned,None,Did not leave carriageway,None,Front,No,Journey as part of work,Female,NA,16 - 20,NA,Petrol,15,Data missing or out of range,More deprived 20-30%,Urban area
2018135560548,2018,135560548,2,Car,No tow/articulation,Parked,Parked,Parked,On main c'way - not in restricted lane,Not at or within 20 metres of junction,None,None,Did not leave carriageway,None,Front,No,Not known,Male,Data missing or out of range,Data missing or out of range,NA,Petrol,6,Data missing or out of range,More deprived 20-30%,Urban area
2018135560713,2018,135560713,1,Car,No tow/articulation,Turning left,North East,South East,On main c'way - not in restricted lane,Leaving main road,None,None,Did not leave carriageway,None,Did not impact,No,Not known,Male,NA,36 - 45,NA,Heavy oil,4,Data missing or out of range,More deprived 40-50%,Urban area
2018135560713,2018,135560713,2,Pedal cycle,No tow/articulation,Going ahead other,South West,North East,On main c'way - not in restricted lane,Approaching junction or waiting/parked at junction approach,None,None,Did not leave carriageway,None,Did not impact,No,Not known,Male,NA,46 - 55,Data missing or out of range,Undefined,-1,Data missing or out of range,Less deprived 10-20%,Urban area
2018135561138,2018,135561138,1,Car,No tow/articulation,Turning right,North,West,On main c'way - not in restricted lane,Entering main road,None,None,Did not leave carriageway,None,Offside,No,Not known,Male,NA,56 - 65,NA,Petrol,3,Data missing or out of range,More deprived 30-40%,Small town
2018135561138,2018,135561138,2,Motorcycle over 500cc,No tow/articulation,Going ahead other,East,West,On main c'way - not in restricted lane,Mid Junction - on roundabout or on main road,None,None,Did not leave carriageway,None,Front,No,Not known,Male,NA,56 - 65,NA,Petrol,4,Data missing or out of range,Most deprived 10%,Urban area