accident_index,accident_year,accident_reference,vehicle_reference,vehicle_type,towing_and_articulation,vehicle_manoeuvre,vehicle_direction_from,vehicle_direction_to,vehicle_location_restricted_lane,junction_location,skidding_and_overturning,hit_object_in_carriageway,vehicle_leaving_carriageway,hit_object_off_carriageway,first_point_of_impact,vehicle_left_hand_drive,journey_purpose_of_driver,sex_of_driver,age_of_driver,age_band_of_driver,engine_capacity_cc,propulsion_code,age_of_vehicle,generic_make_model,driver_imd_decile,driver_home_area_type
2018135561343,2018,135561343,1,Car,No tow/articulation,Going ahead other,North,South East,On main c'way - not in restricted lane,Not at or within 20 metres of junction,None,None,Did not leave carriageway,None,Front,No,Journey as part of work,Male,NA,26 - 35,NA,Petrol,17,Data missing or out of range,Most deprived 10%,Urban area
2018135561505,2018,135561505,1,Motorcycle over 125cc and up to 500cc,No tow/articulation,Going ahead other,South East,North,On main c'way - not in restricted lane,Leaving main road,None,None,Did not leave carriageway,None,Front,No,Not known,Male,NA,26 - 35,Data missing or out of range,Undefined,-1,Data missing or out of range,Most deprived 10%,Urban area
2018135561505,2018,135561505,2,Car,No tow/articulation,Turning right,West,East,On main c'way - not in restricted lane,Leaving main road,None,None,Did not leave carriageway,None,Back,No,Not known,Male,NA,26 - 35,NA,Petrol,15,Data missing or out of range,Most deprived 10%,Urban area
2018135561584,2018,135561584,1,Car,No tow/articulation,Turning right,West,South East,On main c'way - not in restricted lane,Approaching junction or waiting/parked at junction approach,None,None,Did not leave carriageway,None,Nearside,No,Not known,Male,NA,26 - 35,NA,Petrol,3,Data missing or out of range,More deprived 20-30%,Urban area
2018135561584,2018,135561584,2,Car,No tow/articulation,Going ahead other,East,West,On main c'way - not in restricted lane,Approaching junction or waiting/parked at junction approach,None,None,Did not leave carriageway,None,Front,No,Not known,Male,NA,36 - 45,NA,Heavy oil,13,Data missing or out of range,Most deprived 10%,Urban area
2018135561601,2018,135561601,1,Car,No tow/articulation,Going ahead other,West,East,On main c'way - not in restricted lane,Mid Junction - on roundabout or on main road,None,None,Did not leave carriageway,None,Nearside,No,Not known,Female,NA,26 - 35,NA,Petrol,8,Data missing or out of range,More deprived 40-50%,Urban area
2018135561601,2018,135561601,2,Pedal cycle,No tow/articulation,Going ahead other,North,South East,On main c'way - not in restricted lane,Approaching junction or waiting/parked at junction approach,None,None,Did not leave carriageway,None,Front,No,Not known,Male,NA,56 - 65,Data missing or out of range,Undefined,-1,Data missing or out of range,More deprived 20-30%,Urban area
2018135561912,2018,135561912,1,Car,No tow/articulation,Going ahead other,East,West,On main c'way - not in restricted lane,Approaching junction or waiting/parked at junction approach,None,None,Did not leave carriageway,None,Front,No,Not known,Female,NA,26 - 35,NA,Petrol,15,Data missing or out of range,More deprived 20-30%,Urban area
2018135571044,2018,135571044,1,Car,No tow/articulation,Going ahead other,South East,North West,On main c'way - not in restricted lane,Approaching junction or waiting/parked at junction approach,Skidded,None,Did not leave carriageway,None,Did not impact,No,Not known,Male,NA,46 - 55,NA,Petrol,11,Data missing or out of range,Most deprived 10%,Urban area
2018135571044,2018,135571044,2,Car,No tow/articulation,Turning right,South West,North East,On main c'way - not in restricted lane,Entering roundabout,Skidded,None,Did not leave carriageway,None,Did not impact,No,Not known,Female,NA,36 - 45,NA,Heavy oil,3,Data missing or out of range,Most deprived 10%,Urban area
2018135571990,2018,135571990,1,Car,No tow/articulation,Going ahead other,North,South East,On main c'way - not in restricted lane,Mid Junction - on roundabout or on main road,None,None,Did not leave carriageway,None,Front,No,Not known,Male,NA,46 - 55,NA,Heavy oil,5,Data missing or out of range,Less deprived 30-40%,Urban area
2018135571990,2018,135571990,2,Car,No tow/articulation,Going ahead other,West,East,On main c'way - not in restricted lane,Mid Junction - on roundabout or on main road,None,None,Did not leave carriageway,None,Offside,No,Not known,Male,NA,21 - 25,NA,Heavy oil,11,Data missing or out of range,More deprived 30-40%,Urban area
2018135580345,2018,135580345,1,Bus or coach (17 or more pass seats),No tow/articulation,Going ahead other,South East,North,On main c'way - not in restricted lane,Not at or within 20 metres of junction,None,None,Offside,Wall or fence,Front,No,Journey as part of work,Male,NA,26 - 35,NA,Heavy oil,5,Data missing or out of range,More deprived 30-40%,Urban area
2018135580345,2018,135580345,2,Car,No tow/articulation,Parked,Parked,Parked,On main c'way - not in restricted lane,Not at or within 20 metres of junction,None,None,Did not leave carriageway,None,Back,No,Not known,Male,Data missing or out of range,Data missing or out of range,NA,Heavy oil,13,Data missing or out of range,Data missing or out of range,Data missing or out of range
2018135580345,2018,135580345,3,Car,No tow/articulation,Parked,Parked,Parked,On main c'way - not in restricted lane,Not at or within 20 metres of junction,None,None,Did not leave carriageway,None,Front,No,Not known,Female,Data missing or out of range,Data missing or out of range,NA,Petrol,13,Data missing or out of range,Data missing or out of range,Data missing or out of range
2018135581233,2018,135581233,1,Van / Goods 3.5 tonnes mgw or under,No tow/articulation,Changing lane to left,East,West,On main c'way - not in restricted lane,Mid Junction - on roundabout or on main road,None,None,Did not leave carriageway,None,Nearside,No,Journey as part of work,Male,NA,36 - 45,NA,Heavy oil,8,Data missing or out of range,More deprived 20-30%,Urban area
2018135581233,2018,135581233,2,Motorcycle over 125cc and up to 500cc,No tow/articulation,Going ahead other,East,West,On main c'way - not in restricted lane,Mid Junction - on roundabout or on main road,None,None,Did not leave carriageway,None,Offside,No,Not known,Female,NA,46 - 55,NA,Petrol,3,Data missing or out of range,Data missing or out of range,Data missing or out of range
2018135581450,2018,135581450,1,Car,No tow/articulation,Going ahead other,South East,North,On main c'way - not in restricted lane,Cleared junction or waiting/parked at junction exit,None,None,Did not leave carriageway,None,Front,No,Not known,Male,NA,26 - 35,NA,Heavy oil,5,Data missing or out of range,Data missing or out of range,Data missing or out of range
2018135581638,2018,135581638,1,Car,No tow/articulation,Going ahead other,South East,North,On main c'way - not in restricted lane,Entering main road,None,None,Did not leave carriageway,None,Front,No,Not known,Female,NA,26 - 35,NA,Heavy oil,4,Data missing or out of range,More deprived 20-30%,Urban area
2018135581638,2018,135581638,2,Car,No tow/articulation,Going ahead other,West,East,On main c'way - not in restricted lane,Approaching junction or waiting/parked at junction approach,None,None,Did not leave carriageway,None,Offside,No,Not known,Male,NA,46 - 55,NA,Heavy oil,6,Data missing or out of range,Most deprived 10%,Urban area
2018135590624,2018,135590624,1,Car,No tow/articulation,Going ahead other,South West,North East,On main c'way - not in restricted lane,Not at or within 20 metres of junction,None,None,Did not leave carriageway,None,Front,No,Not known,Male,NA,Over 75,NA,Petrol,4,Data missing or out of range,Less deprived 20-30%,Urban area
2018135591175,2018,135591175,1,Car,No tow/articulation,Going ahead other,South West,North East,On main c'way - not in restricted lane,Not at or within 20 metres of junction,None,None,Did not leave carriageway,None,Front,No,Not known,Male,NA,Over 75,NA,Petrol,16,Data missing or out of range,Data missing or out of range,Data missing or out of range
2018135591175,2018,135591175,2,Car,No tow/articulation,Slowing or stopping,South West,North East,On main c'way - not in restricted lane,Not at or within 20 metres of junction,None,None,Did not leave carriageway,None,Nearside,No,Not known,Male,NA,26 - 35,NA,Heavy oil,1,Data missing or out of range,Most deprived 10%,Urban area
2018135591175,2018,135591175,3,Car,No tow/articulation,Parked,Parked,Parked,On main c'way - not in restricted lane,Not at or within 20 metres of junction,None,None,Did not leave carriageway,None,Offside,No,Not known,Male,Data missing or out of range,Data missing or out of range,NA,Heavy oil,13,Data missing or out of range,Data missing or out of range,Data missing or out of range
2018135592012,2018,135592012,1,Car,No tow/articulation,Going ahead other,West,East,On main c'way - not in restricted lane,Not at or within 20 metres of junction,None,None,Did not leave carriageway,None,Front,No,Not known,Male,NA,26 - 35,NA,Heavy oil,12,Data missing or out of range,More deprived 30-40%,Urban area
2018135592012,2018,135592012,2,Car,No tow/articulation,Waiting to go - held up,West,East,On main c'way - not in restricted lane,Not at or within 20 metres of junction,None,None,Did not leave carriageway,None,Back,No,Not known,Male,NA,21 - 25,NA,Petrol,6,Data missing or out of range,More deprived 20-30%,Urban area
20181355A0428,2018,1355A0428,1,Van / Goods 3.5 tonnes mgw or under,No tow/articulation,Moving off,East,North,On main c'way - not in restricted lane,Approaching junction or waiting/parked at junction approach,None,None,Did not leave carriageway,None,Nearside,No,Not known,Male,NA,36 - 45,NA,Heavy oil,4,Data missing or out of range,Most deprived 10%,Urban area
20181355A0428,2018,1355A0428,2,Pedal cycle,No tow/articulation,Going ahead other,South East,North,On main c'way - not in restricted lane,Mid Junction - on roundabout or on main road,None,None,Did not leave carriageway,None,Front,No,Not known,Male,NA,16 - 20,Data missing or out of range,Undefined,-1,Data missing or out of range,More deprived 20-30%,Urban area
20181355B0754,2018,1355B0754,1,Car,No tow/articulation,Going ahead other,West,East,On main c'way - not in restricted lane,Mid Junction - on roundabout or on main road,Overturned,None,Straight ahead at junction,Wall or fence,Front,No,Not known,Female,NA,66 - 75,NA,Petrol,14,Data missing or out of range,Less deprived 10-20%,Urban area
20181355B1641,2018,1355B1641,1,Car,No tow/articulation,Going ahead other,North,South East,On main c'way - not in restricted lane,Entering main road,None,None,Did not leave carriageway,None,Front,No,Not known,Male,NA,26 - 35,NA,Heavy oil,0,Data missing or out of range,More deprived 10-20%,Urban area
20181355B1641,2018,1355B1641,2,Car,No tow/articulation,Going ahead other,West,East,On main c'way - not in restricted lane,Mid Junction - on roundabout or on main road,None,None,Offside,Wall or fence,Nearside,No,Not known,Male,NA,21 - 25,NA,Petrol,16,Data missing or out of range,Most deprived 10%,Urban area
20181355B1972,2018,1355B1972,1,Car,No tow/articulation,Going ahead other,North East,South West,On main c'way - not in restricted lane,Approaching junction or waiting/parked at junction approach,None,None,Did not leave carriageway,None,Nearside,No,Not known,Male,Data missing or out of range,Data missing or out of range,NA,Petrol,19,Data missing or out of range,Less deprived 20-30%,Urban area
20181355B1972,2018,1355B1972,2,Pedal cycle,No tow/articulation,Going ahead other,South East,North West,On main c'way - not in restricted lane,Approaching junction or waiting/parked at junction approach,None,None,Did not leave carriageway,None,Front,No,Not known,Male,NA,11 - 15,Data missing or out of range,Undefined,-1,Data missing or out of range,Less deprived 20-30%,Urban area
20181355C0180,2018,1355C0180,1,Van / Goods 3.5 tonnes mgw or under,No tow/articulation,Going ahead other,North East,South West,On main c'way - not in restricted lane,Not at or within 20 metres of junction,None,None,Did not leave carriageway,Telegraph or electricity pole,Front,No,Not known,Male,NA,26 - 35,NA,Heavy oil,15,Data missing or out of range,More deprived 30-40%,Urban area
20181355C0192,2018,1355C0192,1,Car,No tow/articulation,Going ahead other,South East,North,On main c'way - not in restricted lane,Entering roundabout,None,None,Did not leave carriageway,None,Offside,No,Not known,Male,NA,16 - 20,NA,Petrol,15,Data missing or out of range,Most deprived 10%,Urban area
20181355C0192,2018,1355C0192,2,Car,No tow/articulation,Going ahead other,East,West,On main c'way - not in restricted lane,Entering roundabout,None,Bollard or refuge,Did not leave carriageway,None,Front,No,Not known,Male,NA,36 - 45,NA,Heavy oil,7,Data missing or out of range,Most deprived 10%,Urban area
20181355C0223,2018,1355C0223,1,Motorcycle 50cc and under,No tow/articulation,Slowing or stopping,East,West,On main c'way - not in restricted lane,Not at or within 20 metres of junction,Skidded,None,Did not leave carriageway,None,Did not impact,No,Not known,Male,NA,16 - 20,NA,Petrol,13,Data missing or out of range,Most deprived 10%,Urban area
20181355C0897,2018,1355C0897,1,Car,No tow/articulation,Going ahead other,West,East,On main c'way - not in restricted lane,Approaching junction or waiting/parked at junction approach,None,None,Did not leave carriageway,None,Nearside,No,Not known,Male,NA,16 - 20,NA,Petrol,0,Data missing or out of range,Most deprived 10%,Urban area
20181355C0897,2018,1355C0897,2,Car,No tow/articulation,Going ahead other,East,West,On main c'way - not in restricted lane,Approaching junction or waiting/parked at junction approach,None,None,Did not leave carriageway,None,Front,No,Journey as part of work,Male,NA,36 - 45,Data missing or out of range,Undefined,-1,Data missing or out of range,Most deprived 10%,Urban area
20181355C0897,2018,1355C0897,3,Car,No tow/articulation,Going ahead other,West,East,On main c'way - not in restricted lane,Approaching junction or waiting/parked at junction approach,None,None,Did not leave carriageway,None,Front,No,Journey as part of work,Male,NA,26 - 35,NA,Heavy oil,1,Data missing or out of range,Less deprived 40-50%,Rural
20181355C1085,2018,1355C1085,1,Car,No tow/articulation,Going ahead other,East,West,On main c'way - not in restricted lane,Not at or within 20 metres of junction,None,None,Did not leave carriageway,None,Front,No,Not known,Not known,Data missing or out of range,Data missing or out of range,Data missing or out of range,Undefined,-1,Data missing or out of range,Data missing or out of range,Data missing or out of range
20181355E0129,2018,1355E0129,1,Car,No tow/articulation,Turning left,South West,South East,On main c'way - not in restricted lane,Leaving main road,Skidded,None,Offside,Road sign or traffic signal,Front,No,Journey as part of work,Male,NA,26 - 35,NA,Heavy oil,1,Data missing or out of range,Most deprived 10%,Urban area
20181355E0430,2018,1355E0430,1,Van / Goods 3.5 tonnes mgw or under,No tow/articulation,U-turn,West,North East,On main c'way - not in restricted lane,Approaching junction or waiting/parked at junction approach,None,None,Did not leave carriageway,None,Back,No,Not known,Not known,Data missing or out of range,Data missing or out of range,Data missing or out of range,Undefined,-1,Data missing or out of range,Data missing or out of range,Data missing or out of range
20181355E0430,2018,1355E0430,2,Motorcycle over 500cc,No tow/articulation,Going ahead other,West,North East,On main c'way - not in restricted lane,Approaching junction or waiting/parked at junction approach,None,None,Did not leave carriageway,None,Front,No,Commuting to/from work,Male,NA,26 - 35,NA,Petrol,6,Data missing or out of range,Less deprived 40-50%,Urban area
20181355E1052,2018,1355E1052,1,Car,No tow/articulation,Waiting to turn left,South West,North West,On main c'way - not in restricted lane,Approaching junction or waiting/parked at junction approach,None,None,Did not leave carriageway,None,Front,No,Not known,Male,NA,21 - 25,NA,Petrol,13,Data missing or out of range,More deprived 10-20%,Urban area
20181355F0740,2018,1355F0740,1,Car,No tow/articulation,Turning left,South East,West,On main c'way - not in restricted lane,Entering main road,None,None,Did not leave carriageway,None,Front,No,Not known,Male,NA,26 - 35,NA,Heavy oil,8,Data missing or out of range,Most deprived 10%,Urban area
20181355F0740,2018,1355F0740,2,Car,No tow/articulation,Going ahead other,East,North,On main c'way - not in restricted lane,Approaching junction or waiting/parked at junction approach,None,None,Did not leave carriageway,None,Front,No,Not known,Female,NA,36 - 45,NA,Petrol,10,Data missing or out of range,Less deprived 40-50%,Urban area
20181355F1815,2018,1355F1815,1,Car,No tow/articulation,Going ahead other,South East,North,On main c'way - not in restricted lane,Not at or within 20 metres of junction,None,None,Offside and rebounded,Wall or fence,Front,No,Not known,Female,NA,21 - 25,NA,Petrol,14,Data missing or out of range,More deprived 20-30%,Urban area
20181355F1815,2018,1355F1815,2,Car,No tow/articulation,Going ahead other,North,South East,On main c'way - not in restricted lane,Not at or within 20 metres of junction,None,None,Did not leave carriageway,None,Front,No,Not known,Female,NA,16 - 20,NA,Heavy oil,14,Data missing or out of range,More deprived 10-20%,Urban area
20181355F1860,2018,1355F1860,1,Car,No tow/articulation,Going ahead other,East,West,On main c'way - not in restricted lane,Not at or within 20 metres of junction,None,None,Did not leave carriageway,None,Nearside,No,Not known,Male,NA,46 - 55,NA,Heavy oil,16,Data missing or out of range,Less deprived 30-40%,Urban area
20181355G0761,2018,1355G0761,1,Car,No tow/articulation,Going ahead other,West,East,Footway (pavement),Not at or within 20 metres of junction,None,None,Offside,Wall or fence,Front,No,Not known,Male,NA,66 - 75,NA,Petrol,9,Data missing or out of range,Most deprived 10%,Urban area
20181355G0761,2018,1355G0761,2,Car,No tow/articulation,Parked,Parked,Parked,On main c'way - not in restricted lane,Not at or within 20 metres of junction,None,None,Did not leave carriageway,None,Front,No,Journey as part of work,Male,NA,56 - 65,Data missing or out of range,Undefined,-1,Data missing or out of range,Less deprived 30-40%,Urban area
20181355G0761,2018,1355G0761,3,Car,No tow/articulation,Parked,Parked,Parked,On main c'way - not in restricted lane,Not at or within 20 metres of junction,None,None,Did not leave carriageway,None,Front,No,Journey as part of work,Male,NA,56 - 65,NA,Heavy oil,9,Data missing or out of range,More deprived 40-50%,Urban area
20181355G0761,2018,1355G0761,4,Car,No tow/articulation,Parked,Parked,Parked,On main c'way - not in restricted lane,Not at or within 20 metres of junction,None,None,Did not leave carriageway,None,Offside,No,Not known,Male,NA,36 - 45,NA,Heavy oil,7,Data missing or out of range,Most deprived 10%,Urban area
20181355H0788,2018,1355H0788,1,Car,No tow/articulation,Going ahead other,North West,South East,On main c'way - not in restricted lane,Approaching junction or waiting/parked at junction approach,None,None,Did not leave carriageway,None,Offside,No,Not known,Male,NA,46 - 55,Data missing or out of range,Undefined,-1,Data missing or out of range,More deprived 20-30%,Urban area
20181355H0788,2018,1355H0788,2,Goods 7.5 tonnes mgw and over,Articulated vehicle,Going ahead other,North West,South East,On main c'way - not in restricted lane,Approaching junction or waiting/parked at junction approach,None,None,Did not leave carriageway,None,Nearside,No,Journey as part of work,Male,NA,26 - 35,Data missing or out of range,Undefined,-1,Data missing or out of range,Data missing or out of range,Data missing or out of range
20181355H1332,2018,1355H1332,1,Car,No tow/articulation,Going ahead other,South East,North,On main c'way - not in restricted lane,Not at or within 20 metres of junction,None,None,Did not leave carriageway,None,Front,No,Not known,Male,NA,Over 75,NA,Heavy oil,9,Data missing or out of range,More deprived 30-40%,Urban area
20181355H1332,2018,1355H1332,2,Car,No tow/articulation,Going ahead other,South East,North,On main c'way - not in restricted lane,Not at or within 20 metres of junction,None,None,Did not leave carriageway,None,Back,No,Commuting to/from work,Female,NA,26 - 35,NA,Petrol,6,Data missing or out of range,More deprived 20-30%,Urban area
20181355H1377,2018,1355H1377,1,Car,No tow/articulation,Turning left,South East,West,On main c'way - not in restricted lane,Approaching junction or waiting/parked at junction approach,None,None,Did not leave carriageway,None,Nearside,No,Not known,Male,NA,46 - 55,NA,Heavy oil,13,Data missing or out of range,More deprived 20-30%,Urban area
20181355H1377,2018,1355H1377,2,Pedal cycle,No tow/articulation,Going ahead other,South East,West,On main c'way - not in restricted lane,Approaching junction or waiting/parked at junction approach,None,None,Did not leave carriageway,None,Offside,No,Commuting to/from work,Male,NA,21 - 25,Data missing or out of range,Undefined,-1,Data missing or out of range,Data missing or out of range,Data missing or out of range
20181355H1417,2018,1355H1417,1,Car,No tow/articulation,Waiting to go - held up,South East,North West,On main c'way - not in restricted lane,Cleared junction or waiting/parked at junction exit,None,None,Did not leave carriageway,None,Back,No,Commuting to/from work,Female,NA,36 - 45,NA,Heavy oil,5,Data missing or out of range,Less deprived 10-20%,Urban area
20181355H1417,2018,1355H1417,2,Car,No tow/articulation,Going ahead other,South East,North West,On main c'way - not in restricted lane,Cleared junction or waiting/parked at junction exit,None,None,Did not leave carriageway,None,Front,No,Not known,Not known,Data missing or out of range,Data missing or out of range,Data missing or out of range,Undefined,-1,Data missing or out of range,Data missing or out of range,Data missing or out of range
20181355H1502,2018,1355H1502,1,Motorcycle over 125cc and up to 500cc,No tow/articulation,Going ahead other,South West,North East,On main c'way - not in restricted lane,Cleared junction or waiting/parked at junction exit,Skidded,None,Offside,Wall or fence,Front,No,Not known,Male,NA,11 - 15,NA,Petrol,20,Data missing or out of range,More deprived 10-20%,Urban area
20181355H1572,2018,1355H1572,1,Car,No tow/articulation,Slowing or stopping,East,West,On main c'way - not in restricted lane,Not at or within 20 metres of junction,None,None,Did not leave carriageway,None,Front,No,Not known,Not known,Data missing or out of range,Data missing or out of range,Data missing or out of range,Undefined,-1,Data missing or out of range,Data missing or out of range,Data missing or out of range
20181355H1572,2018,1355H1572,2,Car,No tow/articulation,Slowing or stopping,East,West,On main c'way - not in restricted lane,Not at or within 20 metres of junction,None,None,Did not leave carriageway,None,Back,No,Not known,Male,NA,46 - 55,NA,Heavy oil,7,Data missing or out of range,More deprived 40-50%,Urban area
20181355H1613,2018,1355H1613,1,Car,No tow/articulation,Going ahead other,North East,South West,On main c'way - not in restricted lane,Mid Junction - on roundabout or on main road,None,None,Did not leave carriageway,None,Nearside,No,Not known,Female,NA,26 - 35,NA,Heavy oil,4,Data missing or out of range,Less deprived 40-50%,Urban area
20181355H1613,2018,1355H1613,2,Van / Goods 3.5 tonnes mgw or under,No tow/articulation,Turning left,East,South West,On main c'way - not in restricted lane,Approaching junction or waiting/parked at junction approach,None,None,Did not leave carriageway,None,Front,No,Not known,Not known,Data missing or out of range,Data missing or out of range,NA,Heavy oil,0,Data missing or out of range,Data missing or out of range,Data missing or out of range
20181355I0601,2018,1355I0601,1,Goods 7.5 tonnes mgw and over,Articulated vehicle,Moving off,West,East,On main c'way - not in restricted lane,Not at or within 20 metres of junction,None,None,Did not leave carriageway,None,Nearside,No,Journey as part of work,Male,NA,26 - 35,Data missing or out of range,Undefined,-1,Data missing or out of range,Data missing or out of range,Data missing or out of range
20181355I0865,2018,1355I0865,1,Car,No tow/articulation,Reversing,South East,North,On main c'way - not in restricted lane,Not at or within 20 metres of junction,None,None,Did not leave carriageway,None,Back,No,Not known,Male,NA,16 - 20,NA,Heavy oil,11,Data missing or out of range,Less deprived 10-20%,Urban area
20181355I1341,2018,1355I1341,1,Car,No tow/articulation,Turning right,West,South East,On main c'way - not in restricted lane,Mid Junction - on roundabout or on main road,None,None,Did not leave carriageway,None,Offside,No,Not known,Male,NA,36 - 45,NA,Hybrid electric,1,Data missing or out of range,Less deprived 30-40%,Urban area
20181355I1341,2018,1355I1341,2,Car,No tow/articulation,Going ahead other,South East,North,On main c'way - not in restricted lane,Mid Junction - on roundabout or on main road,None,None,Did not leave carriageway,None,Front,No,Not known,Male,NA,26 - 35,NA,Heavy oil,4,Data missing or out of range,More deprived 20-30%,Urban area
20181355J1340,2018,1355J1340,1,Pedal cycle,No tow/articulation,Going ahead other,North West,South East,On main c'way - not in restricted lane,Mid Junction - on roundabout or on main road,Overturned,None,Did not leave carriageway,None,Front,No,Not known,Male,NA,66 - 75,Data missing or out of range,Undefined,-1,Data missing or out of range,Less deprived 10-20%,Urban area
20181355J1340,2018,1355J1340,2,Car,No tow/articulation,Going ahead other,North East,South East,On main c'way - not in restricted lane,Entering roundabout,None,None,Did not leave carriageway,None,Front,No,Not known,Female,NA,26 - 35,NA,Petrol,12,Data missing or out of range,More deprived 10-20%,Urban area
20181355J1862,2018,1355J1862,1,Taxi/Private hire car,No tow/articulation,Going ahead other,North East,South West,On main c'way - not in restricted lane,Mid Junction - on roundabout or on main road,None,None,Did not leave carriageway,None,Front,No,Journey as part of work,Male,NA,46 - 55,NA,Heavy oil,8,Data missing or out of range,More deprived 10-20%,Urban area
20181355J1862,2018,1355J1862,2,Car,No tow/articulation,Turning right,South West,South East,On main c'way - not in restricted lane,Mid Junction - on roundabout or on main road,None,None,Did not leave carriageway,None,Nearside,No,Not known,Male,NA,26 - 35,NA,Heavy oil,5,Data missing or out of range,Less deprived 30-40%,Urban area
20181355K1472,2018,1355K1472,1,Car,No tow/articulation,Going ahead other,North West,South East,On main c'way - not in restricted lane,Cleared junction or waiting/parked at junction exit,None,None,Did not leave carriageway,None,Back,No,Not known,Female,NA,26 - 35,NA,Petrol,16,Data missing or out of range,More deprived 10-20%,Urban area
20181355K1472,2018,1355K1472,2,Car,No tow/articulation,Going ahead other,North,South East,On main c'way - not in restricted lane,Cleared junction or waiting/parked at junction exit,None,None,Did not leave carriageway,None,Front,No,Not known,Male,Data missing or out of range,Data missing or out of range,NA,Heavy oil,12,Data missing or out of range,Data missing or out of range,Data missing or out of range
20181355L1027,2018,1355L1027,1,Car,No tow/articulation,Going ahead other,North,South East,On main c'way - not in restricted lane,Not at or within 20 metres of junction,None,None,Did not leave carriageway,None,Front,No,Not known,Male,NA,26 - 35,NA,Heavy oil,14,Data missing or out of range,Less deprived 40-50%,Urban area
20181355L1027,2018,1355L1027,2,Car,No tow/articulation,Slowing or stopping,North,South East,On main c'way - not in restricted lane,Not at or within 20 metres of junction,None,None,Did not leave carriageway,None,Back,No,Not known,Male,NA,26 - 35,NA,Heavy oil,10,Data missing or out of range,Most deprived 10%,Urban area
20181355L1227,2018,1355L1227,1,Car,No tow/articulation,Going ahead other,North,South East,On main c'way - not in restricted lane,Approaching junction or waiting/parked at junction approach,Skidded,None,Did not leave carriageway,None,Back,No,Not known,Male,NA,16 - 20,NA,Petrol,11,Data missing or out of range,Data missing or out of range,Data missing or out of range
20181355L1227,2018,1355L1227,2,Car,No tow/articulation,Turning left,East,South East,On main c'way - not in restricted lane,Mid Junction - on roundabout or on main road,None,None,Did not leave carriageway,None,Offside,No,Not known,Female,NA,36 - 45,NA,Heavy oil,6,Data missing or out of range,Data missing or out of range,Data missing or out of range
20181355M0103,2018,1355M0103,1,Car,No tow/articulation,Going ahead other,South West,North East,On main c'way - not in restricted lane,Not at or within 20 metres of junction,None,None,Did not leave carriageway,None,Front,No,Not known,Male,NA,16 - 20,NA,Petrol,1,Data missing or out of range,Most deprived 10%,Urban area
20181355M0103,2018,1355M0103,2,Car,No tow/articulation,Parked,Parked,Parked,On main c'way - not in restricted lane,Not at or within 20 metres of junction,None,None,Did not leave carriageway,None,Front,No,Not known,Not known,Data missing or out of range,Data missing or out of range,NA,Heavy oil,11,Data missing or out of range,Data missing or out of range,Data missing or out of range
20181355M0663,2018,1355M0663,1,Van / Goods 3.5 tonnes mgw or under,No tow/articulation,Reversing,East,West,Footway (pavement),Entering main road,None,None,Nearside,None,Back,No,Not known,Male,NA,26 - 35,NA,Heavy oil,1,Data missing or out of range,Less deprived 40-50%,Small town
20181355M0669,2018,1355M0669,1,Van / Goods 3.5 tonnes mgw or under,No tow/articulation,Moving off,West,East,On main c'way - not in restricted lane,Mid Junction - on roundabout or on main road,None,None,Did not leave carriageway,None,Offside,No,Journey as part of work,Male,NA,36 - 45,NA,Heavy oil,1,Data missing or out of range,Data missing or out of range,Data missing or out of range
20181355M0669,2018,1355M0669,2,Car,No tow/articulation,Going ahead other,South East,North,On main c'way - not in restricted lane,Approaching junction or waiting/parked at junction approach,None,None,Did not leave carriageway,None,Front,No,Not known,Male,NA,26 - 35,NA,Heavy oil,8,Data missing or out of range,Data missing or out of range,Data missing or out of range
20181355M1564,2018,1355M1564,1,Van / Goods 3.5 tonnes mgw or under,No tow/articulation,Slowing or stopping,South West,North East,On main c'way - not in restricted lane,Not at or within 20 metres of junction,None,None,Did not leave carriageway,None,Back,No,Commuting to/from work,Male,NA,26 - 35,NA,Heavy oil,5,Data missing or out of range,Most deprived 10%,Urban area
20181355M1564,2018,1355M1564,2,Car,No tow/articulation,Slowing or stopping,South West,North East,On main c'way - not in restricted lane,Not at or within 20 metres of junction,None,None,Did not leave carriageway,None,Back,No,Not known,Female,NA,26 - 35,NA,Petrol,1,Data missing or out of range,Less deprived 20-30%,Urban area
20181355M1564,2018,1355M1564,3,Car,No tow/articulation,Going ahead other,South West,North East,On main c'way - not in restricted lane,Not at or within 20 metres of junction,None,None,Did not leave carriageway,None,Front,No,Commuting to/from work,Male,NA,26 - 35,NA,Petrol,14,Data missing or out of range,Less deprived 30-40%,Urban area
20181355M1578,2018,1355M1578,1,Car,No tow/articulation,Turning right,North East,North,On main c'way - not in restricted lane,Entering main road,None,None,Did not leave carriageway,None,Front,No,Not known,Male,NA,66 - 75,NA,Heavy oil,11,Data missing or out of range,More deprived 30-40%,Urban area