accident_index,accident_year,accident_reference,vehicle_reference,vehicle_type,towing_and_articulation,vehicle_manoeuvre,vehicle_direction_from,vehicle_direction_to,vehicle_location_restricted_lane,junction_location,skidding_and_overturning,hit_object_in_carriageway,vehicle_leaving_carriageway,hit_object_off_carriageway,first_point_of_impact,vehicle_left_hand_drive,journey_purpose_of_driver,sex_of_driver,age_of_driver,age_band_of_driver,engine_capacity_cc,propulsion_code,age_of_vehicle,generic_make_model,driver_imd_decile,driver_home_area_type
20181355M1578,2018,1355M1578,2,Car,No tow/articulation,Turning right,South East,North East,On main c'way - not in restricted lane,Mid Junction - on roundabout or on main road,None,None,Did not leave carriageway,None,Offside,No,Not known,Female,NA,46 - 55,NA,Petrol,10,Data missing or out of range,Less deprived 40-50%,Urban area
20181355M1811,2018,1355M1811,1,Car,No tow/articulation,Turning right,North West,South East,On main c'way - not in restricted lane,Mid Junction - on roundabout or on main road,None,None,Did not leave carriageway,None,Front,No,Not known,Male,NA,26 - 35,NA,Heavy oil,12,Data missing or out of range,More deprived 10-20%,Urban area
20181355M1811,2018,1355M1811,2,Car,No tow/articulation,Going ahead other,South East,North,On main c'way - not in restricted lane,Mid Junction - on roundabout or on main road,None,None,Did not leave carriageway,None,Front,No,Not known,Male,NA,36 - 45,NA,Petrol,14,Data missing or out of range,Most deprived 10%,Urban area
20181355N0188,2018,1355N0188,1,Car,No tow/articulation,Going ahead left-hand bend,West,North East,On main c'way - not in restricted lane,Not at or within 20 metres of junction,None,Parked vehicle,Did not leave carriageway,None,Nearside,No,Not known,Male,NA,21 - 25,NA,Heavy oil,13,Data missing or out of range,More deprived 20-30%,Urban area
20181355N0188,2018,1355N0188,2,Car,No tow/articulation,Parked,Parked,Parked,On main c'way - not in restricted lane,Not at or within 20 metres of junction,None,None,Did not leave carriageway,None,Offside,No,Not known,Not known,Data missing or out of range,Data missing or out of range,NA,Heavy oil,3,Data missing or out of range,More deprived 30-40%,Urban area
20181355N0225,2018,1355N0225,1,Van / Goods 3.5 tonnes mgw or under,No tow/articulation,U-turn,South East,South East,On main c'way - not in restricted lane,Mid Junction - on roundabout or on main road,None,None,Did not leave carriageway,None,Front,No,Not known,Male,Data missing or out of range,Data missing or out of range,NA,Heavy oil,3,Data missing or out of range,Less deprived 30-40%,Small town
20181355N0225,2018,1355N0225,2,Car,No tow/articulation,Going ahead other,South East,North,On main c'way - not in restricted lane,Approaching junction or waiting/parked at junction approach,None,None,Did not leave carriageway,None,Offside,No,Commuting to/from work,Female,NA,36 - 45,NA,Petrol,10,Data missing or out of range,Most deprived 10%,Urban area
20181355N0876,2018,1355N0876,1,Car,No tow/articulation,Turning left,South West,North West,On main c'way - not in restricted lane,Leaving main road,None,None,Did not leave carriageway,None,Nearside,No,Not known,Female,NA,26 - 35,NA,Heavy oil,2,Data missing or out of range,More deprived 20-30%,Urban area
20181355N0876,2018,1355N0876,2,Car,No tow/articulation,Going ahead other,South West,North East,On main c'way - not in restricted lane,Mid Junction - on roundabout or on main road,None,None,Did not leave carriageway,None,Front,No,Not known,Male,NA,46 - 55,NA,Heavy oil,10,Data missing or out of range,Less deprived 40-50%,Urban area
20181355N1029,2018,1355N1029,1,Car,No tow/articulation,Going ahead other,South East,North East,On main c'way - not in restricted lane,Mid Junction - on roundabout or on main road,None,None,Did not leave carriageway,None,Back,No,Journey as part of work,Male,NA,36 - 45,NA,Heavy oil,3,Data missing or out of range,Most deprived 10%,Urban area
20181355N1029,2018,1355N1029,2,Bus or coach (17 or more pass seats),No tow/articulation,Going ahead other,South East,North East,On main c'way - not in restricted lane,Mid Junction - on roundabout or on main road,None,None,Did not leave carriageway,None,Front,No,Journey as part of work,Male,NA,66 - 75,NA,Heavy oil,12,Data missing or out of range,More deprived 20-30%,Urban area
20181355N1065,2018,1355N1065,1,Car,No tow/articulation,Reversing,South East,North,On main c'way - not in restricted lane,Not at or within 20 metres of junction,None,None,Did not leave carriageway,None,Back,No,Not known,Not known,Data missing or out of range,Data missing or out of range,NA,Heavy oil,10,Data missing or out of range,Data missing or out of range,Data missing or out of range
20181355N1065,2018,1355N1065,2,Car,No tow/articulation,Parked,Parked,Parked,On main c'way - not in restricted lane,Not at or within 20 metres of junction,None,None,Did not leave carriageway,None,Back,No,Not known,Male,Data missing or out of range,Data missing or out of range,NA,Hybrid electric,5,Data missing or out of range,Data missing or out of range,Data missing or out of range
20181355N1132,2018,1355N1132,1,Car,No tow/articulation,Going ahead other,East,North West,On main c'way - not in restricted lane,Not at or within 20 metres of junction,None,None,Did not leave carriageway,None,Front,No,Not known,Male,NA,66 - 75,NA,Heavy oil,8,Data missing or out of range,More deprived 30-40%,Urban area
20181355N1132,2018,1355N1132,2,Car,No tow/articulation,Parked,Parked,Parked,On main c'way - not in restricted lane,Not at or within 20 metres of junction,None,None,Did not leave carriageway,None,Back,No,Not known,Not known,Data missing or out of range,Data missing or out of range,NA,Heavy oil,4,Data missing or out of range,Data missing or out of range,Data missing or out of range
20181355N1807,2018,1355N1807,1,Motorcycle over 125cc and up to 500cc,No tow/articulation,Turning right,South East,East,On main c'way - not in restricted lane,Approaching junction or waiting/parked at junction approach,None,None,Did not leave carriageway,None,Back,No,Not known,Not known,Data missing or out of range,Data missing or out of range,Data missing or out of range,Undefined,-1,Data missing or out of range,Data missing or out of range,Data missing or out of range
20181355N1807,2018,1355N1807,2,Motorcycle over 125cc and up to 500cc,No tow/articulation,Turning right,South East,North,On main c'way - not in restricted lane,Approaching junction or waiting/parked at junction approach,None,None,Did not leave carriageway,None,Front,No,Not known,Male,NA,26 - 35,Data missing or out of range,Undefined,-1,Data missing or out of range,More deprived 40-50%,Urban area
20181355N2142,2018,1355N2142,1,Car,No tow/articulation,Going ahead other,North,South East,On main c'way - not in restricted lane,Mid Junction - on roundabout or on main road,None,None,Did not leave carriageway,None,Front,No,Not known,Male,NA,26 - 35,NA,Petrol,13,Data missing or out of range,Most deprived 10%,Urban area
20181355N2142,2018,1355N2142,2,Car,No tow/articulation,Going ahead other,West,East,On main c'way - not in restricted lane,Mid Junction - on roundabout or on main road,Overturned,None,Did not leave carriageway,None,Nearside,No,Not known,Male,NA,36 - 45,NA,Heavy oil,11,Data missing or out of range,Data missing or out of range,Data missing or out of range
20181355O0866,2018,1355O0866,1,Car,No tow/articulation,Going ahead other,North,South East,On main c'way - not in restricted lane,Approaching junction or waiting/parked at junction approach,None,None,Did not leave carriageway,None,Front,No,Not known,Male,NA,56 - 65,NA,Petrol,0,Data missing or out of range,Data missing or out of range,Data missing or out of range
20181355O0866,2018,1355O0866,2,Car,No tow/articulation,Slowing or stopping,North,South East,On main c'way - not in restricted lane,Approaching junction or waiting/parked at junction approach,None,None,Did not leave carriageway,None,Back,No,Not known,Female,NA,36 - 45,NA,Petrol,1,Data missing or out of range,Data missing or out of range,Data missing or out of range
20181355O1610,2018,1355O1610,1,Car,No tow/articulation,Reversing,South East,North West,On main c'way - not in restricted lane,Not at or within 20 metres of junction,None,None,Did not leave carriageway,None,Back,No,Not known,Male,Data missing or out of range,Data missing or out of range,NA,Heavy oil,5,Data missing or out of range,Data missing or out of range,Data missing or out of range
20181355O1610,2018,1355O1610,2,Pedal cycle,No tow/articulation,Going ahead other,North West,South East,On main c'way - not in restricted lane,Not at or within 20 metres of junction,None,None,Did not leave carriageway,None,Front,No,Not known,Female,NA,6 - 10,Data missing or out of range,Undefined,-1,Data missing or out of range,Most deprived 10%,Urban area
20181355P1102,2018,1355P1102,1,Car,No tow/articulation,Going ahead other,North East,South West,On main c'way - not in restricted lane,Not at or within 20 metres of junction,None,None,Did not leave carriageway,None,Front,No,Not known,Female,NA,56 - 65,NA,Petrol,14,Data missing or out of range,Less deprived 30-40%,Urban area
20181355P1102,2018,1355P1102,2,Car,No tow/articulation,Parked,North East,South West,On main c'way - not in restricted lane,Not at or within 20 metres of junction,None,None,Did not leave carriageway,None,Did not impact,No,Not known,Male,NA,26 - 35,NA,Petrol,10,Data missing or out of range,Data missing or out of range,Data missing or out of range
20181355P1102,2018,1355P1102,3,Car,No tow/articulation,Parked,North East,South West,On main c'way - not in restricted lane,Not at or within 20 metres of junction,None,None,Did not leave carriageway,None,Did not impact,No,Not known,Not known,NA,26 - 35,Data missing or out of range,Undefined,-1,Data missing or out of range,Data missing or out of range,Data missing or out of range
20181355P1163,2018,1355P1163,1,Car,No tow/articulation,Going ahead other,East,West,On main c'way - not in restricted lane,Not at or within 20 metres of junction,None,None,Did not leave carriageway,None,Front,No,Not known,Male,NA,21 - 25,NA,Heavy oil,6,Data missing or out of range,Least deprived 10%,Small town
20181355Q0790,2018,1355Q0790,1,Motorcycle over 125cc and up to 500cc,No tow/articulation,Going ahead other,South East,North,On main c'way - not in restricted lane,Not at or within 20 metres of junction,None,None,Did not leave carriageway,None,Front,No,Not known,Male,NA,56 - 65,NA,Petrol,17,Data missing or out of range,More deprived 30-40%,Small town
20181355Q0790,2018,1355Q0790,2,Car,No tow/articulation,U-turn,South East,North,On main c'way - not in restricted lane,Not at or within 20 metres of junction,None,None,Did not leave carriageway,None,Offside,No,Not known,Female,NA,46 - 55,NA,Petrol,10,Data missing or out of range,More deprived 30-40%,Urban area
20181355Q1465,2018,1355Q1465,1,Car,No tow/articulation,Turning right,East,North,On main c'way - not in restricted lane,Approaching junction or waiting/parked at junction approach,None,None,Did not leave carriageway,None,Front,No,Not known,Not known,Data missing or out of range,Data missing or out of range,NA,Heavy oil,10,Data missing or out of range,Data missing or out of range,Data missing or out of range
20181355Q1465,2018,1355Q1465,2,Car,No tow/articulation,Going ahead other,West,East,On main c'way - not in restricted lane,Approaching junction or waiting/parked at junction approach,None,Kerb,Did not leave carriageway,Lamp post,Front,No,Not known,Female,NA,26 - 35,NA,Heavy oil,7,Data missing or out of range,Most deprived 10%,Urban area
20181355R1044,2018,1355R1044,1,Car,No tow/articulation,Going ahead other,South East,West,On main c'way - not in restricted lane,Entering roundabout,None,None,Did not leave carriageway,None,Back,No,Not known,Male,NA,36 - 45,NA,Heavy oil,1,Data missing or out of range,Most deprived 10%,Urban area
20181355R1044,2018,1355R1044,2,Car,No tow/articulation,Going ahead other,South East,West,On main c'way - not in restricted lane,Entering roundabout,None,None,Did not leave carriageway,None,Front,No,Not known,Female,NA,36 - 45,NA,Heavy oil,7,Data missing or out of range,More deprived 30-40%,Urban area
20181355S0595,2018,1355S0595,1,Car,No tow/articulation,Going ahead other,East,West,On main c'way - not in restricted lane,Mid Junction - on roundabout or on main road,Skidded and overturned,None,Nearside,Near/Offside crash barrier,Front,No,Not known,Male,NA,21 - 25,NA,Petrol,3,Data missing or out of range,Less deprived 30-40%,Urban area
20181355S1732,2018,1355S1732,1,Car,No tow/articulation,Going ahead other,East,West,On main c'way - not in restricted lane,Not at or within 20 metres of junction,None,None,Did not leave carriageway,None,Front,No,Not known,Male,NA,26 - 35,NA,Petrol,3,Data missing or out of range,Most deprived 10%,Urban area
20181355S1850,2018,1355S1850,1,Car,No tow/articulation,Overtaking moving vehicle - offside,South East,North,On main c'way - not in restricted lane,Approaching junction or waiting/parked at junction approach,None,None,Offside,Wall or fence,Front,No,Not known,Male,NA,26 - 35,NA,Heavy oil,5,Data missing or out of range,More deprived 20-30%,Urban area
20181355S1850,2018,1355S1850,2,Car,No tow/articulation,Turning right,South East,East,On main c'way - not in restricted lane,Approaching junction or waiting/parked at junction approach,None,None,Offside,None,Offside,No,Not known,Male,NA,21 - 25,NA,Petrol,1,Data missing or out of range,More deprived 30-40%,Urban area
20181355T0293,2018,1355T0293,1,Car,No tow/articulation,Going ahead other,North West,South East,On main c'way - not in restricted lane,Not at or within 20 metres of junction,None,None,Did not leave carriageway,None,Front,No,Commuting to/from work,Male,NA,46 - 55,NA,Petrol,1,Data missing or out of range,More deprived 40-50%,Urban area
20181355T0293,2018,1355T0293,2,Car,No tow/articulation,Waiting to go - held up,North West,South East,On main c'way - not in restricted lane,Not at or within 20 metres of junction,None,None,Did not leave carriageway,None,Back,No,Commuting to/from work,Male,NA,46 - 55,NA,Heavy oil,0,Data missing or out of range,More deprived 20-30%,Urban area
20181355V1032,2018,1355V1032,1,Car,No tow/articulation,Going ahead other,West,East,On main c'way - not in restricted lane,Mid Junction - on roundabout or on main road,None,None,Did not leave carriageway,None,Front,No,Not known,Female,NA,26 - 35,NA,Petrol,12,Data missing or out of range,More deprived 30-40%,Urban area
20181355V1032,2018,1355V1032,2,Taxi/Private hire car,No tow/articulation,Turning left,South East,West,On main c'way - not in restricted lane,Mid Junction - on roundabout or on main road,None,None,Did not leave carriageway,None,Front,No,Not known,Male,NA,26 - 35,NA,Heavy oil,10,Data missing or out of range,More deprived 20-30%,Urban area
20181355V1315,2018,1355V1315,1,Car,No tow/articulation,Turning right,West,South East,On main c'way - not in restricted lane,Cleared junction or waiting/parked at junction exit,None,None,Did not leave carriageway,None,Offside,No,Not known,Male,NA,36 - 45,NA,Heavy oil,11,Data missing or out of range,Less deprived 40-50%,Urban area
20181355V1315,2018,1355V1315,2,Car,No tow/articulation,Going ahead other,South East,North West,On main c'way - not in restricted lane,Approaching junction or waiting/parked at junction approach,Skidded,None,Offside,Wall or fence,Front,No,Not known,Male,NA,26 - 35,NA,Heavy oil,3,Data missing or out of range,Less deprived 30-40%,Urban area
20181355V1343,2018,1355V1343,1,Motorcycle 125cc and under,No tow/articulation,Overtaking static vehicle - offside,North East,South West,On main c'way - not in restricted lane,Mid Junction - on roundabout or on main road,Overturned,None,Did not leave carriageway,None,Front,No,Commuting to/from work,Male,NA,21 - 25,NA,Petrol,4,Data missing or out of range,Data missing or out of range,Data missing or out of range
20181355V1343,2018,1355V1343,2,Car,No tow/articulation,Turning right,South East,North East,On main c'way - not in restricted lane,Entering main road,None,None,Did not leave carriageway,None,Front,No,Not known,Male,NA,21 - 25,NA,Petrol,1,Data missing or out of range,Data missing or out of range,Data missing or out of range
2018135610116,2018,135610116,1,Car,No tow/articulation,Turning right,East,North,On main c'way - not in restricted lane,Leaving main road,Skidded,None,Nearside,None,Front,No,Not known,Male,NA,21 - 25,NA,Petrol,9,Data missing or out of range,Less deprived 30-40%,Urban area
2018135610116,2018,135610116,2,Car,No tow/articulation,Turning right,East,North,On main c'way - not in restricted lane,Leaving main road,None,None,Did not leave carriageway,Lamp post,Did not impact,No,Not known,Male,NA,26 - 35,NA,Heavy oil,3,Data missing or out of range,Most deprived 10%,Urban area
2018135610116,2018,135610116,3,Car,No tow/articulation,Parked,Parked,Parked,On main c'way - not in restricted lane,Cleared junction or waiting/parked at junction exit,None,None,Did not leave carriageway,None,Back,No,Not known,Male,Data missing or out of range,Data missing or out of range,NA,Heavy oil,10,Data missing or out of range,Data missing or out of range,Data missing or out of range
2018135610116,2018,135610116,4,Car,No tow/articulation,Parked,Parked,Parked,On main c'way - not in restricted lane,Cleared junction or waiting/parked at junction exit,None,None,Did not leave carriageway,None,Back,No,Not known,Male,Data missing or out of range,Data missing or out of range,NA,Heavy oil,16,Data missing or out of range,Data missing or out of range,Data missing or out of range
2018135610494,2018,135610494,1,Car,No tow/articulation,Moving off,North West,South East,On main c'way - not in restricted lane,Not at or within 20 metres of junction,None,None,Did not leave carriageway,None,Offside,No,Journey as part of work,Male,NA,36 - 45,Data missing or out of range,Undefined,-1,Data missing or out of range,Less deprived 30-40%,Urban area
2018135610494,2018,135610494,2,Car,No tow/articulation,Going ahead other,North West,South East,On main c'way - not in restricted lane,Not at or within 20 metres of junction,None,None,Did not leave carriageway,None,Nearside,No,Commuting to/from work,Female,NA,36 - 45,NA,Petrol,6,Data missing or out of range,More deprived 20-30%,Urban area
2018135620588,2018,135620588,1,Car,No tow/articulation,Overtaking static vehicle - offside,East,West,On main c'way - not in restricted lane,Not at or within 20 metres of junction,Overturned,None,Did not leave carriageway,None,Front,No,Not known,Female,NA,36 - 45,NA,Petrol,4,Data missing or out of range,Most deprived 10%,Urban area
2018135620588,2018,135620588,2,Car,No tow/articulation,Parked,Parked,Parked,On main c'way - not in restricted lane,Not at or within 20 metres of junction,None,None,Did not leave carriageway,None,Back,No,Not known,Not known,Data missing or out of range,Data missing or out of range,NA,Petrol,1,Data missing or out of range,Data missing or out of range,Data missing or out of range
2018135621707,2018,135621707,1,Car,No tow/articulation,Going ahead other,North,South East,On main c'way - not in restricted lane,Mid Junction - on roundabout or on main road,None,None,Did not leave carriageway,None,Front,No,Journey as part of work,Male,NA,16 - 20,NA,Heavy oil,4,Data missing or out of range,Data missing or out of range,Data missing or out of range
2018135621707,2018,135621707,2,Car,No tow/articulation,Going ahead other,West,East,On main c'way - not in restricted lane,Entering main road,None,None,Did not leave carriageway,None,Nearside,No,Not known,Male,NA,26 - 35,NA,Heavy oil,16,Data missing or out of range,Data missing or out of range,Data missing or out of range
2018135621886,2018,135621886,1,Motorcycle over 500cc,No tow/articulation,Going ahead other,North West,South East,On main c'way - not in restricted lane,Not at or within 20 metres of junction,None,None,Did not leave carriageway,None,Front,No,Not known,Male,NA,36 - 45,NA,Petrol,9,Data missing or out of range,Most deprived 10%,Urban area
2018135622065,2018,135622065,1,Car,No tow/articulation,Going ahead other,North East,South West,On main c'way - not in restricted lane,Mid Junction - on roundabout or on main road,None,None,Did not leave carriageway,None,Front,No,Not known,Male,NA,16 - 20,NA,Heavy oil,3,Data missing or out of range,Less deprived 40-50%,Urban area
2018135622065,2018,135622065,2,Car,No tow/articulation,Turning right,South West,East,On main c'way - not in restricted lane,Leaving main road,None,None,Did not leave carriageway,None,Nearside,No,Not known,Female,NA,46 - 55,NA,Heavy oil,9,Data missing or out of range,Most deprived 10%,Urban area
2018135630913,2018,135630913,1,Car,No tow/articulation,Waiting to go - held up,North,South East,On main c'way - not in restricted lane,Approaching junction or waiting/parked at junction approach,None,None,Did not leave carriageway,None,Back,No,Not known,Female,NA,21 - 25,NA,Petrol,11,Data missing or out of range,More deprived 20-30%,Urban area
2018135630913,2018,135630913,2,Car,No tow/articulation,Going ahead other,North,South East,On main c'way - not in restricted lane,Approaching junction or waiting/parked at junction approach,None,None,Did not leave carriageway,None,Front,No,Not known,Male,NA,26 - 35,NA,Heavy oil,10,Data missing or out of range,Most deprived 10%,Urban area
2018135631540,2018,135631540,1,Other vehicle,No tow/articulation,Going ahead other,North,South East,On main c'way - not in restricted lane,Mid Junction - on roundabout or on main road,None,None,Did not leave carriageway,None,Front,No,Not known,Not known,Data missing or out of range,Data missing or out of range,Data missing or out of range,Undefined,-1,Data missing or out of range,Data missing or out of range,Data missing or out of range
2018135631540,2018,135631540,2,Motorcycle over 125cc and up to 500cc,No tow/articulation,Slowing or stopping,North,South East,On main c'way - not in restricted lane,Mid Junction - on roundabout or on main road,Overturned,Central island of roundabout,Straight ahead at junction,None,Back,No,Journey as part of work,Male,NA,36 - 45,NA,Petrol,0,Data missing or out of range,More deprived 40-50%,Urban area
2018135631846,2018,135631846,1,Car,No tow/articulation,Reversing,North,South East,On main c'way - not in restricted lane,Not at or within 20 metres of junction,None,None,Did not leave carriageway,None,Front,No,Not known,Male,NA,21 - 25,NA,Heavy oil,11,Data missing or out of range,Data missing or out of range,Data missing or out of range
2018135631846,2018,135631846,2,Car,No tow/articulation,Parked,Parked,Parked,On main c'way - not in restricted lane,Not at or within 20 metres of junction,None,None,Did not leave carriageway,None,Front,No,Journey as part of work,Male,NA,26 - 35,NA,Heavy oil,0,Data missing or out of range,Data missing or out of range,Data missing or out of range
2018135641265,2018,135641265,1,Pedal cycle,No tow/articulation,Turning right,North East,North West,On main c'way - not in restricted lane,Not at or within 20 metres of junction,None,None,Did not leave carriageway,None,Front,No,Not known,Male,NA,21 - 25,Data missing or out of range,Undefined,-1,Data missing or out of range,Most deprived 10%,Urban area
2018135641265,2018,135641265,2,Car,No tow/articulation,Going ahead other,South West,North East,On main c'way - not in restricted lane,Not at or within 20 metres of junction,None,None,Did not leave carriageway,None,Front,No,Not known,Not known,Data missing or out of range,Data missing or out of range,Data missing or out of range,Undefined,-1,Data missing or out of range,Data missing or out of range,Data missing or out of range
2018135652010,2018,135652010,1,Car,No tow/articulation,Going ahead other,East,West,On main c'way - not in restricted lane,Not at or within 20 metres of junction,None,None,Did not leave carriageway,None,Front,No,Not known,Female,NA,21 - 25,NA,Heavy oil,5,Data missing or out of range,More deprived 20-30%,Urban area
2018135652010,2018,135652010,2,Car,No tow/articulation,Going ahead other,West,East,On main c'way - not in restricted lane,Not at or within 20 metres of junction,None,None,Did not leave carriageway,None,Front,No,Not known,Not known,Data missing or out of range,Data missing or out of range,NA,Heavy oil,15,Data missing or out of range,More deprived 20-30%,Urban area
2018135660462,2018,135660462,1,Goods 7.5 tonnes mgw and over,Articulated vehicle,Changing lane to left,North East,South West,On main c'way - not in restricted lane,Not at or within 20 metres of junction,None,None,Did not leave carriageway,None,Offside,No,Journey as part of work,Male,Data missing or out of range,Data missing or out of range,NA,Heavy oil,6,Data missing or out of range,Data missing or out of range,Data missing or out of range
2018135660462,2018,135660462,2,Van / Goods 3.5 tonnes mgw or under,No tow/articulation,Going ahead other,North East,South West,On main c'way - not in restricted lane,Not at or within 20 metres of junction,None,None,Did not leave carriageway,None,Nearside,No,Journey as part of work,Male,NA,26 - 35,NA,Heavy oil,1,Data missing or out of range,More deprived 30-40%,Urban area
2018135670589,2018,135670589,1,Car,No tow/articulation,Slowing or stopping,East,West,On main c'way - not in restricted lane,Approaching junction or waiting/parked at junction approach,None,None,Did not leave carriageway,None,Front,No,Not known,Male,NA,36 - 45,NA,Heavy oil,5,Data missing or out of range,More deprived 10-20%,Urban area
2018135670589,2018,135670589,2,Car,No tow/articulation,Parked,Parked,Parked,On main c'way - not in restricted lane,Approaching junction or waiting/parked at junction approach,None,None,Did not leave carriageway,None,Back,No,Not known,Female,NA,46 - 55,NA,Heavy oil,8,Data missing or out of range,More deprived 20-30%,Urban area
2018135671623,2018,135671623,1,Car,No tow/articulation,Turning right,South East,East,On main c'way - not in restricted lane,Entering main road,None,None,Did not leave carriageway,None,Nearside,No,Not known,Female,NA,16 - 20,NA,Petrol,10,Data missing or out of range,Least deprived 10%,Urban area
2018135671623,2018,135671623,2,Pedal cycle,No tow/articulation,Going ahead other,East,West,On main c'way - not in restricted lane,Mid Junction - on roundabout or on main road,None,None,Did not leave carriageway,None,Front,No,Not known,Male,NA,36 - 45,Data missing or out of range,Undefined,-1,Data missing or out of range,Less deprived 40-50%,Urban area
2018135690942,2018,135690942,1,Car,No tow/articulation,Going ahead other,North West,South East,On main c'way - not in restricted lane,Approaching junction or waiting/parked at junction approach,None,None,Did not leave carriageway,None,Offside,No,Not known,Female,NA,26 - 35,Data missing or out of range,Undefined,-1,Data missing or out of range,Data missing or out of range,Data missing or out of range
2018135691532,2018,135691532,1,Car,No tow/articulation,Going ahead other,North West,North East,On main c'way - not in restricted lane,Approaching junction or waiting/parked at junction approach,None,None,Did not leave carriageway,None,Back,No,Not known,Female,NA,21 - 25,NA,Heavy oil,3,Data missing or out of range,Most deprived 10%,Urban area
2018135691532,2018,135691532,2,Car,No tow/articulation,Going ahead other,North West,South East,On main c'way - not in restricted lane,Approaching junction or waiting/parked at junction approach,None,None,Did not leave carriageway,None,Front,No,Not known,Female,Data missing or out of range,Data missing or out of range,NA,Petrol,6,Data missing or out of range,Data missing or out of range,Data missing or out of range
20181356A0875,2018,1356A0875,1,Car,No tow/articulation,Going ahead other,North East,South West,On main c'way - not in restricted lane,Cleared junction or waiting/parked at junction exit,None,None,Did not leave carriageway,None,Front,No,Not known,Female,NA,21 - 25,NA,Petrol,12,Data missing or out of range,Most deprived 10%,Urban area
20181356A1036,2018,1356A1036,1,Car,No tow/articulation,Going ahead other,South East,North,On main c'way - not in restricted lane,Mid Junction - on roundabout or on main road,None,None,Did not leave carriageway,None,Front,No,Not known,Male,NA,21 - 25,NA,Heavy oil,11,Data missing or out of range,Most deprived 10%,Urban area
20181356A1036,2018,1356A1036,2,Car,No tow/articulation,Going ahead other,East,West,On main c'way - not in restricted lane,Mid Junction - on roundabout or on main road,None,None,Did not leave carriageway,None,Front,No,Not known,Male,NA,36 - 45,NA,Petrol,18,Data missing or out of range,Most deprived 10%,Urban area
20181356A1036,2018,1356A1036,3,Car,No tow/articulation,Moving off,West,East,On main c'way - not in restricted lane,Mid Junction - on roundabout or on main road,None,None,Did not leave carriageway,None,Offside,No,Not known,Male,NA,36 - 45,NA,Heavy oil,5,Data missing or out of range,Most deprived 10%,Urban area
20181356A1082,2018,1356A1082,1,Car,No tow/articulation,Reversing,North East,South West,On main c'way - not in restricted lane,Not at or within 20 metres of junction,None,None,Did not leave carriageway,None,Offside,No,Not known,Male,NA,56 - 65,NA,Petrol,15,Data missing or out of range,More deprived 10-20%,Urban area
20181356A1082,2018,1356A1082,2,Van / Goods 3.5 tonnes mgw or under,No tow/articulation,Going ahead other,North West,South East,On main c'way - not in restricted lane,Not at or within 20 metres of junction,None,None,Did not leave carriageway,Wall or fence,Front,No,Not known,Male,NA,56 - 65,Data missing or out of range,Undefined,-1,Data missing or out of range,More deprived 40-50%,Urban area
20181356A1321,2018,1356A1321,1,Car,No tow/articulation,U-turn,North West,North West,On main c'way - not in restricted lane,Not at or within 20 metres of junction,None,None,Did not leave carriageway,None,Offside,No,Not known,Male,NA,21 - 25,NA,Heavy oil,8,Data missing or out of range,Less deprived 20-30%,Urban area
20181356A1321,2018,1356A1321,2,Motorcycle over 500cc,No tow/articulation,Going ahead other,North West,South East,On main c'way - not in restricted lane,Not at or within 20 metres of junction,None,None,Did not leave carriageway,None,Nearside,No,Not known,Male,NA,46 - 55,NA,Petrol,19,Data missing or out of range,Less deprived 40-50%,Urban area
20181356A1452,2018,1356A1452,1,Motorcycle over 500cc,No tow/articulation,Going ahead right-hand bend,South East,North West,On main c'way - not in restricted lane,Not at or within 20 metres of junction,Skidded and overturned,None,Nearside,Wall or fence,Front,No,Not known,Male,NA,36 - 45,NA,Petrol,22,Data missing or out of range,Most deprived 10%,Urban area
20181356A1877,2018,1356A1877,1,Taxi/Private hire car,No tow/articulation,Slowing or stopping,West,East,On main c'way - not in restricted lane,Cleared junction or waiting/parked at junction exit,None,None,Did not leave carriageway,None,Front,No,Journey as part of work,Male,NA,21 - 25,NA,Heavy oil,6,Data missing or out of range,Data missing or out of range,Data missing or out of range
20181356A1877,2018,1356A1877,2,Car,No tow/articulation,Slowing or stopping,West,East,On main c'way - not in restricted lane,Cleared junction or waiting/parked at junction exit,None,None,Did not leave carriageway,None,Back,No,Not known,Female,NA,26 - 35,NA,Petrol,7,Data missing or out of range,More deprived 10-20%,Urban area
20181356A2006,2018,1356A2006,1,Car,No tow/articulation,Going ahead other,East,West,On main c'way - not in restricted lane,Approaching junction or waiting/parked at junction approach,None,None,Offside and rebounded,Lamp post,Front,No,Not known,Male,NA,21 - 25,NA,Petrol,12,Data missing or out of range,Most deprived 10%,Urban area