accident_index,accident_year,accident_reference,vehicle_reference,vehicle_type,towing_and_articulation,vehicle_manoeuvre,vehicle_direction_from,vehicle_direction_to,vehicle_location_restricted_lane,junction_location,skidding_and_overturning,hit_object_in_carriageway,vehicle_leaving_carriageway,hit_object_off_carriageway,first_point_of_impact,vehicle_left_hand_drive,journey_purpose_of_driver,sex_of_driver,age_of_driver,age_band_of_driver,engine_capacity_cc,propulsion_code,age_of_vehicle,generic_make_model,driver_imd_decile,driver_home_area_type
20181356B1718,2018,1356B1718,1,Pedal cycle,No tow/articulation,Turning right,East,West,On main c'way - not in restricted lane,Not at or within 20 metres of junction,None,None,Did not leave carriageway,None,Front,No,Not known,Male,NA,6 - 10,Data missing or out of range,Undefined,-1,Data missing or out of range,Most deprived 10%,Urban area
20181356B1718,2018,1356B1718,2,Car,No tow/articulation,Going ahead other,North West,South East,On main c'way - not in restricted lane,Not at or within 20 metres of junction,None,None,Did not leave carriageway,None,Front,No,Not known,Male,NA,26 - 35,NA,Heavy oil,11,Data missing or out of range,Data missing or out of range,Data missing or out of range
20181356C0609,2018,1356C0609,1,Car,No tow/articulation,Moving off,West,East,On main c'way - not in restricted lane,Leaving roundabout,None,None,Did not leave carriageway,None,Front,No,Not known,Male,Data missing or out of range,Data missing or out of range,Data missing or out of range,Undefined,-1,Data missing or out of range,Data missing or out of range,Data missing or out of range
20181356C1189,2018,1356C1189,1,Motorcycle 125cc and under,No tow/articulation,Going ahead other,East,West,On main c'way - not in restricted lane,Approaching junction or waiting/parked at junction approach,None,None,Did not leave carriageway,None,Front,No,Not known,Male,NA,16 - 20,NA,Petrol,12,Data missing or out of range,Less deprived 30-40%,Urban area
20181356C1189,2018,1356C1189,2,Car,No tow/articulation,Turning right,North,East,On main c'way - not in restricted lane,Entering main road,None,None,Did not leave carriageway,None,Offside,No,Not known,Male,NA,26 - 35,NA,Heavy oil,10,Data missing or out of range,More deprived 10-20%,Urban area
20181356C1378,2018,1356C1378,1,Car,No tow/articulation,Turning left,South East,North West,On main c'way - not in restricted lane,Leaving main road,None,Parked vehicle,Did not leave carriageway,None,Front,No,Journey as part of work,Female,NA,26 - 35,NA,Petrol,16,Data missing or out of range,Data missing or out of range,Data missing or out of range
20181356C1378,2018,1356C1378,2,Car,No tow/articulation,Going ahead other,North West,South East,On main c'way - not in restricted lane,Entering main road,None,None,Did not leave carriageway,None,Front,No,Not known,Male,NA,36 - 45,NA,Petrol,11,Data missing or out of range,Data missing or out of range,Data missing or out of range
20181356C1889,2018,1356C1889,1,Car,No tow/articulation,Going ahead other,North,South East,On main c'way - not in restricted lane,Not at or within 20 metres of junction,None,None,Did not leave carriageway,None,Nearside,No,Not known,Male,NA,36 - 45,NA,Heavy oil,10,Data missing or out of range,Most deprived 10%,Urban area
20181356D0139,2018,1356D0139,1,Car,No tow/articulation,Going ahead other,North,East,On main c'way - not in restricted lane,Mid Junction - on roundabout or on main road,None,None,Straight ahead at junction,Wall or fence,Front,No,Not known,Male,NA,21 - 25,NA,Heavy oil,1,Data missing or out of range,Data missing or out of range,Data missing or out of range
20181356D0139,2018,1356D0139,2,Car,No tow/articulation,Going ahead other,West,East,On main c'way - not in restricted lane,Approaching junction or waiting/parked at junction approach,None,None,Straight ahead at junction,Wall or fence,Front,No,Not known,Male,NA,26 - 35,NA,Heavy oil,0,Data missing or out of range,Data missing or out of range,Data missing or out of range
20181356D0958,2018,1356D0958,1,Pedal cycle,No tow/articulation,Going ahead other,South West,North East,On main c'way - not in restricted lane,Not at or within 20 metres of junction,None,None,Did not leave carriageway,None,Did not impact,No,Not known,Male,NA,66 - 75,Data missing or out of range,Undefined,-1,Data missing or out of range,Less deprived 10-20%,Urban area
20181356D1754,2018,1356D1754,1,Car,No tow/articulation,Going ahead other,South East,North West,On main c'way - not in restricted lane,Approaching junction or waiting/parked at junction approach,None,None,Did not leave carriageway,None,Front,No,Not known,Male,NA,36 - 45,NA,Petrol,11,Data missing or out of range,Most deprived 10%,Urban area
20181356E0611,2018,1356E0611,1,Car,No tow/articulation,Going ahead other,North West,South East,On main c'way - not in restricted lane,Not at or within 20 metres of junction,Overturned,Parked vehicle,Did not leave carriageway,None,Front,No,Not known,Female,NA,66 - 75,NA,Heavy oil,4,Data missing or out of range,Less deprived 40-50%,Urban area
20181356E0611,2018,1356E0611,2,Car,No tow/articulation,Parked,Parked,Parked,On main c'way - not in restricted lane,Not at or within 20 metres of junction,None,None,Did not leave carriageway,None,Back,No,Not known,Not known,Data missing or out of range,Data missing or out of range,NA,Petrol,9,Data missing or out of range,Data missing or out of range,Data missing or out of range
20181356E1022,2018,1356E1022,1,Car,No tow/articulation,Going ahead other,South East,North West,On main c'way - not in restricted lane,Not at or within 20 metres of junction,None,None,Did not leave carriageway,None,Back,No,Not known,Not known,Data missing or out of range,Data missing or out of range,Data missing or out of range,Undefined,-1,Data missing or out of range,Data missing or out of range,Data missing or out of range
20181356E1022,2018,1356E1022,2,Car,No tow/articulation,Going ahead other,South East,North West,On main c'way - not in restricted lane,Not at or within 20 metres of junction,None,None,Did not leave carriageway,None,Front,No,Not known,Female,NA,26 - 35,NA,Heavy oil,12,Data missing or out of range,More deprived 30-40%,Urban area
20181356E1084,2018,1356E1084,1,Taxi/Private hire car,No tow/articulation,Going ahead other,East,West,On main c'way - not in restricted lane,Not at or within 20 metres of junction,Overturned,None,Nearside,Entered ditch,Front,No,Journey as part of work,Male,NA,66 - 75,NA,Heavy oil,4,Data missing or out of range,Most deprived 10%,Urban area
20181356G0490,2018,1356G0490,1,Car,No tow/articulation,Going ahead left-hand bend,North East,South West,On main c'way - not in restricted lane,Not at or within 20 metres of junction,Skidded,None,Did not leave carriageway,Near/Offside crash barrier,Nearside,No,Commuting to/from work,Male,NA,16 - 20,NA,Petrol,13,Data missing or out of range,Data missing or out of range,Data missing or out of range
20181356G0490,2018,1356G0490,2,Van / Goods 3.5 tonnes mgw or under,No tow/articulation,Going ahead right-hand bend,South West,North East,On main c'way - not in restricted lane,Not at or within 20 metres of junction,None,None,Did not leave carriageway,None,Front,No,Commuting to/from work,Male,NA,46 - 55,NA,Heavy oil,1,Data missing or out of range,Most deprived 10%,Urban area
20181356H0583,2018,1356H0583,1,Pedal cycle,No tow/articulation,Going ahead other,South East,North West,On main c'way - not in restricted lane,Not at or within 20 metres of junction,Skidded,None,Did not leave carriageway,None,Front,No,Not known,Male,NA,46 - 55,Data missing or out of range,Undefined,-1,Data missing or out of range,More deprived 30-40%,Urban area
20181356H0583,2018,1356H0583,2,Car,No tow/articulation,Going ahead other,North West,South East,On main c'way - not in restricted lane,Not at or within 20 metres of junction,None,None,Did not leave carriageway,None,Front,No,Not known,Male,NA,36 - 45,NA,Heavy oil,0,Data missing or out of range,Less deprived 30-40%,Rural
20181356I0400,2018,1356I0400,1,Car,No tow/articulation,Slowing or stopping,West,East,On main c'way - not in restricted lane,Not at or within 20 metres of junction,None,None,Did not leave carriageway,None,Offside,No,Not known,Female,NA,21 - 25,NA,Heavy oil,8,Data missing or out of range,Most deprived 10%,Urban area
20181356I0990,2018,1356I0990,1,Car,No tow/articulation,Turning right,West,South East,On main c'way - not in restricted lane,Cleared junction or waiting/parked at junction exit,None,None,Did not leave carriageway,None,Front,No,Not known,Female,NA,26 - 35,NA,Petrol,3,Data missing or out of range,More deprived 40-50%,Urban area
20181356I0990,2018,1356I0990,2,Car,No tow/articulation,Going ahead other,South East,North,On main c'way - not in restricted lane,Approaching junction or waiting/parked at junction approach,Skidded,None,Did not leave carriageway,None,Nearside,No,Not known,Male,Data missing or out of range,Data missing or out of range,NA,Heavy oil,14,Data missing or out of range,Data missing or out of range,Data missing or out of range
20181356I1043,2018,1356I1043,1,Car,No tow/articulation,Reversing,North,North East,On main c'way - not in restricted lane,Not at or within 20 metres of junction,None,None,Did not leave carriageway,None,Back,No,Not known,Not known,Data missing or out of range,Data missing or out of range,Data missing or out of range,Undefined,-1,Data missing or out of range,Data missing or out of range,Data missing or out of range
20181356I1043,2018,1356I1043,2,Car,No tow/articulation,Going ahead other,South East,North,On main c'way - not in restricted lane,Not at or within 20 metres of junction,None,None,Did not leave carriageway,None,Front,No,Not known,Male,NA,21 - 25,NA,Heavy oil,8,Data missing or out of range,More deprived 20-30%,Urban area
20181356I1258,2018,1356I1258,1,Car,No tow/articulation,Turning right,South West,South East,On main c'way - not in restricted lane,Entering main road,None,None,Did not leave carriageway,None,Front,No,Commuting to/from work,Male,NA,26 - 35,NA,Heavy oil,7,Data missing or out of range,More deprived 20-30%,Urban area
20181356I1258,2018,1356I1258,2,Car,No tow/articulation,Going ahead other,North West,South East,On main c'way - not in restricted lane,Approaching junction or waiting/parked at junction approach,None,None,Did not leave carriageway,None,Offside,No,Not known,Female,NA,26 - 35,NA,Petrol,2,Data missing or out of range,More deprived 30-40%,Urban area
20181356I1759,2018,1356I1759,1,Bus or coach (17 or more pass seats),No tow/articulation,Moving off,East,West,On main c'way - not in restricted lane,Not at or within 20 metres of junction,None,None,Did not leave carriageway,None,Did not impact,No,Journey as part of work,Male,NA,46 - 55,NA,Heavy oil,10,Data missing or out of range,More deprived 10-20%,Urban area
20181356J1197,2018,1356J1197,1,Car,No tow/articulation,Turning left,West,North,On main c'way - not in restricted lane,Mid Junction - on roundabout or on main road,None,None,Did not leave carriageway,None,Nearside,No,Not known,Male,NA,36 - 45,NA,Heavy oil,0,Data missing or out of range,More deprived 20-30%,Urban area
20181356J1221,2018,1356J1221,1,Car,No tow/articulation,Turning left,East,South East,On main c'way - not in restricted lane,Mid Junction - on roundabout or on main road,None,None,Did not leave carriageway,None,Nearside,No,Not known,Female,NA,56 - 65,NA,Petrol,13,Data missing or out of range,Most deprived 10%,Urban area
20181356J1221,2018,1356J1221,2,Pedal cycle,No tow/articulation,Going ahead other,East,West,On main c'way - not in restricted lane,Mid Junction - on roundabout or on main road,None,None,Did not leave carriageway,None,Front,No,Not known,Male,NA,46 - 55,Data missing or out of range,Undefined,-1,Data missing or out of range,Less deprived 40-50%,Urban area
20181356J1962,2018,1356J1962,1,Car,No tow/articulation,Going ahead other,South West,North East,On main c'way - not in restricted lane,Approaching junction or waiting/parked at junction approach,None,None,Nearside,Wall or fence,Front,No,Not known,Female,NA,26 - 35,NA,Petrol,10,Data missing or out of range,More deprived 10-20%,Urban area
20181356J1962,2018,1356J1962,2,Car,No tow/articulation,Turning right,South West,South East,On main c'way - not in restricted lane,Approaching junction or waiting/parked at junction approach,None,None,Did not leave carriageway,None,Offside,No,Not known,Male,NA,46 - 55,NA,Petrol,8,Data missing or out of range,More deprived 10-20%,Urban area
20181356K1107,2018,1356K1107,1,Bus or coach (17 or more pass seats),No tow/articulation,Going ahead other,North,South East,Bus lane,Approaching junction or waiting/parked at junction approach,None,None,Did not leave carriageway,None,Front,No,Journey as part of work,Male,NA,26 - 35,NA,Heavy oil,11,Data missing or out of range,More deprived 20-30%,Urban area
20181356L0255,2018,1356L0255,1,Car,No tow/articulation,Turning right,North,West,On main c'way - not in restricted lane,Entering main road,None,None,Did not leave carriageway,None,Offside,No,Not known,Female,NA,66 - 75,NA,Heavy oil,4,Data missing or out of range,More deprived 40-50%,Urban area
20181356L0255,2018,1356L0255,2,Motorcycle over 500cc,No tow/articulation,Going ahead other,West,East,On main c'way - not in restricted lane,Approaching junction or waiting/parked at junction approach,None,None,Offside,None,Front,No,Journey as part of work,Male,NA,26 - 35,Data missing or out of range,Undefined,-1,Data missing or out of range,More deprived 10-20%,Urban area
20181356L0322,2018,1356L0322,1,Pedal cycle,No tow/articulation,Going ahead other,East,West,On main c'way - not in restricted lane,Mid Junction - on roundabout or on main road,None,None,Did not leave carriageway,None,Front,No,Commuting to/from work,Male,NA,26 - 35,Data missing or out of range,Undefined,-1,Data missing or out of range,Less deprived 40-50%,Urban area
20181356L0322,2018,1356L0322,2,Car,No tow/articulation,Turning left,West,North,On main c'way - not in restricted lane,Mid Junction - on roundabout or on main road,None,None,Did not leave carriageway,None,Offside,No,Commuting to/from work,Female,NA,46 - 55,NA,Petrol,11,Data missing or out of range,Less deprived 20-30%,Urban area
20181356L0444,2018,1356L0444,1,Car,No tow/articulation,Going ahead other,South East,North,On main c'way - not in restricted lane,Not at or within 20 metres of junction,None,None,Did not leave carriageway,None,Front,No,Not known,Male,NA,16 - 20,Data missing or out of range,Undefined,-1,Data missing or out of range,Data missing or out of range,Data missing or out of range
20181356L1519,2018,1356L1519,1,Car,No tow/articulation,Reversing,North,South East,On main c'way - not in restricted lane,Entering main road,None,None,Did not leave carriageway,None,Nearside,No,Not known,Male,NA,56 - 65,NA,Petrol,3,Data missing or out of range,More deprived 30-40%,Urban area
20181356L1519,2018,1356L1519,2,Motorcycle over 500cc,No tow/articulation,Going ahead other,West,East,On main c'way - not in restricted lane,Mid Junction - on roundabout or on main road,Skidded,None,Did not leave carriageway,None,Front,No,Not known,Male,NA,26 - 35,NA,Petrol,19,Data missing or out of range,More deprived 40-50%,Urban area
20181356M0374,2018,1356M0374,1,Goods 7.5 tonnes mgw and over,Articulated vehicle,Going ahead other,South East,North,On main c'way - not in restricted lane,Mid Junction - on roundabout or on main road,None,None,Did not leave carriageway,None,Front,No,Journey as part of work,Male,NA,36 - 45,NA,Heavy oil,2,Data missing or out of range,More deprived 40-50%,Urban area
20181356M0374,2018,1356M0374,2,Car,No tow/articulation,Going ahead other,South East,North,On main c'way - not in restricted lane,Mid Junction - on roundabout or on main road,Skidded,None,Did not leave carriageway,None,Nearside,No,Not known,Female,NA,16 - 20,NA,Petrol,10,Data missing or out of range,More deprived 10-20%,Urban area
20181356M0436,2018,1356M0436,1,Car,No tow/articulation,Going ahead other,West,East,On main c'way - not in restricted lane,Not at or within 20 metres of junction,None,None,Did not leave carriageway,None,Front,No,Taking pupil to/from school,Female,NA,46 - 55,NA,Heavy oil,2,Data missing or out of range,Most deprived 10%,Urban area
20181356M1123,2018,1356M1123,1,Car,No tow/articulation,Going ahead other,North,South East,On main c'way - not in restricted lane,Approaching junction or waiting/parked at junction approach,None,None,Did not leave carriageway,None,Front,No,Not known,Male,NA,26 - 35,NA,Heavy oil,14,Data missing or out of range,Most deprived 10%,Urban area
20181356M1123,2018,1356M1123,2,Car,No tow/articulation,Going ahead other,East,West,On main c'way - not in restricted lane,Approaching junction or waiting/parked at junction approach,None,None,Did not leave carriageway,None,Front,No,Not known,Male,NA,26 - 35,NA,Petrol,4,Data missing or out of range,Most deprived 10%,Urban area
20181356M1674,2018,1356M1674,1,Car,No tow/articulation,Going ahead other,South East,North West,On main c'way - not in restricted lane,Not at or within 20 metres of junction,None,None,Did not leave carriageway,None,Front,No,Not known,Not known,Data missing or out of range,Data missing or out of range,Data missing or out of range,Undefined,-1,Data missing or out of range,Data missing or out of range,Data missing or out of range
20181356M1674,2018,1356M1674,2,Motorcycle 125cc and under,No tow/articulation,Going ahead other,South East,North West,On main c'way - not in restricted lane,Not at or within 20 metres of junction,None,None,Did not leave carriageway,None,Back,No,Not known,Female,NA,46 - 55,NA,Petrol,4,Data missing or out of range,More deprived 30-40%,Urban area
20181356M1942,2018,1356M1942,1,Car,No tow/articulation,Going ahead other,South East,North West,On main c'way - not in restricted lane,Not at or within 20 metres of junction,None,None,Did not leave carriageway,None,Front,No,Not known,Male,NA,36 - 45,NA,Heavy oil,2,Data missing or out of range,Less deprived 20-30%,Small town
20181356M1942,2018,1356M1942,2,Pedal cycle,No tow/articulation,Going ahead other,South East,North West,On main c'way - not in restricted lane,Not at or within 20 metres of junction,None,None,Did not leave carriageway,None,Back,No,Not known,Male,NA,56 - 65,Data missing or out of range,Undefined,-1,Data missing or out of range,Least deprived 10%,Urban area
20181356M2185,2018,1356M2185,1,Car,No tow/articulation,Waiting to turn right,East,West,On main c'way - not in restricted lane,Approaching junction or waiting/parked at junction approach,None,None,Did not leave carriageway,None,Offside,No,Not known,Female,NA,21 - 25,NA,Petrol,8,Data missing or out of range,Data missing or out of range,Data missing or out of range
20181356M2185,2018,1356M2185,2,Car,No tow/articulation,Turning left,South East,North,On main c'way - not in restricted lane,Approaching junction or waiting/parked at junction approach,None,None,Did not leave carriageway,None,Front,No,Not known,Male,NA,46 - 55,NA,Petrol,8,Data missing or out of range,More deprived 30-40%,Urban area
20181356N0082,2018,1356N0082,1,Car,No tow/articulation,U-turn,East,West,On main c'way - not in restricted lane,Leaving main road,None,None,Offside,Wall or fence,Offside,No,Not known,Male,NA,26 - 35,NA,Heavy oil,13,Data missing or out of range,Most deprived 10%,Urban area
20181356N0082,2018,1356N0082,2,Car,No tow/articulation,Going ahead other,East,East,On main c'way - not in restricted lane,Approaching junction or waiting/parked at junction approach,None,None,Did not leave carriageway,None,Front,No,Not known,Male,NA,26 - 35,NA,Hybrid electric,0,Data missing or out of range,More deprived 30-40%,Urban area
20181356N1394,2018,1356N1394,1,Car,No tow/articulation,Going ahead other,East,West,On main c'way - not in restricted lane,Not at or within 20 metres of junction,None,None,Did not leave carriageway,None,Offside,No,Not known,Male,NA,36 - 45,NA,Petrol,9,Data missing or out of range,More deprived 40-50%,Urban area
20181356N1394,2018,1356N1394,2,Pedal cycle,No tow/articulation,Going ahead other,East,West,On main c'way - not in restricted lane,Not at or within 20 metres of junction,None,None,Did not leave carriageway,None,Front,No,Not known,Male,NA,46 - 55,Data missing or out of range,Undefined,-1,Data missing or out of range,Most deprived 10%,Urban area
20181356O0515,2018,1356O0515,1,Car,No tow/articulation,Going ahead other,West,East,On main c'way - not in restricted lane,Not at or within 20 metres of junction,None,None,Did not leave carriageway,None,Front,No,Not known,Female,NA,21 - 25,NA,Petrol,1,Data missing or out of range,More deprived 20-30%,Urban area
20181356O0515,2018,1356O0515,2,Car,No tow/articulation,Going ahead other,East,West,On main c'way - not in restricted lane,Not at or within 20 metres of junction,None,None,Did not leave carriageway,None,Front,No,Not known,Female,NA,36 - 45,NA,Petrol,14,Data missing or out of range,Most deprived 10%,Urban area
20181356O0515,2018,1356O0515,3,Car,No tow/articulation,Parked,East,West,On main c'way - not in restricted lane,Not at or within 20 metres of junction,None,None,Did not leave carriageway,None,Nearside,No,Not known,Male,NA,26 - 35,NA,Heavy oil,10,Data missing or out of range,Most deprived 10%,Urban area
20181356O0969,2018,1356O0969,1,Car,No tow/articulation,Going ahead other,South East,North West,On main c'way - not in restricted lane,Mid Junction - on roundabout or on main road,None,None,Did not leave carriageway,None,Nearside,No,Not known,Male,NA,46 - 55,NA,Heavy oil,7,Data missing or out of range,More deprived 40-50%,Urban area
20181356O0969,2018,1356O0969,2,Pedal cycle,No tow/articulation,Going ahead other,North East,South West,On main c'way - not in restricted lane,Mid Junction - on roundabout or on main road,None,None,Did not leave carriageway,None,Back,No,Not known,Male,NA,66 - 75,Data missing or out of range,Undefined,-1,Data missing or out of range,Least deprived 10%,Small town
20181356O1424,2018,1356O1424,1,Agricultural vehicle,No tow/articulation,Going ahead other,North,South East,On main c'way - not in restricted lane,Not at or within 20 metres of junction,None,None,Did not leave carriageway,None,Did not impact,No,Not known,Male,NA,21 - 25,Data missing or out of range,Undefined,-1,Data missing or out of range,More deprived 30-40%,Urban area
20181356O1559,2018,1356O1559,1,Motorcycle over 125cc and up to 500cc,No tow/articulation,Going ahead other,East,West,Footway (pavement),Not at or within 20 metres of junction,None,None,Did not leave carriageway,None,Front,No,Not known,Male,NA,11 - 15,Data missing or out of range,Undefined,-1,Data missing or out of range,Data missing or out of range,Data missing or out of range
20181356P0609,2018,1356P0609,1,Car,No tow/articulation,Going ahead other,North,South East,On main c'way - not in restricted lane,Mid Junction - on roundabout or on main road,None,None,Did not leave carriageway,None,Front,No,Not known,Not known,NA,16 - 20,Data missing or out of range,Undefined,-1,Data missing or out of range,Data missing or out of range,Data missing or out of range
20181356P0609,2018,1356P0609,2,Car,No tow/articulation,Waiting to go - held up,Parked,Parked,On main c'way - not in restricted lane,Mid Junction - on roundabout or on main road,None,None,Did not leave carriageway,None,Back,No,Journey as part of work,Female,NA,36 - 45,NA,Petrol,12,Data missing or out of range,More deprived 10-20%,Urban area
20181356P1037,2018,1356P1037,1,Car,No tow/articulation,Going ahead other,East,West,On main c'way - not in restricted lane,Approaching junction or waiting/parked at junction approach,None,None,Did not leave carriageway,None,Front,No,Not known,Male,Data missing or out of range,Data missing or out of range,NA,Heavy oil,10,Data missing or out of range,Data missing or out of range,Data missing or out of range
20181356P1037,2018,1356P1037,2,Car,No tow/articulation,Waiting to go - held up,East,West,On main c'way - not in restricted lane,Approaching junction or waiting/parked at junction approach,None,None,Did not leave carriageway,None,Back,No,Not known,Male,NA,36 - 45,NA,Heavy oil,2,Data missing or out of range,More deprived 10-20%,Urban area
20181356P1396,2018,1356P1396,1,Car,No tow/articulation,Turning right,South West,South East,On main c'way - not in restricted lane,Entering main road,None,None,Did not leave carriageway,None,Nearside,No,Not known,Female,NA,16 - 20,NA,Petrol,1,Data missing or out of range,Less deprived 40-50%,Urban area
20181356P1396,2018,1356P1396,2,Pedal cycle,No tow/articulation,Going ahead other,North West,South East,On main c'way - not in restricted lane,Approaching junction or waiting/parked at junction approach,None,None,Did not leave carriageway,None,Front,No,Not known,Male,NA,46 - 55,Data missing or out of range,Undefined,-1,Data missing or out of range,Less deprived 20-30%,Urban area
20181356Q0551,2018,1356Q0551,1,Car,No tow/articulation,Slowing or stopping,South East,North,On main c'way - not in restricted lane,Approaching junction or waiting/parked at junction approach,None,None,Did not leave carriageway,None,Back,No,Journey as part of work,Female,NA,26 - 35,NA,Petrol,6,Data missing or out of range,More deprived 30-40%,Rural
20181356Q0551,2018,1356Q0551,2,Car,No tow/articulation,Going ahead other,South East,North,On main c'way - not in restricted lane,Approaching junction or waiting/parked at junction approach,None,None,Did not leave carriageway,None,Front,No,Journey as part of work,Male,NA,36 - 45,NA,Heavy oil,16,Data missing or out of range,Most deprived 10%,Urban area
20181356Q0551,2018,1356Q0551,3,Van / Goods 3.5 tonnes mgw or under,No tow/articulation,Slowing or stopping,South East,North,On main c'way - not in restricted lane,Approaching junction or waiting/parked at junction approach,None,None,Did not leave carriageway,None,Back,No,Journey as part of work,Male,NA,46 - 55,NA,Heavy oil,7,Data missing or out of range,Less deprived 20-30%,Urban area
20181356Q1408,2018,1356Q1408,1,Van / Goods 3.5 tonnes mgw or under,No tow/articulation,Going ahead other,East,West,On main c'way - not in restricted lane,Approaching junction or waiting/parked at junction approach,None,None,Did not leave carriageway,None,Nearside,No,Not known,Male,NA,26 - 35,NA,Heavy oil,4,Data missing or out of range,More deprived 20-30%,Urban area
20181356Q1408,2018,1356Q1408,2,Motorcycle 50cc and under,No tow/articulation,Going ahead other,North,South East,On main c'way - not in restricted lane,Approaching junction or waiting/parked at junction approach,None,None,Did not leave carriageway,None,Front,No,Not known,Male,NA,26 - 35,NA,Petrol,9,Data missing or out of range,Less deprived 30-40%,Urban area
20181356Q1408,2018,1356Q1408,3,Car,No tow/articulation,Going ahead other,North,South East,On main c'way - not in restricted lane,Approaching junction or waiting/parked at junction approach,None,None,Did not leave carriageway,None,Back,No,Not known,Male,NA,26 - 35,NA,Heavy oil,1,Data missing or out of range,Less deprived 40-50%,Urban area
20181356Q1679,2018,1356Q1679,1,Car,No tow/articulation,Going ahead other,East,West,On main c'way - not in restricted lane,Mid Junction - on roundabout or on main road,None,None,Did not leave carriageway,None,Front,No,Not known,Male,NA,26 - 35,NA,Petrol,8,Data missing or out of range,More deprived 20-30%,Urban area
20181356Q2114,2018,1356Q2114,1,Car,No tow/articulation,Going ahead other,East,West,On main c'way - not in restricted lane,Mid Junction - on roundabout or on main road,None,None,Did not leave carriageway,None,Offside,No,Not known,Female,NA,46 - 55,NA,Petrol,12,Data missing or out of range,Most deprived 10%,Urban area
20181356Q2114,2018,1356Q2114,2,Pedal cycle,No tow/articulation,Going ahead other,North,South East,On main c'way - not in restricted lane,Mid Junction - on roundabout or on main road,Skidded and overturned,None,Did not leave carriageway,None,Front,No,Not known,Male,NA,6 - 10,Data missing or out of range,Undefined,-1,Data missing or out of range,More deprived 20-30%,Urban area
20181356R1344,2018,1356R1344,1,Car,No tow/articulation,Turning right,North West,South West,On main c'way - not in restricted lane,Approaching junction or waiting/parked at junction approach,None,None,Did not leave carriageway,None,Offside,No,Not known,Female,NA,66 - 75,NA,Petrol,9,Data missing or out of range,Less deprived 20-30%,Urban area
20181356R1344,2018,1356R1344,2,Car,No tow/articulation,Turning right,South West,North West,On main c'way - not in restricted lane,Approaching junction or waiting/parked at junction approach,None,None,Did not leave carriageway,None,Front,No,Not known,Female,NA,26 - 35,NA,Petrol,17,Data missing or out of range,Less deprived 20-30%,Urban area
20181356R1664,2018,1356R1664,1,Car,No tow/articulation,Going ahead left-hand bend,North,South East,On main c'way - not in restricted lane,Approaching junction or waiting/parked at junction approach,None,None,Did not leave carriageway,None,Front,No,Not known,Female,NA,46 - 55,NA,Petrol,5,Data missing or out of range,Less deprived 40-50%,Urban area
20181356R1664,2018,1356R1664,2,Taxi/Private hire car,No tow/articulation,Going ahead other,East,West,On main c'way - not in restricted lane,Approaching junction or waiting/parked at junction approach,None,None,Did not leave carriageway,None,Front,No,Journey as part of work,Male,NA,56 - 65,NA,Heavy oil,2,Data missing or out of range,More deprived 10-20%,Urban area
20181356S2024,2018,1356S2024,1,Car,No tow/articulation,Going ahead other,North West,South East,On main c'way - not in restricted lane,Not at or within 20 metres of junction,None,None,Did not leave carriageway,None,Front,No,Journey as part of work,Male,NA,26 - 35,NA,Petrol,18,Data missing or out of range,Most deprived 10%,Urban area
20181356S2191,2018,1356S2191,1,Car,No tow/articulation,Turning left,West,North,On main c'way - not in restricted lane,Entering main road,None,None,Did not leave carriageway,None,Front,No,Not known,Male,NA,21 - 25,NA,Petrol,16,Data missing or out of range,More deprived 40-50%,Urban area
20181356S2191,2018,1356S2191,2,Car,No tow/articulation,Going ahead other,North,South East,On main c'way - not in restricted lane,Mid Junction - on roundabout or on main road,None,None,Did not leave carriageway,None,Front,No,Not known,Male,NA,21 - 25,NA,Heavy oil,6,Data missing or out of range,Most deprived 10%,Urban area
20181356S2191,2018,1356S2191,3,Car,No tow/articulation,Parked,Parked,Parked,On main c'way - not in restricted lane,Cleared junction or waiting/parked at junction exit,None,None,Did not leave carriageway,None,Offside,No,Not known,Male,NA,26 - 35,NA,Heavy oil,9,Data missing or out of range,Data missing or out of range,Data missing or out of range
20181356T0465,2018,1356T0465,1,Car,No tow/articulation,Going ahead other,North,East,On main c'way - not in restricted lane,Not at or within 20 metres of junction,None,None,Did not leave carriageway,None,Did not impact,No,Not known,Female,NA,56 - 65,NA,Petrol,9,Data missing or out of range,Less deprived 40-50%,Urban area
20181356T0539,2018,1356T0539,1,Car,No tow/articulation,Moving off,South East,North,On main c'way - not in restricted lane,Mid Junction - on roundabout or on main road,None,None,Did not leave carriageway,None,Front,No,Not known,Female,NA,26 - 35,NA,Petrol,12,Data missing or out of range,Less deprived 40-50%,Urban area
20181356T0539,2018,1356T0539,2,Car,No tow/articulation,Moving off,South East,North,On main c'way - not in restricted lane,Mid Junction - on roundabout or on main road,None,None,Did not leave carriageway,None,Back,No,Not known,Female,NA,21 - 25,NA,Petrol,5,Data missing or out of range,Less deprived 20-30%,Urban area