accident_index,accident_year,accident_reference,vehicle_reference,vehicle_type,towing_and_articulation,vehicle_manoeuvre,vehicle_direction_from,vehicle_direction_to,vehicle_location_restricted_lane,junction_location,skidding_and_overturning,hit_object_in_carriageway,vehicle_leaving_carriageway,hit_object_off_carriageway,first_point_of_impact,vehicle_left_hand_drive,journey_purpose_of_driver,sex_of_driver,age_of_driver,age_band_of_driver,engine_capacity_cc,propulsion_code,age_of_vehicle,generic_make_model,driver_imd_decile,driver_home_area_type
20181356T0686,2018,1356T0686,1,Car,No tow/articulation,Going ahead other,North West,South East,On main c'way - not in restricted lane,Not at or within 20 metres of junction,None,None,Did not leave carriageway,None,Nearside,No,Not known,Not known,Data missing or out of range,Data missing or out of range,Data missing or out of range,Undefined,-1,Data missing or out of range,Data missing or out of range,Data missing or out of range
20181356T0686,2018,1356T0686,2,Car,No tow/articulation,Parked,Parked,Parked,On main c'way - not in restricted lane,Not at or within 20 metres of junction,None,None,Did not leave carriageway,None,Offside,No,Not known,Female,NA,26 - 35,NA,Heavy oil,3,Data missing or out of range,Least deprived 10%,Urban area
20181356T0699,2018,1356T0699,1,Car,No tow/articulation,Going ahead other,East,West,On main c'way - not in restricted lane,Not at or within 20 metres of junction,None,None,Did not leave carriageway,Other permanent object,Nearside,No,Not known,Male,NA,36 - 45,NA,Heavy oil,13,Data missing or out of range,Most deprived 10%,Urban area
20181356T1347,2018,1356T1347,1,Car,No tow/articulation,Going ahead other,North East,South West,On main c'way - not in restricted lane,Not at or within 20 metres of junction,None,None,Did not leave carriageway,None,Front,No,Not known,Male,Data missing or out of range,Data missing or out of range,NA,Petrol,13,Data missing or out of range,Data missing or out of range,Data missing or out of range
20181356T1347,2018,1356T1347,2,Car,No tow/articulation,Slowing or stopping,North East,South West,On main c'way - not in restricted lane,Not at or within 20 metres of junction,None,None,Did not leave carriageway,None,Back,No,Not known,Female,NA,36 - 45,NA,Petrol,13,Data missing or out of range,More deprived 10-20%,Urban area
20181356U1233,2018,1356U1233,1,Car,No tow/articulation,Slowing or stopping,North East,South West,On main c'way - not in restricted lane,Approaching junction or waiting/parked at junction approach,None,None,Did not leave carriageway,None,Front,No,Not known,Male,NA,26 - 35,NA,Petrol,13,Data missing or out of range,Least deprived 10%,Urban area
20181356U1244,2018,1356U1244,1,Car,No tow/articulation,Going ahead other,North East,South West,On main c'way - not in restricted lane,Mid Junction - on roundabout or on main road,None,None,Did not leave carriageway,None,Front,No,Not known,Male,NA,36 - 45,Data missing or out of range,Undefined,-1,Data missing or out of range,Less deprived 10-20%,Urban area
20181356U1244,2018,1356U1244,2,Car,No tow/articulation,Turning left,North West,North East,On main c'way - not in restricted lane,Entering main road,None,None,Did not leave carriageway,None,Nearside,No,Not known,Male,Data missing or out of range,Data missing or out of range,Data missing or out of range,Undefined,-1,Data missing or out of range,Data missing or out of range,Data missing or out of range
20181356U1507,2018,1356U1507,1,Car,No tow/articulation,Turning right,South East,North,On main c'way - not in restricted lane,Entering main road,None,None,Did not leave carriageway,None,Offside,No,Not known,Male,NA,36 - 45,NA,Petrol,5,Data missing or out of range,Less deprived 20-30%,Urban area
20181356U1507,2018,1356U1507,2,Car,No tow/articulation,Going ahead other,North,South East,On main c'way - not in restricted lane,Approaching junction or waiting/parked at junction approach,None,None,Did not leave carriageway,None,Front,No,Not known,Male,NA,46 - 55,NA,Heavy oil,8,Data missing or out of range,Less deprived 10-20%,Rural
2018135711387,2018,135711387,1,Car,No tow/articulation,Going ahead other,South East,North West,On main c'way - not in restricted lane,Not at or within 20 metres of junction,None,None,Did not leave carriageway,None,Offside,No,Not known,Male,NA,26 - 35,NA,Petrol,10,Data missing or out of range,Data missing or out of range,Data missing or out of range
2018135711860,2018,135711860,1,Car,No tow/articulation,Slowing or stopping,North East,South West,On main c'way - not in restricted lane,Not at or within 20 metres of junction,Skidded,None,Did not leave carriageway,None,Front,No,Not known,Male,NA,26 - 35,NA,Petrol,1,Data missing or out of range,Most deprived 10%,Urban area
2018135720419,2018,135720419,1,Car,No tow/articulation,Going ahead other,North East,South West,On main c'way - not in restricted lane,Not at or within 20 metres of junction,None,None,Did not leave carriageway,None,Front,No,Not known,Male,NA,Over 75,NA,Petrol,14,Data missing or out of range,More deprived 10-20%,Urban area
2018135720419,2018,135720419,2,Car,No tow/articulation,Going ahead other,North East,South West,On main c'way - not in restricted lane,Not at or within 20 metres of junction,None,None,Did not leave carriageway,None,Back,No,Taking pupil to/from school,Female,NA,26 - 35,NA,Heavy oil,4,Data missing or out of range,More deprived 20-30%,Urban area
2018135731232,2018,135731232,1,Car,No tow/articulation,Going ahead other,North,South East,On main c'way - not in restricted lane,Mid Junction - on roundabout or on main road,None,None,Did not leave carriageway,None,Nearside,No,Commuting to/from work,Female,NA,66 - 75,NA,Petrol,6,Data missing or out of range,Less deprived 10-20%,Urban area
2018135731232,2018,135731232,2,Car,No tow/articulation,Going ahead other,East,West,On main c'way - not in restricted lane,Mid Junction - on roundabout or on main road,None,None,Did not leave carriageway,None,Front,No,Commuting to/from work,Male,NA,36 - 45,NA,Heavy oil,1,Data missing or out of range,Less deprived 40-50%,Urban area
2018135731800,2018,135731800,1,Car,No tow/articulation,Going ahead other,North East,South West,On main c'way - not in restricted lane,Not at or within 20 metres of junction,None,None,Did not leave carriageway,None,Nearside,No,Not known,Not known,Data missing or out of range,Data missing or out of range,Data missing or out of range,Undefined,-1,Data missing or out of range,Data missing or out of range,Data missing or out of range
2018135740334,2018,135740334,1,Pedal cycle,No tow/articulation,Going ahead other,North,South East,On main c'way - not in restricted lane,Mid Junction - on roundabout or on main road,None,Parked vehicle,Did not leave carriageway,None,Front,No,Not known,Female,NA,11 - 15,Data missing or out of range,Undefined,-1,Data missing or out of range,Most deprived 10%,Urban area
2018135740334,2018,135740334,2,Car,No tow/articulation,Parked,Parked,Parked,On main c'way - not in restricted lane,Mid Junction - on roundabout or on main road,None,None,Did not leave carriageway,None,Offside,No,Not known,Not known,Data missing or out of range,Data missing or out of range,NA,Petrol,14,Data missing or out of range,Data missing or out of range,Data missing or out of range
2018135740434,2018,135740434,1,Taxi/Private hire car,No tow/articulation,Going ahead right-hand bend,North West,East,On main c'way - not in restricted lane,Not at or within 20 metres of junction,None,None,Did not leave carriageway,None,Offside,No,Journey as part of work,Male,NA,46 - 55,NA,Heavy oil,7,Data missing or out of range,Less deprived 20-30%,Urban area
2018135740434,2018,135740434,2,Pedal cycle,No tow/articulation,Going ahead left-hand bend,East,North West,On main c'way - not in restricted lane,Not at or within 20 metres of junction,None,None,Did not leave carriageway,None,Offside,No,Not known,Male,NA,46 - 55,Data missing or out of range,Undefined,-1,Data missing or out of range,Least deprived 10%,Urban area
2018135741117,2018,135741117,1,Van / Goods 3.5 tonnes mgw or under,No tow/articulation,Turning right,North East,North West,On main c'way - not in restricted lane,Entering main road,None,None,Did not leave carriageway,None,Front,No,Not known,Male,NA,46 - 55,NA,Heavy oil,1,Data missing or out of range,More deprived 20-30%,Urban area
2018135741224,2018,135741224,1,Pedal cycle,No tow/articulation,Going ahead other,East,West,On main c'way - not in restricted lane,Not at or within 20 metres of junction,None,None,Did not leave carriageway,None,Front,No,Not known,Male,NA,6 - 10,Data missing or out of range,Undefined,-1,Data missing or out of range,Data missing or out of range,Data missing or out of range
2018135741224,2018,135741224,2,Taxi/Private hire car,No tow/articulation,Going ahead other,South East,North,On main c'way - not in restricted lane,Not at or within 20 metres of junction,None,None,Did not leave carriageway,None,Front,No,Journey as part of work,Male,NA,26 - 35,NA,Heavy oil,6,Data missing or out of range,Data missing or out of range,Data missing or out of range
2018135741665,2018,135741665,1,Car,No tow/articulation,Moving off,East,West,On main c'way - not in restricted lane,Mid Junction - on roundabout or on main road,None,None,Did not leave carriageway,None,Front,No,Not known,Male,Data missing or out of range,Data missing or out of range,NA,Heavy oil,11,Data missing or out of range,Data missing or out of range,Data missing or out of range
2018135751134,2018,135751134,1,Car,No tow/articulation,Going ahead other,North East,South West,On main c'way - not in restricted lane,Approaching junction or waiting/parked at junction approach,None,None,Did not leave carriageway,None,Nearside,No,Not known,Male,NA,66 - 75,NA,Heavy oil,2,Data missing or out of range,More deprived 10-20%,Urban area
2018135760366,2018,135760366,1,Car,No tow/articulation,Turning left,South East,South West,On main c'way - not in restricted lane,Approaching junction or waiting/parked at junction approach,None,None,Did not leave carriageway,None,Back,No,Not known,Male,NA,36 - 45,NA,Petrol,8,Data missing or out of range,Less deprived 10-20%,Urban area
2018135760366,2018,135760366,2,Pedal cycle,No tow/articulation,Going ahead other,North East,South West,On main c'way - not in restricted lane,Approaching junction or waiting/parked at junction approach,None,None,Did not leave carriageway,None,Front,No,Not known,Female,NA,36 - 45,Data missing or out of range,Undefined,-1,Data missing or out of range,More deprived 10-20%,Urban area
2018135760846,2018,135760846,1,Car,No tow/articulation,Going ahead other,North,South East,On main c'way - not in restricted lane,Not at or within 20 metres of junction,None,Parked vehicle,Did not leave carriageway,None,Front,No,Not known,Female,NA,16 - 20,NA,Heavy oil,10,Data missing or out of range,More deprived 40-50%,Urban area
2018135760846,2018,135760846,2,Car,No tow/articulation,Parked,Parked,Parked,On main c'way - not in restricted lane,Not at or within 20 metres of junction,None,Parked vehicle,Did not leave carriageway,None,Front,No,Not known,Not known,Data missing or out of range,Data missing or out of range,NA,Heavy oil,8,Data missing or out of range,Data missing or out of range,Data missing or out of range
2018135760846,2018,135760846,3,Car,No tow/articulation,Parked,Parked,Parked,On main c'way - not in restricted lane,Not at or within 20 metres of junction,None,None,Did not leave carriageway,None,Back,No,Not known,Not known,Data missing or out of range,Data missing or out of range,NA,Heavy oil,7,Data missing or out of range,Data missing or out of range,Data missing or out of range
2018135761895,2018,135761895,1,Motorcycle 125cc and under,No tow/articulation,Going ahead other,North,South East,On main c'way - not in restricted lane,Mid Junction - on roundabout or on main road,Skidded and overturned,None,Straight ahead at junction,Wall or fence,Front,No,Not known,Male,NA,36 - 45,Data missing or out of range,Undefined,-1,Data missing or out of range,Most deprived 10%,Urban area
2018135762233,2018,135762233,1,Car,No tow/articulation,Going ahead other,North West,South East,On main c'way - not in restricted lane,Not at or within 20 metres of junction,None,None,Did not leave carriageway,None,Front,No,Not known,Male,NA,21 - 25,NA,Heavy oil,8,Data missing or out of range,Most deprived 10%,Urban area
2018135770269,2018,135770269,1,Car,No tow/articulation,Going ahead left-hand bend,South East,North West,On main c'way - not in restricted lane,Leaving roundabout,Skidded and overturned,Kerb,Did not leave carriageway,None,Offside,No,Not known,Male,NA,16 - 20,NA,Petrol,1,Data missing or out of range,More deprived 30-40%,Urban area
2018135770722,2018,135770722,1,Car,No tow/articulation,Going ahead other,North East,South West,On main c'way - not in restricted lane,Approaching junction or waiting/parked at junction approach,None,None,Did not leave carriageway,None,Offside,No,Not known,Male,NA,46 - 55,NA,Petrol,13,Data missing or out of range,Most deprived 10%,Urban area
2018135770722,2018,135770722,2,Car,No tow/articulation,Moving off,North West,South East,On main c'way - not in restricted lane,Approaching junction or waiting/parked at junction approach,None,None,Did not leave carriageway,None,Front,No,Not known,Male,NA,16 - 20,NA,Petrol,8,Data missing or out of range,Most deprived 10%,Urban area
2018135771119,2018,135771119,1,Car,No tow/articulation,Going ahead other,South East,North,On main c'way - not in restricted lane,Approaching junction or waiting/parked at junction approach,None,None,Did not leave carriageway,None,Nearside,No,Not known,Male,NA,56 - 65,NA,Heavy oil,10,Data missing or out of range,Less deprived 30-40%,Small town
2018135771966,2018,135771966,1,Taxi/Private hire car,No tow/articulation,Parked,Parked,Parked,On main c'way - not in restricted lane,Not at or within 20 metres of junction,None,None,Did not leave carriageway,None,Nearside,No,Journey as part of work,Male,NA,36 - 45,NA,Heavy oil,8,Data missing or out of range,Most deprived 10%,Urban area
2018135771966,2018,135771966,2,Car,No tow/articulation,Reversing,South West,North East,Footway (pavement),Not at or within 20 metres of junction,None,None,Did not leave carriageway,None,Back,No,Not known,Not known,Data missing or out of range,Data missing or out of range,NA,Heavy oil,21,Data missing or out of range,Data missing or out of range,Data missing or out of range
2018135781528,2018,135781528,1,Car,No tow/articulation,Turning right,West,South East,On main c'way - not in restricted lane,Approaching junction or waiting/parked at junction approach,None,None,Did not leave carriageway,None,Offside,No,Not known,Male,NA,56 - 65,NA,Petrol,18,Data missing or out of range,Most deprived 10%,Small town
2018135781528,2018,135781528,2,Motorcycle over 125cc and up to 500cc,No tow/articulation,Going ahead other,West,East,On main c'way - not in restricted lane,Approaching junction or waiting/parked at junction approach,None,None,Did not leave carriageway,None,Front,No,Not known,Male,NA,46 - 55,NA,Petrol,14,Data missing or out of range,More deprived 20-30%,Urban area
2018135781891,2018,135781891,1,Car,No tow/articulation,Turning right,East,North,On main c'way - not in restricted lane,Approaching junction or waiting/parked at junction approach,None,None,Did not leave carriageway,None,Front,No,Not known,Female,NA,26 - 35,NA,Petrol,8,Data missing or out of range,More deprived 30-40%,Urban area
2018135781891,2018,135781891,2,Car,No tow/articulation,Going ahead left-hand bend,North,South East,On main c'way - not in restricted lane,Approaching junction or waiting/parked at junction approach,None,None,Did not leave carriageway,None,Did not impact,No,Not known,Not known,Data missing or out of range,Data missing or out of range,Data missing or out of range,Undefined,-1,Data missing or out of range,Data missing or out of range,Data missing or out of range
2018135781891,2018,135781891,3,Car,No tow/articulation,Going ahead left-hand bend,North,South East,On main c'way - not in restricted lane,Approaching junction or waiting/parked at junction approach,None,None,Offside and rebounded,Wall or fence,Front,No,Not known,Male,NA,26 - 35,NA,Heavy oil,1,Data missing or out of range,Most deprived 10%,Urban area
2018135790896,2018,135790896,1,Car,No tow/articulation,Slowing or stopping,North West,South East,On main c'way - not in restricted lane,Approaching junction or waiting/parked at junction approach,None,None,Did not leave carriageway,None,Back,No,Not known,Female,NA,56 - 65,NA,Petrol,5,Data missing or out of range,Less deprived 20-30%,Urban area
2018135790896,2018,135790896,2,Car,No tow/articulation,Slowing or stopping,North West,South East,On main c'way - not in restricted lane,Approaching junction or waiting/parked at junction approach,None,None,Did not leave carriageway,None,Front,No,Journey as part of work,Male,NA,26 - 35,NA,Petrol,10,Data missing or out of range,More deprived 10-20%,Urban area
2018135790932,2018,135790932,1,Car,No tow/articulation,Going ahead other,South East,North West,On main c'way - not in restricted lane,Not at or within 20 metres of junction,None,None,Did not leave carriageway,None,Front,No,Journey as part of work,Female,NA,36 - 45,NA,Heavy oil,3,Data missing or out of range,Less deprived 20-30%,Urban area
2018135790932,2018,135790932,2,Van / Goods 3.5 tonnes mgw or under,No tow/articulation,Going ahead other,North West,South East,On main c'way - not in restricted lane,Not at or within 20 metres of junction,None,None,Did not leave carriageway,None,Front,No,Journey as part of work,Male,NA,56 - 65,NA,Heavy oil,16,Data missing or out of range,More deprived 40-50%,Urban area
2018135790932,2018,135790932,3,Goods 7.5 tonnes mgw and over,No tow/articulation,Going ahead other,South East,North West,On main c'way - not in restricted lane,Not at or within 20 metres of junction,None,None,Did not leave carriageway,None,Front,No,Journey as part of work,Male,NA,56 - 65,NA,Heavy oil,3,Data missing or out of range,Less deprived 10-20%,Small town
2018135791426,2018,135791426,1,Car,No tow/articulation,Turning right,West,North,On main c'way - not in restricted lane,Entering main road,Overturned,None,Did not leave carriageway,None,Front,No,Commuting to/from work,Male,NA,Over 75,NA,Petrol,1,Data missing or out of range,Less deprived 10-20%,Rural
2018135791554,2018,135791554,1,Car,No tow/articulation,Turning right,North East,North West,On main c'way - not in restricted lane,Mid Junction - on roundabout or on main road,None,None,Did not leave carriageway,None,Did not impact,No,Not known,Female,NA,21 - 25,NA,Petrol,14,Data missing or out of range,Less deprived 40-50%,Urban area
2018135791554,2018,135791554,2,Car,No tow/articulation,Going ahead other,South East,North West,On main c'way - not in restricted lane,Mid Junction - on roundabout or on main road,None,None,Did not leave carriageway,None,Back,No,Not known,Male,NA,Over 75,NA,Petrol,11,Data missing or out of range,Less deprived 40-50%,Urban area
2018135791554,2018,135791554,3,Motorcycle 125cc and under,No tow/articulation,Going ahead other,South East,North West,On main c'way - not in restricted lane,Mid Junction - on roundabout or on main road,None,None,Did not leave carriageway,None,Front,No,Not known,Male,NA,16 - 20,NA,Petrol,4,Data missing or out of range,More deprived 20-30%,Urban area
20181357A0888,2018,1357A0888,1,Car,No tow/articulation,Going ahead other,North West,South East,On main c'way - not in restricted lane,Not at or within 20 metres of junction,None,None,Did not leave carriageway,None,Front,No,Not known,Male,Data missing or out of range,Data missing or out of range,Data missing or out of range,Undefined,-1,Data missing or out of range,Data missing or out of range,Data missing or out of range
20181357A0888,2018,1357A0888,2,Car,No tow/articulation,Going ahead other,North West,South East,On main c'way - not in restricted lane,Not at or within 20 metres of junction,None,None,Did not leave carriageway,None,Back,No,Not known,Female,NA,21 - 25,NA,Petrol,5,Data missing or out of range,More deprived 20-30%,Urban area
20181357A1349,2018,1357A1349,1,Van / Goods 3.5 tonnes mgw or under,No tow/articulation,Going ahead other,South West,North East,On main c'way - not in restricted lane,Not at or within 20 metres of junction,None,None,Did not leave carriageway,None,Front,No,Not known,Male,NA,36 - 45,NA,Heavy oil,13,Data missing or out of range,More deprived 10-20%,Urban area
20181357A1349,2018,1357A1349,2,Car,No tow/articulation,Going ahead other,South West,North East,On main c'way - not in restricted lane,Not at or within 20 metres of junction,None,None,Did not leave carriageway,None,Back,No,Not known,Male,NA,36 - 45,NA,Petrol,3,Data missing or out of range,Most deprived 10%,Urban area
20181357A1864,2018,1357A1864,1,Motorcycle 125cc and under,No tow/articulation,Going ahead other,West,East,On main c'way - not in restricted lane,Not at or within 20 metres of junction,None,None,Did not leave carriageway,None,Front,No,Not known,Female,NA,26 - 35,NA,Petrol,13,Data missing or out of range,More deprived 10-20%,Small town
20181357A1864,2018,1357A1864,2,Car,No tow/articulation,Turning right,East,North,On main c'way - not in restricted lane,Not at or within 20 metres of junction,None,None,Did not leave carriageway,None,Nearside,No,Not known,Male,NA,46 - 55,NA,Petrol,11,Data missing or out of range,Data missing or out of range,Data missing or out of range
20181357B0650,2018,1357B0650,1,Car,No tow/articulation,Going ahead other,South West,North East,On main c'way - not in restricted lane,Mid Junction - on roundabout or on main road,None,None,Did not leave carriageway,None,Front,No,Not known,Female,NA,36 - 45,NA,Hybrid electric,1,Data missing or out of range,More deprived 20-30%,Urban area
20181357B0650,2018,1357B0650,2,Car,No tow/articulation,Going ahead other,North West,South East,On main c'way - not in restricted lane,Mid Junction - on roundabout or on main road,None,None,Did not leave carriageway,None,Offside,No,Not known,Male,NA,36 - 45,NA,Heavy oil,9,Data missing or out of range,Most deprived 10%,Urban area
20181357B0791,2018,1357B0791,1,Car,No tow/articulation,Slowing or stopping,North East,South West,On main c'way - not in restricted lane,Mid Junction - on roundabout or on main road,None,None,Did not leave carriageway,None,Front,No,Not known,Female,NA,21 - 25,NA,Petrol,7,Data missing or out of range,More deprived 10-20%,Urban area
20181357B0791,2018,1357B0791,2,Car,No tow/articulation,Waiting to turn right,North East,South West,On main c'way - not in restricted lane,Mid Junction - on roundabout or on main road,None,None,Did not leave carriageway,None,Back,No,Not known,Male,NA,56 - 65,NA,Petrol,15,Data missing or out of range,More deprived 40-50%,Urban area
20181357B1383,2018,1357B1383,1,Car,No tow/articulation,Going ahead other,South East,North West,On main c'way - not in restricted lane,Mid Junction - on roundabout or on main road,None,None,Did not leave carriageway,None,Front,No,Not known,Male,NA,46 - 55,Data missing or out of range,Undefined,-1,Data missing or out of range,Most deprived 10%,Urban area
20181357B1383,2018,1357B1383,2,Car,No tow/articulation,Turning right,South West,North West,On main c'way - not in restricted lane,Entering main road,None,None,Did not leave carriageway,None,Back,No,Not known,Male,NA,16 - 20,NA,Petrol,11,Data missing or out of range,Most deprived 10%,Urban area
20181357C0117,2018,1357C0117,1,Car,No tow/articulation,Going ahead other,South East,North West,On main c'way - not in restricted lane,Not at or within 20 metres of junction,None,None,Did not leave carriageway,None,Front,No,Not known,Female,NA,36 - 45,NA,Heavy oil,10,Data missing or out of range,Less deprived 30-40%,Urban area
20181357C0117,2018,1357C0117,2,Car,No tow/articulation,Going ahead other,North West,South East,On main c'way - not in restricted lane,Not at or within 20 metres of junction,None,None,Did not leave carriageway,None,Front,No,Not known,Male,NA,21 - 25,NA,Heavy oil,9,Data missing or out of range,More deprived 10-20%,Urban area
20181357C0117,2018,1357C0117,3,Car,No tow/articulation,Parked,Parked,Parked,On main c'way - not in restricted lane,Not at or within 20 metres of junction,None,None,Did not leave carriageway,None,Offside,No,Not known,Not known,Data missing or out of range,Data missing or out of range,NA,Petrol,3,Data missing or out of range,Data missing or out of range,Data missing or out of range
20181357C0117,2018,1357C0117,4,Car,No tow/articulation,Parked,Parked,Parked,On main c'way - not in restricted lane,Not at or within 20 metres of junction,None,None,Did not leave carriageway,None,Offside,No,Not known,Not known,Data missing or out of range,Data missing or out of range,NA,Petrol,14,Data missing or out of range,Data missing or out of range,Data missing or out of range
20181357C0542,2018,1357C0542,1,Car,No tow/articulation,Going ahead other,South West,North East,On main c'way - not in restricted lane,Entering roundabout,None,None,Did not leave carriageway,None,Did not impact,No,Not known,Not known,Data missing or out of range,Data missing or out of range,Data missing or out of range,Undefined,-1,Data missing or out of range,Data missing or out of range,Data missing or out of range
20181357C0542,2018,1357C0542,2,Motorcycle 125cc and under,No tow/articulation,Going ahead other,South East,North West,On main c'way - not in restricted lane,Mid Junction - on roundabout or on main road,None,None,Did not leave carriageway,None,Did not impact,No,Not known,Male,NA,46 - 55,NA,Petrol,4,Data missing or out of range,Less deprived 40-50%,Urban area
20181357C0779,2018,1357C0779,1,Car,No tow/articulation,Going ahead other,South West,North East,On main c'way - not in restricted lane,Approaching junction or waiting/parked at junction approach,None,None,Did not leave carriageway,None,Front,No,Not known,Female,NA,21 - 25,NA,Petrol,12,Data missing or out of range,Most deprived 10%,Urban area
20181357C0779,2018,1357C0779,2,Car,No tow/articulation,Waiting to go - held up,South West,North East,On main c'way - not in restricted lane,Approaching junction or waiting/parked at junction approach,None,None,Did not leave carriageway,None,Back,No,Not known,Female,NA,56 - 65,NA,Petrol,1,Data missing or out of range,More deprived 40-50%,Urban area
20181357C0792,2018,1357C0792,1,Car,No tow/articulation,Going ahead other,North East,South West,On main c'way - not in restricted lane,Not at or within 20 metres of junction,None,None,Did not leave carriageway,Wall or fence,Front,No,Not known,Female,NA,21 - 25,NA,Petrol,10,Data missing or out of range,Less deprived 40-50%,Rural
20181357C0826,2018,1357C0826,1,Car,No tow/articulation,Overtaking static vehicle - offside,North West,South East,On main c'way - not in restricted lane,Not at or within 20 metres of junction,None,None,Did not leave carriageway,None,Nearside,No,Commuting to/from work,Female,NA,26 - 35,NA,Petrol,11,Data missing or out of range,More deprived 20-30%,Urban area
20181357C1003,2018,1357C1003,1,Car,No tow/articulation,Going ahead other,North,South East,On main c'way - not in restricted lane,Mid Junction - on roundabout or on main road,None,None,Did not leave carriageway,None,Front,No,Not known,Male,NA,66 - 75,NA,Heavy oil,3,Data missing or out of range,More deprived 30-40%,Urban area
20181357C1470,2018,1357C1470,1,Car,No tow/articulation,Going ahead other,South East,West,On main c'way - not in restricted lane,Leaving roundabout,None,None,Did not leave carriageway,None,Front,No,Not known,Male,NA,56 - 65,NA,Heavy oil,2,Data missing or out of range,Least deprived 10%,Small town
20181357C1470,2018,1357C1470,2,Pedal cycle,No tow/articulation,Going ahead other,South East,North,On main c'way - not in restricted lane,Entering roundabout,None,None,Did not leave carriageway,None,Back,No,Not known,Male,NA,56 - 65,Data missing or out of range,Undefined,-1,Data missing or out of range,More deprived 10-20%,Urban area
20181357C1571,2018,1357C1571,1,Car,No tow/articulation,Going ahead other,North,South East,On main c'way - not in restricted lane,Not at or within 20 metres of junction,None,None,Nearside,Telegraph or electricity pole,Front,No,Not known,Female,NA,26 - 35,NA,Petrol,2,Data missing or out of range,Less deprived 30-40%,Urban area
20181357C1702,2018,1357C1702,1,Car,No tow/articulation,Going ahead other,South East,North,On main c'way - not in restricted lane,Not at or within 20 metres of junction,None,None,Did not leave carriageway,None,Front,No,Not known,Male,Data missing or out of range,Data missing or out of range,Data missing or out of range,Undefined,-1,Data missing or out of range,Data missing or out of range,Data missing or out of range
20181357C1762,2018,1357C1762,1,Car,No tow/articulation,Going ahead other,South East,North,On main c'way - not in restricted lane,Mid Junction - on roundabout or on main road,Skidded,None,Offside on to central reservation,None,Front,No,Not known,Male,NA,16 - 20,NA,Petrol,10,Data missing or out of range,Most deprived 10%,Urban area
20181357C1905,2018,1357C1905,1,Motorcycle 125cc and under,No tow/articulation,Going ahead other,North West,South East,On main c'way - not in restricted lane,Not at or within 20 metres of junction,None,None,Did not leave carriageway,None,Did not impact,No,Not known,Male,NA,56 - 65,NA,Petrol,10,Data missing or out of range,Most deprived 10%,Urban area
20181357D0395,2018,1357D0395,1,Car,No tow/articulation,Going ahead other,North East,West,On main c'way - not in restricted lane,Mid Junction - on roundabout or on main road,None,None,Did not leave carriageway,None,Front,No,Not known,Male,NA,26 - 35,NA,Petrol,16,Data missing or out of range,Most deprived 10%,Urban area
20181357D0395,2018,1357D0395,2,Car,No tow/articulation,Going ahead other,South East,North,On main c'way - not in restricted lane,Mid Junction - on roundabout or on main road,None,None,Did not leave carriageway,None,Nearside,No,Commuting to/from work,Male,NA,21 - 25,NA,Heavy oil,8,Data missing or out of range,Most deprived 10%,Urban area
20181357D1154,2018,1357D1154,1,Car,No tow/articulation,Going ahead other,South West,North East,On main c'way - not in restricted lane,Not at or within 20 metres of junction,None,None,Did not leave carriageway,None,Offside,No,Not known,Male,NA,56 - 65,NA,Heavy oil,4,Data missing or out of range,Less deprived 10-20%,Urban area
20181357D1154,2018,1357D1154,2,Car,No tow/articulation,Going ahead other,North East,South West,On main c'way - not in restricted lane,Not at or within 20 metres of junction,None,None,Nearside,None,Offside,No,Not known,Male,NA,Over 75,NA,Heavy oil,3,Data missing or out of range,Least deprived 10%,Rural
20181357D1440,2018,1357D1440,1,Car,No tow/articulation,Going ahead other,South West,North East,On main c'way - not in restricted lane,Approaching junction or waiting/parked at junction approach,None,None,Did not leave carriageway,None,Offside,No,Not known,Male,NA,46 - 55,NA,Heavy oil,12,Data missing or out of range,Most deprived 10%,Urban area
20181357D1440,2018,1357D1440,2,Pedal cycle,No tow/articulation,Going ahead other,South East,North West,On main c'way - not in restricted lane,Approaching junction or waiting/parked at junction approach,None,None,Did not leave carriageway,None,Front,No,Not known,Male,NA,6 - 10,Data missing or out of range,Undefined,-1,Data missing or out of range,Most deprived 10%,Urban area
20181357D1827,2018,1357D1827,1,Car,No tow/articulation,Turning left,South East,West,On main c'way - not in restricted lane,Entering main road,None,None,Did not leave carriageway,None,Offside,No,Not known,Female,NA,36 - 45,NA,Petrol,9,Data missing or out of range,More deprived 10-20%,Urban area