accident_index,accident_year,accident_reference,vehicle_reference,vehicle_type,towing_and_articulation,vehicle_manoeuvre,vehicle_direction_from,vehicle_direction_to,vehicle_location_restricted_lane,junction_location,skidding_and_overturning,hit_object_in_carriageway,vehicle_leaving_carriageway,hit_object_off_carriageway,first_point_of_impact,vehicle_left_hand_drive,journey_purpose_of_driver,sex_of_driver,age_of_driver,age_band_of_driver,engine_capacity_cc,propulsion_code,age_of_vehicle,generic_make_model,driver_imd_decile,driver_home_area_type
20181357D1827,2018,1357D1827,2,Pedal cycle,No tow/articulation,Going ahead other,North East,South West,On main c'way - not in restricted lane,Approaching junction or waiting/parked at junction approach,None,None,Did not leave carriageway,None,Front,No,Not known,Male,NA,21 - 25,Data missing or out of range,Undefined,-1,Data missing or out of range,Data missing or out of range,Data missing or out of range
20181357E0878,2018,1357E0878,1,Car,No tow/articulation,Going ahead other,North,South East,On main c'way - not in restricted lane,Mid Junction - on roundabout or on main road,None,None,Did not leave carriageway,None,Front,No,Not known,Male,NA,26 - 35,Data missing or out of range,Undefined,-1,Data missing or out of range,Data missing or out of range,Data missing or out of range
20181357E0878,2018,1357E0878,2,Car,No tow/articulation,Going ahead other,South East,North,On main c'way - not in restricted lane,Mid Junction - on roundabout or on main road,None,None,Did not leave carriageway,None,Front,No,Not known,Male,NA,26 - 35,NA,Petrol,8,Data missing or out of range,Less deprived 30-40%,Urban area
20181357E1086,2018,1357E1086,1,Car,No tow/articulation,Going ahead other,North,South East,On main c'way - not in restricted lane,Approaching junction or waiting/parked at junction approach,None,None,Did not leave carriageway,None,Front,No,Not known,Male,Data missing or out of range,Data missing or out of range,Data missing or out of range,Undefined,-1,Data missing or out of range,Data missing or out of range,Data missing or out of range
20181357E1086,2018,1357E1086,2,Pedal cycle,No tow/articulation,Turning right,South East,West,On main c'way - not in restricted lane,Approaching junction or waiting/parked at junction approach,None,None,Did not leave carriageway,None,Offside,No,Not known,Male,NA,26 - 35,Data missing or out of range,Undefined,-1,Data missing or out of range,Most deprived 10%,Urban area
20181357E1526,2018,1357E1526,1,Car,No tow/articulation,Going ahead other,North East,South West,On main c'way - not in restricted lane,Mid Junction - on roundabout or on main road,None,None,Did not leave carriageway,None,Front,No,Not known,Not known,Data missing or out of range,Data missing or out of range,Data missing or out of range,Undefined,-1,Data missing or out of range,Data missing or out of range,Data missing or out of range
20181357E1526,2018,1357E1526,2,Car,No tow/articulation,Going ahead other,South East,North West,On main c'way - not in restricted lane,Entering main road,None,None,Did not leave carriageway,None,Offside,No,Not known,Female,NA,16 - 20,NA,Petrol,4,Data missing or out of range,More deprived 20-30%,Urban area
20181357F1075,2018,1357F1075,1,Car,No tow/articulation,Slowing or stopping,North,South West,On main c'way - not in restricted lane,Not at or within 20 metres of junction,None,None,Did not leave carriageway,None,Back,No,Not known,Male,NA,36 - 45,NA,Petrol,11,Data missing or out of range,More deprived 10-20%,Urban area
20181357F1075,2018,1357F1075,2,Bus or coach (17 or more pass seats),No tow/articulation,Going ahead other,North,South West,On main c'way - not in restricted lane,Not at or within 20 metres of junction,None,None,Did not leave carriageway,None,Front,No,Journey as part of work,Male,NA,56 - 65,NA,Heavy oil,9,Data missing or out of range,Most deprived 10%,Urban area
20181357G0493,2018,1357G0493,1,Car,No tow/articulation,Turning right,North,West,On main c'way - not in restricted lane,Mid Junction - on roundabout or on main road,None,None,Did not leave carriageway,None,Front,No,Not known,Female,NA,36 - 45,NA,Petrol,1,Data missing or out of range,Less deprived 40-50%,Rural
20181357G0493,2018,1357G0493,2,Car,No tow/articulation,Going ahead other,South East,North,On main c'way - not in restricted lane,Mid Junction - on roundabout or on main road,None,None,Did not leave carriageway,None,Front,No,Not known,Female,NA,26 - 35,NA,Petrol,7,Data missing or out of range,More deprived 10-20%,Urban area
20181357G1108,2018,1357G1108,1,Car,No tow/articulation,Going ahead other,East,West,On main c'way - not in restricted lane,Not at or within 20 metres of junction,None,None,Did not leave carriageway,None,Front,No,Not known,Female,NA,26 - 35,NA,Heavy oil,7,Data missing or out of range,Most deprived 10%,Urban area
20181357G1108,2018,1357G1108,2,Car,No tow/articulation,Going ahead other,East,West,On main c'way - not in restricted lane,Not at or within 20 metres of junction,None,None,Did not leave carriageway,None,Back,No,Not known,Male,NA,36 - 45,NA,Heavy oil,1,Data missing or out of range,Most deprived 10%,Urban area
20181357G1144,2018,1357G1144,1,Car,No tow/articulation,Going ahead other,North East,South West,On main c'way - not in restricted lane,Not at or within 20 metres of junction,None,None,Did not leave carriageway,None,Front,No,Not known,Male,Data missing or out of range,Data missing or out of range,Data missing or out of range,Undefined,-1,Data missing or out of range,Data missing or out of range,Data missing or out of range
20181357H0295,2018,1357H0295,1,Car,No tow/articulation,Slowing or stopping,West,East,On main c'way - not in restricted lane,Not at or within 20 metres of junction,None,None,Did not leave carriageway,Near/Offside crash barrier,Nearside,No,Not known,Male,NA,26 - 35,NA,Heavy oil,3,Data missing or out of range,Less deprived 20-30%,Urban area
20181357H1469,2018,1357H1469,1,Car,No tow/articulation,Going ahead other,North West,South East,On main c'way - not in restricted lane,Not at or within 20 metres of junction,None,None,Did not leave carriageway,None,Front,No,Not known,Male,NA,21 - 25,NA,Petrol,2,Data missing or out of range,More deprived 20-30%,Urban area
20181357H1469,2018,1357H1469,2,Car,No tow/articulation,Going ahead other,North West,South East,On main c'way - not in restricted lane,Not at or within 20 metres of junction,None,None,Did not leave carriageway,None,Back,No,Not known,Female,NA,46 - 55,NA,Petrol,12,Data missing or out of range,More deprived 40-50%,Urban area
20181357H1500,2018,1357H1500,1,Car,No tow/articulation,Going ahead other,East,West,On main c'way - not in restricted lane,Not at or within 20 metres of junction,None,None,Did not leave carriageway,None,Offside,No,Not known,Female,NA,36 - 45,NA,Heavy oil,3,Data missing or out of range,More deprived 30-40%,Urban area
20181357H2127,2018,1357H2127,1,Car,No tow/articulation,Turning right,South East,North,On main c'way - not in restricted lane,Approaching junction or waiting/parked at junction approach,None,None,Did not leave carriageway,None,Front,No,Not known,Male,NA,Over 75,NA,Petrol,1,Data missing or out of range,Less deprived 10-20%,Rural
20181357H2127,2018,1357H2127,2,Car,No tow/articulation,Going ahead other,North,South East,On main c'way - not in restricted lane,Approaching junction or waiting/parked at junction approach,None,None,Did not leave carriageway,None,Front,No,Not known,Male,NA,21 - 25,NA,Heavy oil,12,Data missing or out of range,Less deprived 10-20%,Small town
20181357I0800,2018,1357I0800,1,Car,No tow/articulation,Going ahead other,West,East,On main c'way - not in restricted lane,Not at or within 20 metres of junction,None,None,Did not leave carriageway,None,Front,No,Not known,Female,NA,26 - 35,NA,Heavy oil,6,Data missing or out of range,Less deprived 30-40%,Urban area
20181357I0800,2018,1357I0800,2,Car,No tow/articulation,Going ahead other,East,West,On main c'way - not in restricted lane,Not at or within 20 metres of junction,None,None,Did not leave carriageway,None,Front,No,Not known,Male,NA,46 - 55,NA,Petrol,10,Data missing or out of range,Less deprived 30-40%,Urban area
20181357I1020,2018,1357I1020,1,Car,No tow/articulation,Turning left,West,North East,On main c'way - not in restricted lane,Mid Junction - on roundabout or on main road,None,None,Did not leave carriageway,None,Nearside,No,Not known,Female,NA,66 - 75,NA,Petrol,1,Data missing or out of range,Less deprived 30-40%,Small town
20181357I1020,2018,1357I1020,2,Pedal cycle,No tow/articulation,Going ahead other,West,South East,On main c'way - not in restricted lane,Mid Junction - on roundabout or on main road,None,None,Did not leave carriageway,None,Offside,No,Journey as part of work,Male,NA,26 - 35,Data missing or out of range,Undefined,-1,Data missing or out of range,More deprived 10-20%,Urban area
20181357I1194,2018,1357I1194,1,Car,No tow/articulation,Going ahead other,North,South East,On main c'way - not in restricted lane,Not at or within 20 metres of junction,None,None,Did not leave carriageway,None,Nearside,No,Journey as part of work,Male,NA,36 - 45,NA,Heavy oil,12,Data missing or out of range,Most deprived 10%,Urban area
20181357J0406,2018,1357J0406,1,Car,No tow/articulation,Turning right,West,East,On main c'way - not in restricted lane,Mid Junction - on roundabout or on main road,None,None,Did not leave carriageway,None,Front,No,Not known,Female,NA,21 - 25,NA,Petrol,8,Data missing or out of range,Less deprived 10-20%,Rural
20181357J0406,2018,1357J0406,2,Pedal cycle,No tow/articulation,Going ahead other,East,North,On main c'way - not in restricted lane,Mid Junction - on roundabout or on main road,None,None,Did not leave carriageway,None,Front,No,Not known,Male,NA,36 - 45,Data missing or out of range,Undefined,-1,Data missing or out of range,Less deprived 20-30%,Urban area
20181357J1240,2018,1357J1240,1,Car,No tow/articulation,Going ahead other,South West,North East,On main c'way - not in restricted lane,Mid Junction - on roundabout or on main road,None,None,Did not leave carriageway,None,Front,No,Not known,Male,NA,21 - 25,NA,Petrol,2,Data missing or out of range,Least deprived 10%,Urban area
20181357J1633,2018,1357J1633,1,Motorcycle 125cc and under,No tow/articulation,Going ahead other,West,East,On main c'way - not in restricted lane,Not at or within 20 metres of junction,None,None,Did not leave carriageway,None,Front,No,Not known,Male,NA,26 - 35,NA,Petrol,3,Data missing or out of range,Less deprived 20-30%,Urban area
20181357J1866,2018,1357J1866,1,Car,No tow/articulation,Going ahead other,South East,North,On main c'way - not in restricted lane,Not at or within 20 metres of junction,None,None,Did not leave carriageway,None,Back,No,Not known,Male,NA,36 - 45,NA,Heavy oil,9,Data missing or out of range,Most deprived 10%,Urban area
20181357J1866,2018,1357J1866,2,Car,No tow/articulation,Going ahead other,South East,North,On main c'way - not in restricted lane,Not at or within 20 metres of junction,None,None,Did not leave carriageway,None,Front,No,Not known,Male,NA,46 - 55,NA,Petrol,13,Data missing or out of range,Most deprived 10%,Urban area
20181357J1990,2018,1357J1990,1,Motorcycle over 125cc and up to 500cc,No tow/articulation,Going ahead other,North East,South West,On main c'way - not in restricted lane,Mid Junction - on roundabout or on main road,Skidded and overturned,None,Did not leave carriageway,None,Front,No,Not known,Male,NA,56 - 65,NA,Petrol,6,Data missing or out of range,More deprived 20-30%,Urban area
20181357J1990,2018,1357J1990,2,Car,No tow/articulation,Turning right,North East,North West,On main c'way - not in restricted lane,Leaving main road,None,None,Did not leave carriageway,None,Offside,No,Not known,Male,NA,16 - 20,NA,Heavy oil,10,Data missing or out of range,Most deprived 10%,Urban area
20181357K0782,2018,1357K0782,1,Car,No tow/articulation,Going ahead other,East,West,On main c'way - not in restricted lane,Mid Junction - on roundabout or on main road,None,None,Did not leave carriageway,Near/Offside crash barrier,Nearside,No,Not known,Male,NA,66 - 75,NA,Heavy oil,2,Data missing or out of range,Most deprived 10%,Urban area
20181357K0782,2018,1357K0782,2,Bus or coach (17 or more pass seats),No tow/articulation,Going ahead other,South East,North West,On main c'way - not in restricted lane,Mid Junction - on roundabout or on main road,None,None,Did not leave carriageway,None,Front,No,Journey as part of work,Male,NA,56 - 65,NA,Heavy oil,12,Data missing or out of range,Most deprived 10%,Urban area
20181357L0765,2018,1357L0765,1,Car,No tow/articulation,Going ahead other,South East,North West,On main c'way - not in restricted lane,Cleared junction or waiting/parked at junction exit,None,None,Did not leave carriageway,Tree,Offside,No,Not known,Male,NA,36 - 45,NA,Petrol,4,Data missing or out of range,Least deprived 10%,Urban area
20181357L1276,2018,1357L1276,1,Car,No tow/articulation,U-turn,South East,North East,On main c'way - not in restricted lane,Approaching junction or waiting/parked at junction approach,None,Kerb,Offside,None,Offside,No,Not known,Male,NA,26 - 35,NA,Heavy oil,3,Data missing or out of range,Data missing or out of range,Data missing or out of range
20181357L1276,2018,1357L1276,2,Car,No tow/articulation,Going ahead other,South East,North West,On main c'way - not in restricted lane,Approaching junction or waiting/parked at junction approach,None,Kerb,Offside,Tree,Front,No,Not known,Male,NA,26 - 35,NA,Petrol,0,Data missing or out of range,More deprived 40-50%,Urban area
20181357M1042,2018,1357M1042,1,Car,No tow/articulation,Moving off,North East,South West,On main c'way - not in restricted lane,Approaching junction or waiting/parked at junction approach,None,None,Did not leave carriageway,None,Nearside,No,Not known,Male,NA,56 - 65,NA,Heavy oil,11,Data missing or out of range,Most deprived 10%,Urban area
20181357M1042,2018,1357M1042,2,Motorcycle 125cc and under,No tow/articulation,Going ahead other,North East,South West,On main c'way - not in restricted lane,Approaching junction or waiting/parked at junction approach,None,None,Did not leave carriageway,None,Front,No,Not known,Male,NA,56 - 65,NA,Petrol,0,Data missing or out of range,More deprived 40-50%,Urban area
20181357M1400,2018,1357M1400,1,Car,No tow/articulation,Going ahead other,South East,North West,On main c'way - not in restricted lane,Cleared junction or waiting/parked at junction exit,None,None,Did not leave carriageway,None,Nearside,No,Not known,Male,NA,26 - 35,NA,Petrol,15,Data missing or out of range,Most deprived 10%,Urban area
20181357M1477,2018,1357M1477,1,Car,No tow/articulation,Turning right,South East,North West,On main c'way - not in restricted lane,Mid Junction - on roundabout or on main road,Overturned,None,Straight ahead at junction,None,Front,No,Not known,Male,NA,21 - 25,NA,Heavy oil,0,Data missing or out of range,Most deprived 10%,Urban area
20181357N0399,2018,1357N0399,1,Car,No tow/articulation,Going ahead other,East,West,On main c'way - not in restricted lane,Not at or within 20 metres of junction,None,None,Did not leave carriageway,None,Front,No,Not known,Male,NA,21 - 25,NA,Heavy oil,12,Data missing or out of range,More deprived 10-20%,Urban area
20181357N0399,2018,1357N0399,2,Car,No tow/articulation,Going ahead other,East,West,On main c'way - not in restricted lane,Not at or within 20 metres of junction,None,None,Did not leave carriageway,None,Back,No,Not known,Male,NA,36 - 45,NA,Petrol,16,Data missing or out of range,Less deprived 40-50%,Urban area
20181357N0662,2018,1357N0662,1,Car,No tow/articulation,Going ahead other,West,East,On main c'way - not in restricted lane,Not at or within 20 metres of junction,Overturned,Parked vehicle,Did not leave carriageway,None,Front,No,Not known,Male,NA,16 - 20,NA,Heavy oil,12,Data missing or out of range,More deprived 40-50%,Urban area
20181357N0662,2018,1357N0662,2,Car,No tow/articulation,Parked,Parked,Parked,On main c'way - not in restricted lane,Not at or within 20 metres of junction,None,Parked vehicle,Did not leave carriageway,None,Back,No,Not known,Not known,Data missing or out of range,Data missing or out of range,NA,Heavy oil,2,Data missing or out of range,Data missing or out of range,Data missing or out of range
20181357N0662,2018,1357N0662,3,Car,No tow/articulation,Parked,Parked,Parked,On main c'way - not in restricted lane,Not at or within 20 metres of junction,None,None,Did not leave carriageway,None,Back,No,Not known,Not known,Data missing or out of range,Data missing or out of range,NA,Heavy oil,10,Data missing or out of range,Data missing or out of range,Data missing or out of range
20181357N1077,2018,1357N1077,1,Goods over 3.5t. and under 7.5t,No tow/articulation,Turning right,South East,North,On main c'way - not in restricted lane,Mid Junction - on roundabout or on main road,None,None,Did not leave carriageway,None,Front,No,Journey as part of work,Male,NA,36 - 45,NA,Heavy oil,6,Data missing or out of range,Less deprived 20-30%,Urban area
20181357N1077,2018,1357N1077,2,Car,No tow/articulation,Going ahead other,West,South East,On main c'way - not in restricted lane,Approaching junction or waiting/parked at junction approach,None,None,Did not leave carriageway,None,Front,No,Not known,Female,NA,36 - 45,NA,Heavy oil,5,Data missing or out of range,Most deprived 10%,Urban area
20181357N1187,2018,1357N1187,1,Car,No tow/articulation,Going ahead other,South West,North East,On main c'way - not in restricted lane,Not at or within 20 metres of junction,None,None,Did not leave carriageway,None,Nearside,No,Not known,Not known,Data missing or out of range,Data missing or out of range,Data missing or out of range,Undefined,-1,Data missing or out of range,Data missing or out of range,Data missing or out of range
20181357N1276,2018,1357N1276,1,Car,No tow/articulation,Going ahead other,North West,South East,On main c'way - not in restricted lane,Not at or within 20 metres of junction,None,None,Did not leave carriageway,None,Front,No,Not known,Female,NA,21 - 25,NA,Petrol,9,Data missing or out of range,Most deprived 10%,Urban area
20181357N1276,2018,1357N1276,2,Taxi/Private hire car,No tow/articulation,Going ahead other,South East,North West,On main c'way - not in restricted lane,Not at or within 20 metres of junction,None,None,Did not leave carriageway,None,Front,No,Not known,Male,NA,46 - 55,NA,Heavy oil,10,Data missing or out of range,Less deprived 30-40%,Urban area
20181357O0528,2018,1357O0528,1,Car,No tow/articulation,Going ahead other,North East,South West,On main c'way - not in restricted lane,Mid Junction - on roundabout or on main road,None,None,Did not leave carriageway,None,Nearside,No,Not known,Female,NA,26 - 35,NA,Petrol,4,Data missing or out of range,More deprived 20-30%,Urban area
20181357O0540,2018,1357O0540,1,Car,No tow/articulation,Going ahead other,East,West,On main c'way - not in restricted lane,Entering main road,None,None,Did not leave carriageway,None,Did not impact,No,Not known,Female,NA,36 - 45,NA,Petrol,14,Data missing or out of range,More deprived 30-40%,Urban area
20181357O0540,2018,1357O0540,2,Car,No tow/articulation,Going ahead other,North,South East,On main c'way - not in restricted lane,Mid Junction - on roundabout or on main road,None,None,Did not leave carriageway,None,Did not impact,No,Not known,Female,NA,21 - 25,NA,Petrol,3,Data missing or out of range,Less deprived 10-20%,Urban area
20181357P0540,2018,1357P0540,1,Car,No tow/articulation,Going ahead other,West,East,On main c'way - not in restricted lane,Mid Junction - on roundabout or on main road,None,None,Did not leave carriageway,None,Front,No,Commuting to/from work,Male,NA,26 - 35,NA,Heavy oil,12,Data missing or out of range,More deprived 10-20%,Urban area
20181357P0540,2018,1357P0540,2,Van / Goods 3.5 tonnes mgw or under,Single trailer,Turning right,South East,North,On main c'way - not in restricted lane,Mid Junction - on roundabout or on main road,None,None,Did not leave carriageway,None,Nearside,No,Journey as part of work,Male,NA,36 - 45,NA,Heavy oil,3,Data missing or out of range,More deprived 40-50%,Rural
20181357P1689,2018,1357P1689,1,Car,No tow/articulation,Turning right,South West,South East,On main c'way - not in restricted lane,Mid Junction - on roundabout or on main road,None,None,Did not leave carriageway,None,Front,No,Not known,Female,NA,36 - 45,NA,Heavy oil,8,Data missing or out of range,Most deprived 10%,Urban area
20181357P1689,2018,1357P1689,2,Motorcycle over 500cc,No tow/articulation,Going ahead other,North East,South West,On main c'way - not in restricted lane,Mid Junction - on roundabout or on main road,None,Parked vehicle,Did not leave carriageway,None,Front,No,Not known,Male,NA,26 - 35,NA,Petrol,14,Data missing or out of range,More deprived 30-40%,Urban area
20181357P1689,2018,1357P1689,3,Car,No tow/articulation,Parked,Parked,Parked,On main c'way - not in restricted lane,Cleared junction or waiting/parked at junction exit,None,None,Did not leave carriageway,None,Back,No,Not known,Not known,Data missing or out of range,Data missing or out of range,NA,Heavy oil,6,Data missing or out of range,Data missing or out of range,Data missing or out of range
20181357Q0987,2018,1357Q0987,1,Goods 7.5 tonnes mgw and over,Articulated vehicle,Turning right,South East,East,On main c'way - not in restricted lane,Approaching junction or waiting/parked at junction approach,None,None,Did not leave carriageway,None,Nearside,No,Journey as part of work,Male,NA,26 - 35,Data missing or out of range,Undefined,-1,Data missing or out of range,Data missing or out of range,Data missing or out of range
20181357Q0987,2018,1357Q0987,2,Car,No tow/articulation,Turning right,South East,East,On main c'way - not in restricted lane,Approaching junction or waiting/parked at junction approach,None,None,Did not leave carriageway,None,Offside,No,Not known,Male,NA,36 - 45,NA,Heavy oil,5,Data missing or out of range,Most deprived 10%,Urban area
20181357Q1250,2018,1357Q1250,1,Pedal cycle,No tow/articulation,Going ahead other,South East,North,On main c'way - not in restricted lane,Approaching junction or waiting/parked at junction approach,Overturned,None,Did not leave carriageway,None,Front,No,Not known,Male,NA,11 - 15,Data missing or out of range,Undefined,-1,Data missing or out of range,More deprived 40-50%,Urban area
20181357Q1250,2018,1357Q1250,2,Car,No tow/articulation,Slowing or stopping,West,East,On main c'way - not in restricted lane,Approaching junction or waiting/parked at junction approach,None,None,Did not leave carriageway,None,Offside,No,Not known,Male,NA,56 - 65,NA,Heavy oil,4,Data missing or out of range,More deprived 10-20%,Urban area
20181357Q1822,2018,1357Q1822,1,Car,No tow/articulation,Turning right,North,South East,On main c'way - not in restricted lane,Mid Junction - on roundabout or on main road,None,None,Did not leave carriageway,None,Front,No,Not known,Male,NA,56 - 65,NA,Petrol,18,Data missing or out of range,Most deprived 10%,Urban area
20181357Q1822,2018,1357Q1822,2,Pedal cycle,No tow/articulation,Going ahead other,South East,North,On main c'way - not in restricted lane,Mid Junction - on roundabout or on main road,None,None,Did not leave carriageway,None,Front,No,Not known,Male,NA,46 - 55,Data missing or out of range,Undefined,-1,Data missing or out of range,More deprived 30-40%,Urban area
20181357R0634,2018,1357R0634,1,Car,No tow/articulation,Going ahead other,South West,North East,On main c'way - not in restricted lane,Not at or within 20 metres of junction,None,None,Did not leave carriageway,None,Front,No,Not known,Male,NA,Over 75,NA,Petrol,18,Data missing or out of range,Most deprived 10%,Urban area
20181357R0634,2018,1357R0634,2,Car,No tow/articulation,Going ahead other,South West,North East,On main c'way - not in restricted lane,Not at or within 20 metres of junction,None,None,Did not leave carriageway,None,Back,No,Not known,Male,NA,66 - 75,NA,Petrol,4,Data missing or out of range,Less deprived 40-50%,Urban area
20181357R0634,2018,1357R0634,3,Car,No tow/articulation,Going ahead other,South West,North East,On main c'way - not in restricted lane,Not at or within 20 metres of junction,None,None,Did not leave carriageway,None,Back,No,Not known,Male,NA,66 - 75,NA,Heavy oil,9,Data missing or out of range,Less deprived 20-30%,Urban area
20181357S1013,2018,1357S1013,1,Car,No tow/articulation,Going ahead other,South West,North East,On main c'way - not in restricted lane,Mid Junction - on roundabout or on main road,None,None,Did not leave carriageway,None,Offside,No,Not known,Male,NA,46 - 55,NA,Petrol,7,Data missing or out of range,More deprived 30-40%,Urban area
20181357S1013,2018,1357S1013,2,Car,No tow/articulation,Going ahead other,South West,North East,On main c'way - not in restricted lane,Mid Junction - on roundabout or on main road,None,None,Did not leave carriageway,None,Nearside,No,Not known,Female,NA,26 - 35,NA,Heavy oil,2,Data missing or out of range,More deprived 10-20%,Urban area
20181357T0493,2018,1357T0493,1,Car,No tow/articulation,Going ahead other,South East,North,On main c'way - not in restricted lane,Not at or within 20 metres of junction,None,None,Did not leave carriageway,None,Front,No,Not known,Male,NA,36 - 45,NA,Heavy oil,16,Data missing or out of range,Most deprived 10%,Urban area
20181357U0564,2018,1357U0564,1,Car,No tow/articulation,U-turn,North West,South East,On main c'way - not in restricted lane,Mid Junction - on roundabout or on main road,None,None,Did not leave carriageway,None,Offside,No,Not known,Male,NA,56 - 65,NA,Heavy oil,15,Data missing or out of range,Most deprived 10%,Urban area
20181357U0564,2018,1357U0564,2,Motorcycle over 500cc,No tow/articulation,Going ahead other,North West,South East,On main c'way - not in restricted lane,Mid Junction - on roundabout or on main road,None,None,Did not leave carriageway,None,Front,No,Not known,Male,NA,46 - 55,NA,Petrol,14,Data missing or out of range,Most deprived 10%,Urban area
20181357U0662,2018,1357U0662,1,Car,No tow/articulation,Going ahead other,South East,North,On main c'way - not in restricted lane,Approaching junction or waiting/parked at junction approach,None,None,Did not leave carriageway,None,Did not impact,No,Not known,Female,NA,56 - 65,NA,Heavy oil,15,Data missing or out of range,Data missing or out of range,Data missing or out of range
20181357U0662,2018,1357U0662,2,Pedal cycle,No tow/articulation,Going ahead other,West,East,On main c'way - not in restricted lane,Cleared junction or waiting/parked at junction exit,None,None,Did not leave carriageway,None,Did not impact,No,Not known,Male,NA,6 - 10,Data missing or out of range,Undefined,-1,Data missing or out of range,Data missing or out of range,Data missing or out of range
20181357U0925,2018,1357U0925,1,Car,No tow/articulation,Moving off,Parked,Parked,On lay-by or hard shoulder,Mid Junction - on roundabout or on main road,None,None,Did not leave carriageway,None,Front,No,Not known,Male,NA,21 - 25,NA,Petrol,18,Data missing or out of range,More deprived 40-50%,Urban area
20181357U1257,2018,1357U1257,1,Goods 7.5 tonnes mgw and over,No tow/articulation,Going ahead other,North,South East,On main c'way - not in restricted lane,Not at or within 20 metres of junction,None,None,Did not leave carriageway,None,Offside,No,Journey as part of work,Male,NA,46 - 55,Data missing or out of range,Undefined,-1,Data missing or out of range,Data missing or out of range,Data missing or out of range
20181357U1257,2018,1357U1257,2,Car,No tow/articulation,Going ahead other,South East,North,On main c'way - not in restricted lane,Not at or within 20 metres of junction,None,None,Nearside,None,Front,No,Not known,Male,NA,16 - 20,NA,Heavy oil,6,Data missing or out of range,Data missing or out of range,Data missing or out of range
20181357U1257,2018,1357U1257,3,Car,No tow/articulation,Parked,West,West,On main c'way - not in restricted lane,Not at or within 20 metres of junction,None,None,Did not leave carriageway,None,Front,No,Not known,Not known,Data missing or out of range,Data missing or out of range,NA,Petrol,13,Data missing or out of range,Data missing or out of range,Data missing or out of range
20181357U1419,2018,1357U1419,1,Car,No tow/articulation,Turning right,North East,North West,On main c'way - not in restricted lane,Leaving main road,None,None,Did not leave carriageway,None,Front,No,Not known,Female,NA,46 - 55,NA,Heavy oil,1,Data missing or out of range,Less deprived 30-40%,Urban area
20181357U1661,2018,1357U1661,1,Pedal cycle,No tow/articulation,Going ahead other,East,West,On main c'way - not in restricted lane,Not at or within 20 metres of junction,None,None,Did not leave carriageway,None,Front,No,Not known,Male,NA,6 - 10,Data missing or out of range,Undefined,-1,Data missing or out of range,Most deprived 10%,Urban area
20181357U1661,2018,1357U1661,2,Car,No tow/articulation,Going ahead other,North,South East,On main c'way - not in restricted lane,Not at or within 20 metres of junction,None,None,Did not leave carriageway,None,Nearside,No,Not known,Male,Data missing or out of range,Data missing or out of range,NA,Heavy oil,9,Data missing or out of range,Data missing or out of range,Data missing or out of range
20181357V0353,2018,1357V0353,1,Goods over 3.5t. and under 7.5t,No tow/articulation,Going ahead other,South East,North,On main c'way - not in restricted lane,Approaching junction or waiting/parked at junction approach,None,None,Did not leave carriageway,None,Front,No,Not known,Male,NA,36 - 45,Data missing or out of range,Undefined,-1,Data missing or out of range,Data missing or out of range,Data missing or out of range
20181357V0353,2018,1357V0353,2,Car,No tow/articulation,Turning right,North,West,On main c'way - not in restricted lane,Mid Junction - on roundabout or on main road,None,None,Did not leave carriageway,None,Front,No,Journey as part of work,Male,NA,56 - 65,Data missing or out of range,Undefined,-1,Data missing or out of range,Data missing or out of range,Data missing or out of range
20181357V0626,2018,1357V0626,1,Car,No tow/articulation,Going ahead other,West,East,On main c'way - not in restricted lane,Mid Junction - on roundabout or on main road,None,None,Did not leave carriageway,None,Offside,No,Not known,Female,NA,46 - 55,NA,Heavy oil,6,Data missing or out of range,Data missing or out of range,Data missing or out of range
20181357V0626,2018,1357V0626,2,Motorcycle over 125cc and up to 500cc,No tow/articulation,Going ahead other,South East,North,On main c'way - not in restricted lane,Mid Junction - on roundabout or on main road,None,None,Did not leave carriageway,None,Front,No,Journey as part of work,Male,NA,16 - 20,NA,Petrol,3,Data missing or out of range,Data missing or out of range,Data missing or out of range
20181357V1377,2018,1357V1377,1,Car,No tow/articulation,Overtaking moving vehicle - offside,South West,North East,On main c'way - not in restricted lane,Mid Junction - on roundabout or on main road,None,None,Nearside,Lamp post,Front,No,Not known,Male,NA,21 - 25,NA,Heavy oil,7,Data missing or out of range,Most deprived 10%,Urban area
20181357V1377,2018,1357V1377,2,Car,No tow/articulation,Going ahead right-hand bend,West,South East,On main c'way - not in restricted lane,Mid Junction - on roundabout or on main road,None,None,Did not leave carriageway,None,Did not impact,No,Not known,Male,NA,21 - 25,NA,Petrol,7,Data missing or out of range,More deprived 20-30%,Urban area
2018135810470,2018,135810470,1,Car,No tow/articulation,Going ahead other,North,South East,On main c'way - not in restricted lane,Not at or within 20 metres of junction,None,None,Did not leave carriageway,None,Offside,No,Not known,Female,NA,26 - 35,NA,Petrol,6,Data missing or out of range,Less deprived 40-50%,Rural