accident_index,accident_year,accident_reference,vehicle_reference,vehicle_type,towing_and_articulation,vehicle_manoeuvre,vehicle_direction_from,vehicle_direction_to,vehicle_location_restricted_lane,junction_location,skidding_and_overturning,hit_object_in_carriageway,vehicle_leaving_carriageway,hit_object_off_carriageway,first_point_of_impact,vehicle_left_hand_drive,journey_purpose_of_driver,sex_of_driver,age_of_driver,age_band_of_driver,engine_capacity_cc,propulsion_code,age_of_vehicle,generic_make_model,driver_imd_decile,driver_home_area_type
2018135810470,2018,135810470,2,Goods 7.5 tonnes mgw and over,No tow/articulation,Changing lane to left,North,South East,On main c'way - not in restricted lane,Not at or within 20 metres of junction,None,None,Did not leave carriageway,None,Nearside,No,Journey as part of work,Male,Data missing or out of range,Data missing or out of range,NA,Heavy oil,5,Data missing or out of range,Data missing or out of range,Data missing or out of range
2018135811158,2018,135811158,1,Car,No tow/articulation,Going ahead other,South East,North,On main c'way - not in restricted lane,Not at or within 20 metres of junction,None,None,Did not leave carriageway,None,Offside,No,Not known,Male,NA,21 - 25,NA,Heavy oil,9,Data missing or out of range,More deprived 10-20%,Urban area
2018135811158,2018,135811158,2,Pedal cycle,No tow/articulation,Going ahead other,West,East,On main c'way - not in restricted lane,Not at or within 20 metres of junction,None,None,Did not leave carriageway,None,Front,No,Not known,Male,NA,6 - 10,Data missing or out of range,Undefined,-1,Data missing or out of range,Data missing or out of range,Data missing or out of range
2018135811451,2018,135811451,1,Car,No tow/articulation,Turning right,South West,North East,On main c'way - not in restricted lane,Not at or within 20 metres of junction,None,Kerb,Offside,Wall or fence,Front,No,Not known,Male,NA,36 - 45,NA,Heavy oil,0,Data missing or out of range,More deprived 10-20%,Urban area
2018135811451,2018,135811451,2,Car,No tow/articulation,Going ahead other,North East,South West,On main c'way - not in restricted lane,Not at or within 20 metres of junction,None,None,Did not leave carriageway,None,Back,No,Not known,Female,Data missing or out of range,Data missing or out of range,NA,Heavy oil,5,Data missing or out of range,Less deprived 40-50%,Urban area
2018135820272,2018,135820272,1,Car,No tow/articulation,Going ahead other,West,South East,On main c'way - not in restricted lane,Cleared junction or waiting/parked at junction exit,Skidded,Kerb,Nearside,Tree,Nearside,No,Not known,Male,NA,21 - 25,NA,Heavy oil,13,Data missing or out of range,Most deprived 10%,Urban area
2018135820272,2018,135820272,2,Car,No tow/articulation,Turning right,West,South East,On main c'way - not in restricted lane,Approaching junction or waiting/parked at junction approach,None,None,Did not leave carriageway,None,Did not impact,No,Journey as part of work,Male,NA,46 - 55,NA,Heavy oil,0,Data missing or out of range,Data missing or out of range,Data missing or out of range
2018135821383,2018,135821383,1,Car,No tow/articulation,Going ahead other,East,West,On main c'way - not in restricted lane,Not at or within 20 metres of junction,None,None,Did not leave carriageway,None,Front,No,Not known,Male,NA,26 - 35,NA,Heavy oil,12,Data missing or out of range,Less deprived 30-40%,Urban area
2018135821383,2018,135821383,2,Car,No tow/articulation,Going ahead other,West,East,On main c'way - not in restricted lane,Not at or within 20 metres of junction,None,None,Nearside,None,Front,No,Not known,Male,NA,36 - 45,NA,Petrol,10,Data missing or out of range,More deprived 40-50%,Urban area
2018135821609,2018,135821609,1,Van / Goods 3.5 tonnes mgw or under,No tow/articulation,Turning right,South West,North East,On main c'way - not in restricted lane,Mid Junction - on roundabout or on main road,None,None,Did not leave carriageway,None,Offside,No,Commuting to/from work,Male,NA,56 - 65,NA,Heavy oil,12,Data missing or out of range,Less deprived 20-30%,Urban area
2018135821609,2018,135821609,2,Motorcycle over 500cc,No tow/articulation,Overtaking static vehicle - offside,South West,North East,On main c'way - not in restricted lane,Mid Junction - on roundabout or on main road,None,Kerb,Offside,None,Front,No,Not known,Male,NA,36 - 45,NA,Petrol,1,Data missing or out of range,Less deprived 40-50%,Urban area
2018135830870,2018,135830870,1,Car,No tow/articulation,Turning right,East,North,Footway (pavement),Cleared junction or waiting/parked at junction exit,None,None,Nearside,Road sign or traffic signal,Front,No,Not known,Male,NA,26 - 35,NA,Petrol,15,Data missing or out of range,Most deprived 10%,Urban area
2018135831319,2018,135831319,1,Mobility scooter,No tow/articulation,Going ahead other,North East,South West,Footway (pavement),Not at or within 20 metres of junction,None,None,Did not leave carriageway,None,Front,No,Not known,Male,Data missing or out of range,Data missing or out of range,Data missing or out of range,Undefined,-1,Data missing or out of range,Data missing or out of range,Data missing or out of range
2018135840001,2018,135840001,1,Car,No tow/articulation,Going ahead right-hand bend,South West,North East,On main c'way - not in restricted lane,Not at or within 20 metres of junction,Skidded,None,Nearside,Wall or fence,Front,No,Not known,Male,NA,16 - 20,Data missing or out of range,Undefined,-1,Data missing or out of range,Less deprived 20-30%,Urban area
2018135841088,2018,135841088,1,Van / Goods 3.5 tonnes mgw or under,No tow/articulation,Going ahead other,South East,North,On main c'way - not in restricted lane,Approaching junction or waiting/parked at junction approach,None,None,Did not leave carriageway,None,Nearside,No,Not known,Male,NA,36 - 45,NA,Heavy oil,17,Data missing or out of range,Most deprived 10%,Urban area
2018135841088,2018,135841088,2,Pedal cycle,No tow/articulation,Going ahead other,South East,North,On main c'way - not in restricted lane,Approaching junction or waiting/parked at junction approach,None,None,Did not leave carriageway,None,Offside,No,Not known,Male,NA,46 - 55,Data missing or out of range,Undefined,-1,Data missing or out of range,More deprived 30-40%,Urban area
2018135850908,2018,135850908,1,Car,No tow/articulation,Going ahead other,East,West,On main c'way - not in restricted lane,Mid Junction - on roundabout or on main road,None,None,Did not leave carriageway,None,Nearside,No,Not known,Male,NA,36 - 45,NA,Petrol,0,Data missing or out of range,Data missing or out of range,Data missing or out of range
2018135850908,2018,135850908,2,Taxi/Private hire car,No tow/articulation,Turning right,South East,East,On main c'way - not in restricted lane,Mid Junction - on roundabout or on main road,None,None,Did not leave carriageway,None,Front,No,Not known,Male,NA,26 - 35,NA,Heavy oil,7,Data missing or out of range,Most deprived 10%,Urban area
2018135851588,2018,135851588,1,Car,No tow/articulation,Going ahead other,North West,South East,On main c'way - not in restricted lane,Approaching junction or waiting/parked at junction approach,Overturned,None,Did not leave carriageway,None,Front,No,Not known,Female,NA,36 - 45,NA,Petrol,1,Data missing or out of range,Less deprived 20-30%,Urban area
2018135851588,2018,135851588,2,Car,No tow/articulation,Turning right,North West,South West,On main c'way - not in restricted lane,Leaving main road,None,None,Did not leave carriageway,None,Back,No,Not known,Female,NA,26 - 35,NA,Heavy oil,4,Data missing or out of range,More deprived 40-50%,Urban area
2018135860454,2018,135860454,1,Car,No tow/articulation,Going ahead other,North East,South West,On main c'way - not in restricted lane,Mid Junction - on roundabout or on main road,Skidded,None,Did not leave carriageway,None,Offside,No,Commuting to/from work,Female,NA,36 - 45,NA,Heavy oil,10,Data missing or out of range,Most deprived 10%,Urban area
2018135860454,2018,135860454,2,Car,No tow/articulation,Going ahead other,North,South East,On main c'way - not in restricted lane,Mid Junction - on roundabout or on main road,None,None,Did not leave carriageway,None,Front,No,Not known,Male,NA,36 - 45,Data missing or out of range,Undefined,-1,Data missing or out of range,Most deprived 10%,Urban area
2018135861130,2018,135861130,1,Car,No tow/articulation,Going ahead other,South West,North East,Bus lane,Not at or within 20 metres of junction,None,None,Did not leave carriageway,None,Nearside,No,Not known,Male,NA,56 - 65,NA,Petrol,0,Data missing or out of range,More deprived 30-40%,Urban area
2018135861130,2018,135861130,2,Car,No tow/articulation,Going ahead other,South West,North East,On main c'way - not in restricted lane,Not at or within 20 metres of junction,None,None,Did not leave carriageway,None,Offside,No,Commuting to/from work,Female,NA,36 - 45,NA,Heavy oil,5,Data missing or out of range,Least deprived 10%,Urban area
2018135861130,2018,135861130,3,Car,No tow/articulation,Going ahead left-hand bend,North East,South West,On main c'way - not in restricted lane,Not at or within 20 metres of junction,None,None,Did not leave carriageway,None,Did not impact,No,Journey as part of work,Male,NA,36 - 45,NA,Heavy oil,0,Data missing or out of range,Less deprived 40-50%,Rural
2018135861412,2018,135861412,1,Van / Goods 3.5 tonnes mgw or under,No tow/articulation,Going ahead other,West,East,On main c'way - not in restricted lane,Not at or within 20 metres of junction,None,None,Did not leave carriageway,None,Front,No,Journey as part of work,Male,NA,46 - 55,NA,Heavy oil,2,Data missing or out of range,Less deprived 40-50%,Urban area
2018135861412,2018,135861412,2,Minibus (8 - 16 passenger seats),No tow/articulation,Turning right,East,North,On main c'way - not in restricted lane,Not at or within 20 metres of junction,None,None,Did not leave carriageway,None,Nearside,No,Journey as part of work,Female,NA,26 - 35,Data missing or out of range,Undefined,-1,Data missing or out of range,Less deprived 40-50%,Urban area
2018135861895,2018,135861895,1,Motorcycle 50cc and under,No tow/articulation,Going ahead other,Parked,Parked,On main c'way - not in restricted lane,Not at or within 20 metres of junction,None,None,Did not leave carriageway,None,Front,No,Not known,Male,NA,26 - 35,Data missing or out of range,Undefined,-1,Data missing or out of range,More deprived 10-20%,Urban area
2018135880880,2018,135880880,1,Car,No tow/articulation,Parked,Parked,Parked,On main c'way - not in restricted lane,Not at or within 20 metres of junction,None,None,Nearside,Telegraph or electricity pole,Back,No,Not known,Female,NA,Over 75,NA,Petrol,1,Data missing or out of range,More deprived 10-20%,Urban area
2018135890678,2018,135890678,1,Car,No tow/articulation,Going ahead other,West,South East,On main c'way - not in restricted lane,Entering main road,None,None,Did not leave carriageway,None,Front,No,Journey as part of work,Male,NA,36 - 45,NA,Petrol,12,Data missing or out of range,Most deprived 10%,Urban area
2018135891320,2018,135891320,1,Car,No tow/articulation,Going ahead left-hand bend,East,South East,On main c'way - not in restricted lane,Entering from slip road,None,None,Did not leave carriageway,None,Nearside,No,Not known,Female,NA,46 - 55,NA,Petrol,11,Data missing or out of range,More deprived 10-20%,Urban area
2018135891320,2018,135891320,2,Motorcycle 125cc and under,No tow/articulation,Going ahead other,North,South East,On main c'way - not in restricted lane,Approaching junction or waiting/parked at junction approach,None,None,Did not leave carriageway,None,Offside,No,Not known,Male,NA,21 - 25,NA,Petrol,2,Data missing or out of range,Most deprived 10%,Urban area
2018135891559,2018,135891559,1,Car,No tow/articulation,Going ahead other,West,East,On main c'way - not in restricted lane,Not at or within 20 metres of junction,None,None,Did not leave carriageway,None,Front,No,Not known,Male,NA,46 - 55,NA,Petrol,11,Data missing or out of range,Most deprived 10%,Urban area
2018135891559,2018,135891559,2,Car,No tow/articulation,Going ahead other,East,West,On main c'way - not in restricted lane,Not at or within 20 metres of junction,None,None,Did not leave carriageway,None,Front,No,Not known,Male,NA,46 - 55,NA,Heavy oil,9,Data missing or out of range,Most deprived 10%,Urban area
2018135891659,2018,135891659,1,Car,No tow/articulation,Turning right,South East,North East,On main c'way - not in restricted lane,Leaving main road,None,None,Did not leave carriageway,None,Front,No,Not known,Female,NA,56 - 65,NA,Heavy oil,2,Data missing or out of range,More deprived 40-50%,Urban area
2018135891659,2018,135891659,2,Pedal cycle,No tow/articulation,Going ahead other,North West,South East,On main c'way - not in restricted lane,Mid Junction - on roundabout or on main road,None,None,Did not leave carriageway,None,Offside,No,Not known,Male,NA,36 - 45,Data missing or out of range,Undefined,-1,Data missing or out of range,Less deprived 30-40%,Urban area
2018135892045,2018,135892045,1,Bus or coach (17 or more pass seats),No tow/articulation,Going ahead left-hand bend,South East,West,Bus lane,Not at or within 20 metres of junction,None,None,Did not leave carriageway,None,Nearside,No,Journey as part of work,Male,NA,56 - 65,NA,Heavy oil,9,Data missing or out of range,Less deprived 30-40%,Urban area
20181358A0666,2018,1358A0666,1,Van / Goods 3.5 tonnes mgw or under,No tow/articulation,Turning right,South West,South East,On main c'way - not in restricted lane,Mid Junction - on roundabout or on main road,None,None,Did not leave carriageway,None,Offside,No,Journey as part of work,Male,NA,16 - 20,NA,Heavy oil,4,Data missing or out of range,Most deprived 10%,Urban area
20181358A0666,2018,1358A0666,2,Car,No tow/articulation,Going ahead other,South East,North West,On main c'way - not in restricted lane,Mid Junction - on roundabout or on main road,None,None,Did not leave carriageway,None,Front,No,Journey as part of work,Male,NA,46 - 55,NA,Heavy oil,9,Data missing or out of range,More deprived 10-20%,Urban area
20181358A1202,2018,1358A1202,1,Car,No tow/articulation,Going ahead other,South East,North,On main c'way - not in restricted lane,Not at or within 20 metres of junction,None,None,Did not leave carriageway,None,Front,No,Not known,Male,NA,56 - 65,NA,Petrol,3,Data missing or out of range,Less deprived 30-40%,Urban area
20181358A1202,2018,1358A1202,2,Car,No tow/articulation,Waiting to go - held up,South East,North,On main c'way - not in restricted lane,Not at or within 20 metres of junction,None,None,Did not leave carriageway,None,Back,No,Not known,Male,NA,56 - 65,NA,Petrol,3,Data missing or out of range,More deprived 30-40%,Urban area
20181358A1444,2018,1358A1444,1,Car,No tow/articulation,Slowing or stopping,East,West,On main c'way - not in restricted lane,Not at or within 20 metres of junction,None,None,Did not leave carriageway,None,Back,No,Not known,Male,NA,36 - 45,NA,Heavy oil,8,Data missing or out of range,More deprived 20-30%,Urban area
20181358A1444,2018,1358A1444,2,Car,No tow/articulation,Slowing or stopping,East,West,On main c'way - not in restricted lane,Not at or within 20 metres of junction,None,None,Did not leave carriageway,None,Front,No,Not known,Female,NA,46 - 55,NA,Petrol,3,Data missing or out of range,Less deprived 40-50%,Urban area
20181358A1705,2018,1358A1705,1,Car,No tow/articulation,Going ahead other,North East,South West,On main c'way - not in restricted lane,Mid Junction - on roundabout or on main road,None,None,Did not leave carriageway,None,Offside,No,Not known,Male,NA,56 - 65,NA,Petrol,3,Data missing or out of range,Less deprived 30-40%,Urban area
20181358A1705,2018,1358A1705,2,Car,No tow/articulation,Going ahead other,South East,North West,On main c'way - not in restricted lane,Entering main road,None,None,Did not leave carriageway,None,Front,No,Not known,Male,Data missing or out of range,Data missing or out of range,NA,Heavy oil,5,Data missing or out of range,Data missing or out of range,Data missing or out of range
20181358B1528,2018,1358B1528,1,Car,No tow/articulation,Turning right,South East,East,On main c'way - not in restricted lane,Leaving main road,None,None,Did not leave carriageway,None,Nearside,No,Not known,Female,NA,36 - 45,NA,Petrol,12,Data missing or out of range,Most deprived 10%,Urban area
20181358B1528,2018,1358B1528,2,Car,No tow/articulation,Going ahead other,North,South East,On main c'way - not in restricted lane,Mid Junction - on roundabout or on main road,None,None,Did not leave carriageway,None,Front,No,Not known,Male,NA,26 - 35,NA,Heavy oil,0,Data missing or out of range,Most deprived 10%,Urban area
20181358C0646,2018,1358C0646,1,Car,No tow/articulation,Waiting to turn left,North East,South West,On main c'way - not in restricted lane,Approaching junction or waiting/parked at junction approach,None,None,Did not leave carriageway,None,Back,No,Not known,Female,NA,66 - 75,NA,Petrol,19,Data missing or out of range,Most deprived 10%,Urban area
20181358C0646,2018,1358C0646,2,Car,No tow/articulation,Waiting to go - held up,North East,South West,On main c'way - not in restricted lane,Approaching junction or waiting/parked at junction approach,None,None,Did not leave carriageway,None,Front,No,Not known,Female,NA,36 - 45,NA,Petrol,8,Data missing or out of range,Most deprived 10%,Urban area
20181358D0129,2018,1358D0129,1,Motorcycle 125cc and under,No tow/articulation,Slowing or stopping,West,North East,On main c'way - not in restricted lane,Approaching junction or waiting/parked at junction approach,Skidded,None,Did not leave carriageway,None,Offside,No,Commuting to/from work,Male,NA,21 - 25,NA,Petrol,4,Data missing or out of range,Most deprived 10%,Urban area
20181358E0806,2018,1358E0806,1,Car,No tow/articulation,Going ahead other,East,West,On main c'way - not in restricted lane,Not at or within 20 metres of junction,None,None,Did not leave carriageway,None,Front,No,Not known,Male,Data missing or out of range,Data missing or out of range,NA,Petrol,14,Data missing or out of range,Data missing or out of range,Data missing or out of range
20181358E0806,2018,1358E0806,2,Car,No tow/articulation,Going ahead other,South East,North,On main c'way - not in restricted lane,Not at or within 20 metres of junction,None,None,Did not leave carriageway,None,Nearside,No,Not known,Male,NA,21 - 25,NA,Heavy oil,9,Data missing or out of range,Most deprived 10%,Urban area
20181358E1016,2018,1358E1016,1,Car,No tow/articulation,Going ahead other,West,East,On main c'way - not in restricted lane,Entering roundabout,None,None,Did not leave carriageway,None,Did not impact,No,Not known,Not known,Data missing or out of range,Data missing or out of range,Data missing or out of range,Undefined,-1,Data missing or out of range,Less deprived 20-30%,Small town
20181358E1016,2018,1358E1016,2,Bus or coach (17 or more pass seats),No tow/articulation,Going ahead other,West,East,Bus lane,Entering roundabout,None,None,Nearside,Other permanent object,Front,No,Journey as part of work,Male,NA,46 - 55,Data missing or out of range,Undefined,-1,Data missing or out of range,Less deprived 30-40%,Urban area
20181358F0484,2018,1358F0484,1,Car,No tow/articulation,Going ahead other,East,West,On main c'way - not in restricted lane,Not at or within 20 metres of junction,Overturned,None,Did not leave carriageway,Wall or fence,Offside,No,Not known,Female,NA,56 - 65,NA,Petrol,4,Data missing or out of range,Most deprived 10%,Urban area
20181358F1183,2018,1358F1183,1,Car,No tow/articulation,Going ahead other,South East,North,On main c'way - not in restricted lane,Not at or within 20 metres of junction,None,None,Did not leave carriageway,None,Did not impact,No,Not known,Not known,Data missing or out of range,Data missing or out of range,Data missing or out of range,Undefined,-1,Data missing or out of range,Data missing or out of range,Data missing or out of range
20181358F2165,2018,1358F2165,1,Car,No tow/articulation,Turning right,East,North,On main c'way - not in restricted lane,Leaving main road,None,None,Did not leave carriageway,None,Front,No,Not known,Not known,Data missing or out of range,Data missing or out of range,Data missing or out of range,Undefined,-1,Data missing or out of range,Data missing or out of range,Data missing or out of range
20181358G0637,2018,1358G0637,1,Car,No tow/articulation,Reversing,South East,North West,On main c'way - not in restricted lane,Approaching junction or waiting/parked at junction approach,None,None,Did not leave carriageway,None,Back,No,Not known,Male,NA,36 - 45,NA,Heavy oil,10,Data missing or out of range,More deprived 20-30%,Urban area
20181358H0908,2018,1358H0908,1,Van / Goods 3.5 tonnes mgw or under,No tow/articulation,Going ahead other,West,East,On main c'way - not in restricted lane,Not at or within 20 metres of junction,None,None,Did not leave carriageway,None,Nearside,No,Journey as part of work,Male,NA,56 - 65,NA,Heavy oil,8,Data missing or out of range,Most deprived 10%,Urban area
20181358H1444,2018,1358H1444,1,Car,No tow/articulation,Overtaking moving vehicle - offside,West,East,On main c'way - not in restricted lane,Not at or within 20 metres of junction,Skidded,None,Offside,Lamp post,Front,No,Not known,Male,NA,16 - 20,NA,Heavy oil,14,Data missing or out of range,Most deprived 10%,Urban area
20181358H1444,2018,1358H1444,2,Car,No tow/articulation,Going ahead other,East,West,On main c'way - not in restricted lane,Not at or within 20 metres of junction,Skidded,None,Did not leave carriageway,None,Front,No,Not known,Female,NA,26 - 35,NA,Heavy oil,5,Data missing or out of range,More deprived 30-40%,Urban area
20181358H1553,2018,1358H1553,1,Car,No tow/articulation,Turning right,North East,North West,On main c'way - not in restricted lane,Leaving main road,None,None,Did not leave carriageway,None,Nearside,No,Not known,Male,NA,66 - 75,NA,Heavy oil,12,Data missing or out of range,Most deprived 10%,Urban area
20181358H1553,2018,1358H1553,2,Pedal cycle,No tow/articulation,Going ahead other,South West,North East,On main c'way - not in restricted lane,Mid Junction - on roundabout or on main road,Overturned,None,Did not leave carriageway,None,Front,No,Not known,Male,NA,56 - 65,Data missing or out of range,Undefined,-1,Data missing or out of range,Most deprived 10%,Urban area
20181358I0797,2018,1358I0797,1,Car,No tow/articulation,Going ahead right-hand bend,North East,South West,On main c'way - not in restricted lane,Not at or within 20 metres of junction,Skidded,None,Nearside,Wall or fence,Front,No,Not known,Male,NA,Over 75,NA,Petrol,2,Data missing or out of range,Least deprived 10%,Small town
20181358I1332,2018,1358I1332,1,Car,No tow/articulation,Going ahead other,South West,North East,On main c'way - not in restricted lane,Mid Junction - on roundabout or on main road,None,None,Did not leave carriageway,None,Nearside,No,Journey as part of work,Male,NA,26 - 35,NA,Heavy oil,5,Data missing or out of range,Most deprived 10%,Urban area
20181358I1332,2018,1358I1332,2,Pedal cycle,No tow/articulation,Waiting to turn right,South East,North East,On main c'way - not in restricted lane,Entering main road,None,None,Did not leave carriageway,None,Front,No,Not known,Male,NA,11 - 15,Data missing or out of range,Undefined,-1,Data missing or out of range,Less deprived 20-30%,Urban area
20181358K1222,2018,1358K1222,1,Van / Goods 3.5 tonnes mgw or under,No tow/articulation,Turning right,West,North,On main c'way - not in restricted lane,Mid Junction - on roundabout or on main road,None,None,Did not leave carriageway,None,Nearside,No,Commuting to/from work,Male,NA,26 - 35,NA,Heavy oil,6,Data missing or out of range,More deprived 10-20%,Urban area
20181358K1222,2018,1358K1222,2,Pedal cycle,No tow/articulation,Overtaking moving vehicle - offside,West,East,On main c'way - not in restricted lane,Mid Junction - on roundabout or on main road,None,None,Did not leave carriageway,None,Front,No,Commuting to/from work,Male,NA,56 - 65,Data missing or out of range,Undefined,-1,Data missing or out of range,Less deprived 40-50%,Urban area
20181358L0306,2018,1358L0306,1,Car,No tow/articulation,Going ahead other,North East,South West,On main c'way - not in restricted lane,Not at or within 20 metres of junction,None,None,Did not leave carriageway,None,Nearside,No,Commuting to/from work,Male,NA,26 - 35,NA,Petrol,12,Data missing or out of range,More deprived 10-20%,Urban area
20181358L0538,2018,1358L0538,1,Van / Goods 3.5 tonnes mgw or under,No tow/articulation,Turning left,South West,North West,On main c'way - not in restricted lane,Mid Junction - on roundabout or on main road,None,None,Did not leave carriageway,None,Front,No,Journey as part of work,Male,NA,36 - 45,NA,Heavy oil,9,Data missing or out of range,Less deprived 40-50%,Urban area
20181358L0538,2018,1358L0538,2,Car,No tow/articulation,Going ahead other,South East,North West,On main c'way - not in restricted lane,Mid Junction - on roundabout or on main road,None,None,Did not leave carriageway,None,Front,No,Not known,Male,NA,21 - 25,NA,Heavy oil,4,Data missing or out of range,More deprived 10-20%,Urban area
20181358L0827,2018,1358L0827,1,Car,No tow/articulation,Going ahead other,South East,North,On main c'way - not in restricted lane,Not at or within 20 metres of junction,None,None,Did not leave carriageway,None,Front,No,Not known,Male,NA,21 - 25,Data missing or out of range,Undefined,-1,Data missing or out of range,Data missing or out of range,Data missing or out of range
20181358L0827,2018,1358L0827,2,Car,No tow/articulation,Waiting to go - held up,Parked,Parked,On main c'way - not in restricted lane,Not at or within 20 metres of junction,None,None,Did not leave carriageway,None,Back,No,Not known,Male,NA,56 - 65,NA,Petrol,3,Data missing or out of range,Less deprived 40-50%,Urban area
20181358L0992,2018,1358L0992,1,Car,No tow/articulation,Reversing,North,South East,Footway (pavement),Not at or within 20 metres of junction,None,None,Did not leave carriageway,None,Back,No,Not known,Female,NA,26 - 35,NA,Heavy oil,15,Data missing or out of range,Most deprived 10%,Urban area
20181358L1059,2018,1358L1059,1,Car,No tow/articulation,Turning left,South East,North West,On main c'way - not in restricted lane,Leaving roundabout,None,None,Did not leave carriageway,None,Front,No,Not known,Male,NA,46 - 55,NA,Heavy oil,7,Data missing or out of range,Data missing or out of range,Data missing or out of range
20181358L1519,2018,1358L1519,1,Car,No tow/articulation,Turning right,East,North,On main c'way - not in restricted lane,Approaching junction or waiting/parked at junction approach,None,None,Did not leave carriageway,None,Front,No,Commuting to/from work,Male,NA,26 - 35,NA,Heavy oil,7,Data missing or out of range,More deprived 20-30%,Urban area
20181358L1519,2018,1358L1519,2,Pedal cycle,No tow/articulation,Going ahead other,West,East,On main c'way - not in restricted lane,Approaching junction or waiting/parked at junction approach,None,None,Did not leave carriageway,None,Front,No,Commuting to/from work,Male,NA,36 - 45,Data missing or out of range,Undefined,-1,Data missing or out of range,Most deprived 10%,Urban area
20181358L1652,2018,1358L1652,1,Car,No tow/articulation,Going ahead other,South East,North,On main c'way - not in restricted lane,Not at or within 20 metres of junction,None,None,Did not leave carriageway,None,Front,No,Not known,Male,NA,36 - 45,NA,Petrol,14,Data missing or out of range,Most deprived 10%,Urban area
20181358L1652,2018,1358L1652,2,Car,No tow/articulation,Reversing,West,East,On main c'way - not in restricted lane,Not at or within 20 metres of junction,None,None,Did not leave carriageway,None,Front,No,Not known,Female,NA,46 - 55,NA,Heavy oil,5,Data missing or out of range,Most deprived 10%,Urban area
20181358M1385,2018,1358M1385,1,Car,No tow/articulation,Going ahead other,East,West,On main c'way - not in restricted lane,Mid Junction - on roundabout or on main road,None,None,Did not leave carriageway,None,Front,No,Not known,Male,NA,36 - 45,NA,Heavy oil,8,Data missing or out of range,Most deprived 10%,Urban area
20181358M1385,2018,1358M1385,2,Car,No tow/articulation,Going ahead other,South East,North,On main c'way - not in restricted lane,Mid Junction - on roundabout or on main road,Skidded,None,Offside,Other permanent object,Nearside,No,Not known,Male,NA,21 - 25,NA,Heavy oil,4,Data missing or out of range,More deprived 10-20%,Urban area
20181358M1385,2018,1358M1385,3,Car,No tow/articulation,Parked,Parked,Parked,On main c'way - not in restricted lane,Approaching junction or waiting/parked at junction approach,None,None,Did not leave carriageway,None,Front,No,Not known,Male,NA,56 - 65,NA,Heavy oil,6,Data missing or out of range,Less deprived 10-20%,Urban area
20181358M1385,2018,1358M1385,4,Car,No tow/articulation,Parked,Parked,Parked,On main c'way - not in restricted lane,Approaching junction or waiting/parked at junction approach,None,None,Did not leave carriageway,None,Front,No,Not known,Male,NA,26 - 35,NA,Heavy oil,7,Data missing or out of range,Least deprived 10%,Urban area
20181358N0486,2018,1358N0486,1,Car,No tow/articulation,Waiting to turn right,East,West,On main c'way - not in restricted lane,Approaching junction or waiting/parked at junction approach,None,None,Did not leave carriageway,None,Back,No,Not known,Female,NA,56 - 65,NA,Heavy oil,11,Data missing or out of range,More deprived 40-50%,Urban area
20181358N0486,2018,1358N0486,2,Motorcycle 50cc and under,No tow/articulation,Going ahead other,East,West,On main c'way - not in restricted lane,Approaching junction or waiting/parked at junction approach,None,None,Did not leave carriageway,None,Front,No,Not known,Male,NA,16 - 20,NA,Petrol,21,Data missing or out of range,Less deprived 20-30%,Urban area
20181358N1512,2018,1358N1512,1,Motorcycle 125cc and under,No tow/articulation,Going ahead other,South East,North West,On main c'way - not in restricted lane,Approaching junction or waiting/parked at junction approach,None,None,Did not leave carriageway,None,Front,No,Not known,Not known,Data missing or out of range,Data missing or out of range,NA,Petrol,8,Data missing or out of range,Data missing or out of range,Data missing or out of range
20181358O0721,2018,1358O0721,1,Car,No tow/articulation,Turning right,South East,North,On main c'way - not in restricted lane,Mid Junction - on roundabout or on main road,None,None,Offside,Road sign or traffic signal,Front,No,Not known,Female,NA,26 - 35,NA,Petrol,14,Data missing or out of range,More deprived 20-30%,Urban area
20181358O0721,2018,1358O0721,2,Taxi/Private hire car,No tow/articulation,Going ahead other,South East,North,On main c'way - not in restricted lane,Mid Junction - on roundabout or on main road,None,None,Offside,Road sign or traffic signal,Nearside,No,Journey as part of work,Male,NA,36 - 45,NA,Hybrid electric,1,Data missing or out of range,Data missing or out of range,Data missing or out of range
20181358O1096,2018,1358O1096,1,Car,No tow/articulation,Moving off,South East,East,On main c'way - not in restricted lane,Approaching junction or waiting/parked at junction approach,None,None,Did not leave carriageway,None,Front,No,Not known,Female,NA,26 - 35,Data missing or out of range,Undefined,-1,Data missing or out of range,More deprived 40-50%,Urban area
20181358P0416,2018,1358P0416,1,Car,No tow/articulation,Going ahead other,East,West,On main c'way - not in restricted lane,Not at or within 20 metres of junction,None,Parked vehicle,Did not leave carriageway,None,Front,No,Not known,Male,NA,21 - 25,NA,Petrol,1,Data missing or out of range,Most deprived 10%,Urban area
20181358P0416,2018,1358P0416,2,Car,No tow/articulation,Parked,Parked,Parked,On main c'way - not in restricted lane,Not at or within 20 metres of junction,None,None,Did not leave carriageway,None,Back,No,Not known,Male,Data missing or out of range,Data missing or out of range,NA,Heavy oil,8,Data missing or out of range,Data missing or out of range,Data missing or out of range