accident_index,accident_year,accident_reference,vehicle_reference,vehicle_type,towing_and_articulation,vehicle_manoeuvre,vehicle_direction_from,vehicle_direction_to,vehicle_location_restricted_lane,junction_location,skidding_and_overturning,hit_object_in_carriageway,vehicle_leaving_carriageway,hit_object_off_carriageway,first_point_of_impact,vehicle_left_hand_drive,journey_purpose_of_driver,sex_of_driver,age_of_driver,age_band_of_driver,engine_capacity_cc,propulsion_code,age_of_vehicle,generic_make_model,driver_imd_decile,driver_home_area_type
20181358P0416,2018,1358P0416,3,Car,No tow/articulation,Parked,Parked,Parked,On main c'way - not in restricted lane,Not at or within 20 metres of junction,None,None,Did not leave carriageway,None,Back,No,Not known,Male,Data missing or out of range,Data missing or out of range,NA,Petrol,12,Data missing or out of range,Data missing or out of range,Data missing or out of range
20181358P0416,2018,1358P0416,4,Car,No tow/articulation,Parked,Parked,Parked,On main c'way - not in restricted lane,Not at or within 20 metres of junction,None,None,Did not leave carriageway,None,Back,No,Not known,Male,Data missing or out of range,Data missing or out of range,NA,Petrol,5,Data missing or out of range,Data missing or out of range,Data missing or out of range
20181358P1137,2018,1358P1137,1,Car,No tow/articulation,Going ahead other,West,East,On main c'way - not in restricted lane,Mid Junction - on roundabout or on main road,None,None,Did not leave carriageway,None,Offside,No,Not known,Female,NA,16 - 20,NA,Petrol,15,Data missing or out of range,Less deprived 30-40%,Urban area
20181358P1137,2018,1358P1137,2,Van / Goods 3.5 tonnes mgw or under,No tow/articulation,Going ahead other,South East,North,On main c'way - not in restricted lane,Mid Junction - on roundabout or on main road,None,None,Did not leave carriageway,None,Front,No,Not known,Male,NA,16 - 20,NA,Heavy oil,5,Data missing or out of range,Most deprived 10%,Urban area
20181358P1359,2018,1358P1359,1,Car,No tow/articulation,Going ahead other,North West,South East,On main c'way - not in restricted lane,Not at or within 20 metres of junction,None,None,Did not leave carriageway,None,Back,No,Not known,Male,NA,56 - 65,Data missing or out of range,Undefined,-1,Data missing or out of range,Most deprived 10%,Urban area
20181358P1842,2018,1358P1842,1,Car,No tow/articulation,Overtaking moving vehicle - offside,North East,South West,On main c'way - not in restricted lane,Not at or within 20 metres of junction,None,None,Did not leave carriageway,None,Nearside,No,Not known,Not known,Data missing or out of range,Data missing or out of range,NA,Heavy oil,6,Data missing or out of range,Data missing or out of range,Data missing or out of range
20181358P1842,2018,1358P1842,2,Car,No tow/articulation,Going ahead other,North East,South West,On main c'way - not in restricted lane,Not at or within 20 metres of junction,None,None,Nearside,Other permanent object,Offside,No,Not known,Female,NA,46 - 55,NA,Petrol,4,Data missing or out of range,Less deprived 10-20%,Urban area
20181358Q0543,2018,1358Q0543,1,Car,No tow/articulation,Going ahead other,South East,North West,On main c'way - not in restricted lane,Mid Junction - on roundabout or on main road,None,None,Did not leave carriageway,None,Front,No,Not known,Male,NA,66 - 75,NA,Heavy oil,5,Data missing or out of range,Less deprived 20-30%,Urban area
20181358Q0543,2018,1358Q0543,2,Van / Goods 3.5 tonnes mgw or under,No tow/articulation,Going ahead other,West,East,On main c'way - not in restricted lane,Mid Junction - on roundabout or on main road,None,None,Did not leave carriageway,None,Front,No,Not known,Male,NA,26 - 35,NA,Heavy oil,13,Data missing or out of range,Most deprived 10%,Urban area
20181358Q0958,2018,1358Q0958,1,Car,No tow/articulation,Going ahead other,North East,South West,On main c'way - not in restricted lane,Mid Junction - on roundabout or on main road,None,None,Did not leave carriageway,None,Front,No,Not known,Male,NA,26 - 35,NA,Heavy oil,4,Data missing or out of range,More deprived 40-50%,Urban area
20181358Q0958,2018,1358Q0958,2,Car,No tow/articulation,Turning right,North West,South East,On main c'way - not in restricted lane,Mid Junction - on roundabout or on main road,None,None,Did not leave carriageway,None,Front,No,Not known,Male,NA,16 - 20,NA,Petrol,12,Data missing or out of range,More deprived 40-50%,Urban area
20181358Q1131,2018,1358Q1131,1,Car,No tow/articulation,Going ahead left-hand bend,East,West,On main c'way - not in restricted lane,Not at or within 20 metres of junction,None,None,Did not leave carriageway,None,Front,No,Not known,Male,NA,56 - 65,NA,Petrol,4,Data missing or out of range,More deprived 30-40%,Urban area
20181358R1980,2018,1358R1980,1,Car,No tow/articulation,Going ahead right-hand bend,North East,South West,On main c'way - not in restricted lane,Not at or within 20 metres of junction,None,None,Did not leave carriageway,None,Nearside,No,Not known,Female,NA,21 - 25,NA,Hybrid electric,4,Data missing or out of range,More deprived 20-30%,Urban area
20181358R1980,2018,1358R1980,2,Car,No tow/articulation,Parked,Parked,Parked,On main c'way - not in restricted lane,Not at or within 20 metres of junction,None,None,Did not leave carriageway,None,Offside,No,Not known,Female,NA,36 - 45,NA,Heavy oil,3,Data missing or out of range,More deprived 30-40%,Urban area
20181358S1244,2018,1358S1244,1,Car,No tow/articulation,Turning right,North,West,On main c'way - not in restricted lane,Mid Junction - on roundabout or on main road,None,None,Did not leave carriageway,None,Front,No,Not known,Female,NA,26 - 35,NA,Heavy oil,7,Data missing or out of range,Most deprived 10%,Urban area
20181358S1244,2018,1358S1244,2,Car,No tow/articulation,Going ahead right-hand bend,West,East,On main c'way - not in restricted lane,Mid Junction - on roundabout or on main road,None,None,Did not leave carriageway,None,Nearside,No,Not known,Male,NA,46 - 55,NA,Heavy oil,6,Data missing or out of range,Most deprived 10%,Urban area
20181358T0379,2018,1358T0379,1,Goods 7.5 tonnes mgw and over,No tow/articulation,Going ahead other,South West,North East,On main c'way - not in restricted lane,Not at or within 20 metres of junction,Skidded,None,Did not leave carriageway,None,Front,No,Journey as part of work,Male,NA,26 - 35,NA,Heavy oil,9,Data missing or out of range,Most deprived 10%,Urban area
20181358T1897,2018,1358T1897,1,Car,No tow/articulation,Going ahead other,West,East,On main c'way - not in restricted lane,Mid Junction - on roundabout or on main road,None,None,Did not leave carriageway,None,Offside,No,Not known,Female,NA,16 - 20,NA,Petrol,12,Data missing or out of range,More deprived 30-40%,Urban area
20181358T1897,2018,1358T1897,2,Car,No tow/articulation,Going ahead other,South East,North,On main c'way - not in restricted lane,Entering main road,None,None,Did not leave carriageway,None,Front,No,Not known,Male,NA,66 - 75,NA,Petrol,0,Data missing or out of range,More deprived 20-30%,Urban area
20181358U0307,2018,1358U0307,1,Car,No tow/articulation,Going ahead other,North West,South East,On main c'way - not in restricted lane,Not at or within 20 metres of junction,None,None,Did not leave carriageway,None,Front,No,Commuting to/from work,Female,NA,21 - 25,NA,Hybrid electric,3,Data missing or out of range,More deprived 20-30%,Urban area
20181358U0307,2018,1358U0307,2,Pedal cycle,No tow/articulation,Going ahead other,North West,South East,On main c'way - not in restricted lane,Not at or within 20 metres of junction,None,None,Did not leave carriageway,None,Back,No,Commuting to/from work,Male,NA,46 - 55,Data missing or out of range,Undefined,-1,Data missing or out of range,Less deprived 20-30%,Urban area
20181358U1061,2018,1358U1061,1,Car,No tow/articulation,Going ahead other,South East,North,On main c'way - not in restricted lane,Approaching junction or waiting/parked at junction approach,None,None,Did not leave carriageway,None,Front,No,Not known,Male,NA,26 - 35,NA,Petrol,1,Data missing or out of range,Data missing or out of range,Data missing or out of range
20181358U1061,2018,1358U1061,2,Car,No tow/articulation,Going ahead other,South East,North,On main c'way - not in restricted lane,Mid Junction - on roundabout or on main road,None,None,Did not leave carriageway,None,Back,No,Not known,Male,NA,46 - 55,NA,Heavy oil,14,Data missing or out of range,Data missing or out of range,Data missing or out of range
20181358U2038,2018,1358U2038,1,Pedal cycle,No tow/articulation,Going ahead other,East,West,On main c'way - not in restricted lane,Not at or within 20 metres of junction,None,None,Did not leave carriageway,None,Front,No,Not known,Male,NA,11 - 15,Data missing or out of range,Undefined,-1,Data missing or out of range,Less deprived 30-40%,Urban area
20181358U2038,2018,1358U2038,2,Car,No tow/articulation,Going ahead other,West,East,On main c'way - not in restricted lane,Not at or within 20 metres of junction,None,None,Did not leave carriageway,None,Front,No,Not known,Male,NA,Over 75,NA,Petrol,9,Data missing or out of range,More deprived 40-50%,Urban area
20181358U2152,2018,1358U2152,1,Car,No tow/articulation,Going ahead other,South East,North,On main c'way - not in restricted lane,Not at or within 20 metres of junction,Overturned,None,Did not leave carriageway,Wall or fence,Front,No,Not known,Male,NA,16 - 20,NA,Petrol,4,Data missing or out of range,Least deprived 10%,Urban area
20181358V0375,2018,1358V0375,1,Car,No tow/articulation,Going ahead other,West,East,On main c'way - not in restricted lane,Approaching junction or waiting/parked at junction approach,None,None,Did not leave carriageway,None,Front,No,Not known,Male,NA,21 - 25,NA,Petrol,11,Data missing or out of range,Data missing or out of range,Data missing or out of range
20181358V0375,2018,1358V0375,2,Car,No tow/articulation,Going ahead other,North,South East,On main c'way - not in restricted lane,Cleared junction or waiting/parked at junction exit,None,None,Did not leave carriageway,None,Front,No,Not known,Female,NA,36 - 45,NA,Heavy oil,4,Data missing or out of range,Data missing or out of range,Data missing or out of range
20181358V0377,2018,1358V0377,1,Car,No tow/articulation,Going ahead other,North,South East,On main c'way - not in restricted lane,Mid Junction - on roundabout or on main road,None,None,Nearside,None,Front,No,Not known,Male,NA,36 - 45,NA,Heavy oil,12,Data missing or out of range,Most deprived 10%,Urban area
20181358V0377,2018,1358V0377,2,Van / Goods 3.5 tonnes mgw or under,No tow/articulation,Going ahead other,East,West,On main c'way - not in restricted lane,Mid Junction - on roundabout or on main road,None,None,Nearside,None,Front,No,Journey as part of work,Male,NA,46 - 55,NA,Heavy oil,2,Data missing or out of range,More deprived 30-40%,Small town
20181358V0451,2018,1358V0451,1,Car,No tow/articulation,Moving off,West,East,On main c'way - not in restricted lane,Entering main road,None,None,Did not leave carriageway,None,Front,No,Not known,Male,NA,16 - 20,NA,Petrol,12,Data missing or out of range,More deprived 30-40%,Urban area
20181358V0451,2018,1358V0451,2,Car,No tow/articulation,Going ahead other,North,South East,On main c'way - not in restricted lane,Mid Junction - on roundabout or on main road,None,None,Did not leave carriageway,None,Offside,No,Not known,Female,NA,21 - 25,NA,Petrol,9,Data missing or out of range,Less deprived 30-40%,Urban area
20181358V1417,2018,1358V1417,1,Car,No tow/articulation,Overtaking - nearside,South East,North West,On main c'way - not in restricted lane,Approaching junction or waiting/parked at junction approach,None,None,Did not leave carriageway,None,Front,No,Not known,Male,NA,21 - 25,NA,Heavy oil,10,Data missing or out of range,Most deprived 10%,Urban area
2018135910438,2018,135910438,1,Car,No tow/articulation,Going ahead other,South West,North East,On main c'way - not in restricted lane,Not at or within 20 metres of junction,Skidded,Kerb,Nearside,Tree,Offside,No,Not known,Female,NA,26 - 35,Data missing or out of range,Undefined,-1,Data missing or out of range,More deprived 30-40%,Urban area
2018135911682,2018,135911682,1,Car,No tow/articulation,Going ahead other,North West,South East,On main c'way - not in restricted lane,Cleared junction or waiting/parked at junction exit,None,None,Did not leave carriageway,None,Front,No,Not known,Male,NA,16 - 20,NA,Heavy oil,10,Data missing or out of range,Most deprived 10%,Urban area
2018135911885,2018,135911885,1,Car,No tow/articulation,Going ahead other,East,West,On main c'way - not in restricted lane,Not at or within 20 metres of junction,None,None,Did not leave carriageway,None,Front,No,Not known,Male,NA,36 - 45,NA,Heavy oil,5,Data missing or out of range,Less deprived 20-30%,Urban area
2018135911885,2018,135911885,2,Car,No tow/articulation,Parked,Parked,Parked,On main c'way - not in restricted lane,Not at or within 20 metres of junction,None,None,Did not leave carriageway,None,Back,No,Not known,Not known,Data missing or out of range,Data missing or out of range,NA,Petrol,1,Data missing or out of range,Data missing or out of range,Data missing or out of range
2018135920857,2018,135920857,1,Car,No tow/articulation,Going ahead other,East,West,On main c'way - not in restricted lane,Not at or within 20 metres of junction,None,None,Did not leave carriageway,None,Front,No,Not known,Female,NA,56 - 65,NA,Petrol,0,Data missing or out of range,Most deprived 10%,Urban area
2018135920857,2018,135920857,2,Car,No tow/articulation,Parked,East,West,On main c'way - not in restricted lane,Not at or within 20 metres of junction,None,None,Did not leave carriageway,None,Back,No,Not known,Male,NA,26 - 35,Data missing or out of range,Undefined,-1,Data missing or out of range,More deprived 20-30%,Urban area
2018135921125,2018,135921125,1,Car,No tow/articulation,Going ahead other,North East,South West,On main c'way - not in restricted lane,Not at or within 20 metres of junction,None,None,Did not leave carriageway,None,Front,No,Not known,Male,NA,26 - 35,NA,Petrol,16,Data missing or out of range,More deprived 20-30%,Urban area
2018135921288,2018,135921288,1,Car,No tow/articulation,Going ahead other,North West,South East,On main c'way - not in restricted lane,Approaching junction or waiting/parked at junction approach,Skidded and overturned,None,Nearside,Other permanent object,Front,No,Not known,Male,NA,Over 75,NA,Heavy oil,5,Data missing or out of range,Less deprived 40-50%,Urban area
2018135921350,2018,135921350,1,Car,No tow/articulation,Turning right,North East,North West,On main c'way - not in restricted lane,Mid Junction - on roundabout or on main road,None,None,Did not leave carriageway,None,Nearside,No,Not known,Not known,NA,21 - 25,NA,Heavy oil,9,Data missing or out of range,Data missing or out of range,Data missing or out of range
2018135921350,2018,135921350,2,Car,No tow/articulation,Going ahead other,South West,North East,On main c'way - not in restricted lane,Approaching junction or waiting/parked at junction approach,None,None,Did not leave carriageway,None,Front,No,Not known,Male,NA,26 - 35,NA,Heavy oil,10,Data missing or out of range,More deprived 20-30%,Urban area
2018135921511,2018,135921511,1,Car,No tow/articulation,Reversing,South East,North West,On main c'way - not in restricted lane,Not at or within 20 metres of junction,None,None,Did not leave carriageway,None,Back,No,Not known,Male,NA,56 - 65,NA,Heavy oil,12,Data missing or out of range,Most deprived 10%,Urban area
2018135921511,2018,135921511,2,Pedal cycle,No tow/articulation,Going ahead other,North East,South West,On main c'way - not in restricted lane,Not at or within 20 metres of junction,None,None,Did not leave carriageway,None,Front,No,Not known,Male,NA,6 - 10,Data missing or out of range,Undefined,-1,Data missing or out of range,Most deprived 10%,Urban area
2018135921710,2018,135921710,1,Car,No tow/articulation,Going ahead other,South East,North,On main c'way - not in restricted lane,Not at or within 20 metres of junction,None,None,Did not leave carriageway,None,Front,No,Not known,Male,NA,26 - 35,NA,Heavy oil,4,Data missing or out of range,Data missing or out of range,Data missing or out of range
2018135921710,2018,135921710,2,Car,No tow/articulation,Going ahead other,South East,North,On main c'way - not in restricted lane,Not at or within 20 metres of junction,None,None,Did not leave carriageway,None,Back,No,Not known,Male,NA,36 - 45,NA,Heavy oil,7,Data missing or out of range,Data missing or out of range,Data missing or out of range
2018135921710,2018,135921710,3,Car,No tow/articulation,Parked,South East,South East,On main c'way - not in restricted lane,Not at or within 20 metres of junction,None,None,Did not leave carriageway,None,Back,No,Not known,Male,NA,26 - 35,NA,Heavy oil,10,Data missing or out of range,Data missing or out of range,Data missing or out of range
2018135930378,2018,135930378,1,Car,No tow/articulation,Going ahead other,East,West,On main c'way - not in restricted lane,Not at or within 20 metres of junction,None,None,Did not leave carriageway,None,Front,No,Not known,Female,NA,36 - 45,NA,Heavy oil,0,Data missing or out of range,More deprived 30-40%,Urban area
2018135931287,2018,135931287,1,Car,No tow/articulation,U-turn,South East,South East,On main c'way - not in restricted lane,Not at or within 20 metres of junction,None,None,Did not leave carriageway,None,Offside,No,Not known,Female,NA,36 - 45,NA,Heavy oil,10,Data missing or out of range,More deprived 30-40%,Urban area
2018135931287,2018,135931287,2,Taxi/Private hire car,No tow/articulation,Overtaking static vehicle - offside,South East,North West,On main c'way - not in restricted lane,Not at or within 20 metres of junction,None,None,Did not leave carriageway,None,Front,No,Journey as part of work,Male,NA,36 - 45,NA,Heavy oil,7,Data missing or out of range,More deprived 20-30%,Urban area
2018135931339,2018,135931339,1,Car,No tow/articulation,Going ahead other,South East,North West,Footway (pavement),Approaching junction or waiting/parked at junction approach,None,Kerb,Nearside,None,Front,No,Commuting to/from work,Female,NA,56 - 65,NA,Petrol,5,Data missing or out of range,More deprived 40-50%,Urban area
2018135941175,2018,135941175,1,Taxi/Private hire car,No tow/articulation,Going ahead other,North East,South West,On main c'way - not in restricted lane,Mid Junction - on roundabout or on main road,None,None,Did not leave carriageway,None,Front,No,Journey as part of work,Male,NA,56 - 65,NA,Heavy oil,5,Data missing or out of range,More deprived 30-40%,Urban area
2018135941175,2018,135941175,2,Car,No tow/articulation,Going ahead other,South East,North West,On main c'way - not in restricted lane,Mid Junction - on roundabout or on main road,None,None,Did not leave carriageway,None,Offside,No,Not known,Male,NA,36 - 45,NA,Petrol,6,Data missing or out of range,More deprived 40-50%,Urban area
2018135950327,2018,135950327,1,Car,No tow/articulation,Going ahead other,West,East,On main c'way - not in restricted lane,Not at or within 20 metres of junction,None,None,Did not leave carriageway,None,Front,No,Commuting to/from work,Male,NA,26 - 35,NA,Petrol,17,Data missing or out of range,Most deprived 10%,Urban area
2018135950327,2018,135950327,2,Van / Goods 3.5 tonnes mgw or under,No tow/articulation,Parked,Parked,Parked,On main c'way - not in restricted lane,Not at or within 20 metres of junction,None,None,Did not leave carriageway,None,Back,No,Not known,Male,Data missing or out of range,Data missing or out of range,NA,Heavy oil,9,Data missing or out of range,Data missing or out of range,Data missing or out of range
2018135950342,2018,135950342,1,Car,No tow/articulation,Turning right,North,West,On main c'way - not in restricted lane,Entering main road,None,None,Did not leave carriageway,None,Front,No,Not known,Female,NA,26 - 35,NA,Petrol,8,Data missing or out of range,Less deprived 40-50%,Urban area
2018135950342,2018,135950342,2,Motorcycle 50cc and under,No tow/articulation,Going ahead other,East,West,On main c'way - not in restricted lane,Approaching junction or waiting/parked at junction approach,None,None,Did not leave carriageway,None,Front,No,Not known,Male,NA,16 - 20,NA,Petrol,1,Data missing or out of range,Less deprived 40-50%,Rural
2018135950948,2018,135950948,1,Car,No tow/articulation,Going ahead other,East,West,On main c'way - not in restricted lane,Not at or within 20 metres of junction,None,None,Nearside,Wall or fence,Nearside,No,Not known,Male,NA,56 - 65,NA,Heavy oil,8,Data missing or out of range,Less deprived 40-50%,Small town
2018135950948,2018,135950948,2,Car,No tow/articulation,Parked,Parked,Parked,On main c'way - not in restricted lane,Not at or within 20 metres of junction,None,None,Did not leave carriageway,None,Front,No,Not known,Not known,Data missing or out of range,Data missing or out of range,NA,Petrol,4,Data missing or out of range,More deprived 40-50%,Small town
2018135951058,2018,135951058,1,Car,No tow/articulation,Going ahead other,North West,South East,On main c'way - not in restricted lane,Not at or within 20 metres of junction,None,None,Did not leave carriageway,None,Offside,No,Not known,Male,NA,36 - 45,NA,Heavy oil,7,Data missing or out of range,More deprived 30-40%,Urban area
2018135960820,2018,135960820,1,Car,No tow/articulation,Going ahead other,South East,North West,On main c'way - not in restricted lane,Mid Junction - on roundabout or on main road,Skidded,None,Did not leave carriageway,None,Front,No,Not known,Male,NA,26 - 35,NA,Heavy oil,11,Data missing or out of range,More deprived 30-40%,Urban area
2018135960820,2018,135960820,2,Van / Goods 3.5 tonnes mgw or under,No tow/articulation,Waiting to turn right,Parked,Parked,On main c'way - not in restricted lane,Approaching junction or waiting/parked at junction approach,None,None,Did not leave carriageway,None,Offside,No,Not known,Male,NA,26 - 35,NA,Heavy oil,4,Data missing or out of range,More deprived 40-50%,Urban area
2018135960820,2018,135960820,3,Car,No tow/articulation,Waiting to turn right,Parked,Parked,On main c'way - not in restricted lane,Approaching junction or waiting/parked at junction approach,None,None,Did not leave carriageway,None,Nearside,No,Not known,Female,NA,36 - 45,NA,Heavy oil,7,Data missing or out of range,More deprived 10-20%,Urban area
2018135961230,2018,135961230,1,Car,No tow/articulation,Slowing or stopping,West,East,On main c'way - not in restricted lane,Not at or within 20 metres of junction,None,None,Did not leave carriageway,None,Front,No,Not known,Not known,Data missing or out of range,Data missing or out of range,NA,Petrol,13,Data missing or out of range,Data missing or out of range,Data missing or out of range
2018135961230,2018,135961230,2,Car,No tow/articulation,Slowing or stopping,West,East,On main c'way - not in restricted lane,Not at or within 20 metres of junction,None,None,Did not leave carriageway,None,Back,No,Not known,Female,NA,26 - 35,NA,Petrol,0,Data missing or out of range,Least deprived 10%,Rural
2018135961720,2018,135961720,1,Car,No tow/articulation,Going ahead other,West,East,On main c'way - not in restricted lane,Not at or within 20 metres of junction,None,None,Did not leave carriageway,None,Did not impact,No,Not known,Male,NA,21 - 25,NA,Petrol,15,Data missing or out of range,More deprived 40-50%,Rural
2018135970689,2018,135970689,1,Car,No tow/articulation,Parked,Parked,Parked,On main c'way - not in restricted lane,Approaching junction or waiting/parked at junction approach,None,None,Did not leave carriageway,None,Back,No,Not known,Female,NA,56 - 65,NA,Petrol,2,Data missing or out of range,More deprived 20-30%,Urban area
2018135970689,2018,135970689,2,Car,No tow/articulation,Slowing or stopping,South West,North East,On main c'way - not in restricted lane,Approaching junction or waiting/parked at junction approach,None,None,Did not leave carriageway,None,Front,No,Not known,Not known,Data missing or out of range,Data missing or out of range,NA,Heavy oil,5,Data missing or out of range,Data missing or out of range,Data missing or out of range
2018135970944,2018,135970944,1,Car,No tow/articulation,Turning right,South West,South East,On main c'way - not in restricted lane,Mid Junction - on roundabout or on main road,None,None,Did not leave carriageway,None,Front,No,Not known,Female,NA,66 - 75,NA,Petrol,15,Data missing or out of range,Most deprived 10%,Urban area
2018135970944,2018,135970944,2,Motorcycle 50cc and under,No tow/articulation,Going ahead other,South East,North West,On main c'way - not in restricted lane,Mid Junction - on roundabout or on main road,None,None,Did not leave carriageway,None,Front,No,Not known,Female,NA,46 - 55,NA,Petrol,0,Data missing or out of range,Most deprived 10%,Urban area
2018135971455,2018,135971455,1,Bus or coach (17 or more pass seats),No tow/articulation,Slowing or stopping,South East,North West,On main c'way - not in restricted lane,Not at or within 20 metres of junction,None,None,Did not leave carriageway,None,Did not impact,No,Journey as part of work,Not known,Data missing or out of range,Data missing or out of range,NA,Heavy oil,16,Data missing or out of range,Data missing or out of range,Data missing or out of range
2018135991202,2018,135991202,1,Pedal cycle,No tow/articulation,Going ahead other,South East,North,On main c'way - not in restricted lane,Entering main road,None,None,Did not leave carriageway,None,Front,No,Not known,Female,NA,6 - 10,Data missing or out of range,Undefined,-1,Data missing or out of range,More deprived 30-40%,Urban area
2018135991202,2018,135991202,2,Car,No tow/articulation,Going ahead other,South West,North East,On main c'way - not in restricted lane,Mid Junction - on roundabout or on main road,None,None,Did not leave carriageway,None,Front,No,Commuting to/from work,Female,NA,36 - 45,NA,Petrol,5,Data missing or out of range,More deprived 30-40%,Urban area
20181359A0853,2018,1359A0853,1,Car,No tow/articulation,Going ahead other,South West,North East,On main c'way - not in restricted lane,Not at or within 20 metres of junction,Skidded,None,Did not leave carriageway,None,Front,No,Journey as part of work,Male,NA,36 - 45,NA,Heavy oil,12,Data missing or out of range,More deprived 10-20%,Urban area
20181359A0853,2018,1359A0853,2,Motorcycle over 500cc,No tow/articulation,Going ahead other,South West,North East,On main c'way - not in restricted lane,Not at or within 20 metres of junction,Skidded,None,Did not leave carriageway,None,Back,No,Journey as part of work,Male,NA,46 - 55,Data missing or out of range,Undefined,-1,Data missing or out of range,More deprived 20-30%,Urban area
20181359A1241,2018,1359A1241,1,Car,No tow/articulation,Going ahead other,West,East,On main c'way - not in restricted lane,Approaching junction or waiting/parked at junction approach,None,None,Did not leave carriageway,None,Offside,No,Commuting to/from work,Male,NA,56 - 65,NA,Heavy oil,1,Data missing or out of range,More deprived 20-30%,Urban area
20181359A1593,2018,1359A1593,1,Car,No tow/articulation,Slowing or stopping,North,South East,On main c'way - not in restricted lane,Not at or within 20 metres of junction,None,None,Did not leave carriageway,None,Offside,No,Not known,Male,NA,46 - 55,NA,Heavy oil,6,Data missing or out of range,Most deprived 10%,Urban area
20181359A1731,2018,1359A1731,1,Car,No tow/articulation,Going ahead other,North West,South East,On main c'way - not in restricted lane,Approaching junction or waiting/parked at junction approach,Overturned,None,Did not leave carriageway,None,Nearside,No,Not known,Male,NA,21 - 25,NA,Heavy oil,22,Data missing or out of range,More deprived 10-20%,Urban area
20181359A1731,2018,1359A1731,2,Car,No tow/articulation,Parked,Parked,Parked,On main c'way - not in restricted lane,Approaching junction or waiting/parked at junction approach,None,None,Did not leave carriageway,None,Offside,No,Not known,Not known,Data missing or out of range,Data missing or out of range,NA,Heavy oil,8,Data missing or out of range,Data missing or out of range,Data missing or out of range
20181359A1731,2018,1359A1731,3,Car,No tow/articulation,Parked,Parked,Parked,On main c'way - not in restricted lane,Approaching junction or waiting/parked at junction approach,None,None,Did not leave carriageway,None,Offside,No,Not known,Not known,Data missing or out of range,Data missing or out of range,NA,Heavy oil,8,Data missing or out of range,Data missing or out of range,Data missing or out of range
20181359A1731,2018,1359A1731,4,Car,No tow/articulation,Going ahead other,South East,North West,On main c'way - not in restricted lane,Approaching junction or waiting/parked at junction approach,None,None,Did not leave carriageway,None,Offside,No,Not known,Male,NA,36 - 45,NA,Petrol,5,Data missing or out of range,Data missing or out of range,Data missing or out of range
20181359A1731,2018,1359A1731,5,Car,No tow/articulation,Parked,Parked,Parked,On main c'way - not in restricted lane,Approaching junction or waiting/parked at junction approach,None,None,Did not leave carriageway,None,Offside,No,Not known,Not known,Data missing or out of range,Data missing or out of range,NA,Petrol,12,Data missing or out of range,Data missing or out of range,Data missing or out of range
20181359A1731,2018,1359A1731,6,Car,No tow/articulation,Parked,Parked,Parked,On main c'way - not in restricted lane,Approaching junction or waiting/parked at junction approach,None,None,Did not leave carriageway,None,Offside,No,Not known,Not known,Data missing or out of range,Data missing or out of range,Data missing or out of range,Undefined,-1,Data missing or out of range,Data missing or out of range,Data missing or out of range
20181359A1731,2018,1359A1731,7,Car,No tow/articulation,Parked,Parked,Parked,On main c'way - not in restricted lane,Approaching junction or waiting/parked at junction approach,None,None,Did not leave carriageway,None,Offside,No,Not known,Not known,Data missing or out of range,Data missing or out of range,NA,Petrol,10,Data missing or out of range,Data missing or out of range,Data missing or out of range
20181359A1927,2018,1359A1927,1,Car,No tow/articulation,Moving off,East,West,On main c'way - not in restricted lane,Cleared junction or waiting/parked at junction exit,None,None,Did not leave carriageway,None,Nearside,No,Not known,Male,Data missing or out of range,Data missing or out of range,Data missing or out of range,Undefined,-1,Data missing or out of range,Data missing or out of range,Data missing or out of range
20181359B0256,2018,1359B0256,1,Car,No tow/articulation,Changing lane to right,East,West,On main c'way - not in restricted lane,Approaching junction or waiting/parked at junction approach,None,None,Did not leave carriageway,None,Back,No,Not known,Male,NA,21 - 25,NA,Heavy oil,8,Data missing or out of range,Less deprived 30-40%,Urban area
20181359B0256,2018,1359B0256,2,Van / Goods 3.5 tonnes mgw or under,No tow/articulation,Changing lane to right,East,West,On main c'way - not in restricted lane,Approaching junction or waiting/parked at junction approach,None,None,Did not leave carriageway,None,Front,No,Not known,Not known,Data missing or out of range,Data missing or out of range,Data missing or out of range,Undefined,-1,Data missing or out of range,Data missing or out of range,Data missing or out of range
20181359B0256,2018,1359B0256,3,Car,No tow/articulation,Going ahead other,East,West,On main c'way - not in restricted lane,Approaching junction or waiting/parked at junction approach,None,None,Did not leave carriageway,None,Offside,No,Not known,Male,NA,26 - 35,NA,Petrol,2,Data missing or out of range,Less deprived 10-20%,Urban area