accident_index,accident_year,accident_reference,vehicle_reference,vehicle_type,towing_and_articulation,vehicle_manoeuvre,vehicle_direction_from,vehicle_direction_to,vehicle_location_restricted_lane,junction_location,skidding_and_overturning,hit_object_in_carriageway,vehicle_leaving_carriageway,hit_object_off_carriageway,first_point_of_impact,vehicle_left_hand_drive,journey_purpose_of_driver,sex_of_driver,age_of_driver,age_band_of_driver,engine_capacity_cc,propulsion_code,age_of_vehicle,generic_make_model,driver_imd_decile,driver_home_area_type
20181359B0355,2018,1359B0355,1,Car,No tow/articulation,Going ahead other,West,East,On main c'way - not in restricted lane,Not at or within 20 metres of junction,None,None,Did not leave carriageway,None,Front,No,Not known,Male,Data missing or out of range,Data missing or out of range,Data missing or out of range,Undefined,-1,Data missing or out of range,Data missing or out of range,Data missing or out of range
20181359B0991,2018,1359B0991,1,Car,No tow/articulation,Going ahead other,South East,East,On main c'way - not in restricted lane,Mid Junction - on roundabout or on main road,None,None,Did not leave carriageway,None,Offside,No,Not known,Male,NA,36 - 45,NA,Heavy oil,13,Data missing or out of range,Data missing or out of range,Data missing or out of range
20181359B0991,2018,1359B0991,2,Pedal cycle,No tow/articulation,Going ahead other,South East,North,On main c'way - not in restricted lane,Approaching junction or waiting/parked at junction approach,None,None,Did not leave carriageway,None,Front,No,Not known,Female,NA,26 - 35,Data missing or out of range,Undefined,-1,Data missing or out of range,Data missing or out of range,Data missing or out of range
20181359B1443,2018,1359B1443,1,Car,No tow/articulation,Going ahead other,South East,North,On main c'way - not in restricted lane,Not at or within 20 metres of junction,None,None,Did not leave carriageway,None,Front,No,Not known,Male,NA,36 - 45,NA,Petrol,14,Data missing or out of range,Data missing or out of range,Data missing or out of range
20181359B1443,2018,1359B1443,2,Pedal cycle,No tow/articulation,Going ahead other,West,East,On main c'way - not in restricted lane,Not at or within 20 metres of junction,None,None,Did not leave carriageway,None,Front,No,Not known,Male,NA,11 - 15,Data missing or out of range,Undefined,-1,Data missing or out of range,Data missing or out of range,Data missing or out of range
20181359B1481,2018,1359B1481,1,Car,No tow/articulation,Going ahead other,East,West,On main c'way - not in restricted lane,Not at or within 20 metres of junction,None,None,Did not leave carriageway,None,Front,No,Commuting to/from work,Female,NA,21 - 25,NA,Petrol,10,Data missing or out of range,Most deprived 10%,Urban area
20181359B1481,2018,1359B1481,2,Car,No tow/articulation,Slowing or stopping,East,West,On main c'way - not in restricted lane,Not at or within 20 metres of junction,None,None,Did not leave carriageway,None,Back,No,Commuting to/from work,Male,NA,56 - 65,NA,Petrol,11,Data missing or out of range,Most deprived 10%,Urban area
20181359B1774,2018,1359B1774,1,Car,No tow/articulation,Going ahead other,North East,South West,On main c'way - not in restricted lane,Not at or within 20 metres of junction,None,None,Did not leave carriageway,None,Front,No,Not known,Male,NA,36 - 45,Data missing or out of range,Undefined,-1,Data missing or out of range,Data missing or out of range,Data missing or out of range
20181359C1458,2018,1359C1458,1,Car,No tow/articulation,Overtaking moving vehicle - offside,South East,North,On main c'way - not in restricted lane,Not at or within 20 metres of junction,None,None,Did not leave carriageway,None,Nearside,No,Not known,Not known,Data missing or out of range,Data missing or out of range,Data missing or out of range,Undefined,-1,Data missing or out of range,Data missing or out of range,Data missing or out of range
20181359C1458,2018,1359C1458,2,Pedal cycle,No tow/articulation,Going ahead other,South East,North,On main c'way - not in restricted lane,Not at or within 20 metres of junction,None,None,Did not leave carriageway,None,Offside,No,Not known,Female,NA,26 - 35,Data missing or out of range,Undefined,-1,Data missing or out of range,Less deprived 20-30%,Urban area
20181359D0188,2018,1359D0188,1,Goods vehicle - unknown weight,No tow/articulation,Changing lane to right,North East,South West,On main c'way - not in restricted lane,Not at or within 20 metres of junction,None,None,Did not leave carriageway,None,Did not impact,No,Journey as part of work,Male,NA,36 - 45,Data missing or out of range,Undefined,-1,Data missing or out of range,Most deprived 10%,Urban area
20181359D0188,2018,1359D0188,2,Motorcycle over 500cc,No tow/articulation,Overtaking - nearside,North East,South West,On main c'way - not in restricted lane,Not at or within 20 metres of junction,None,None,Did not leave carriageway,None,Offside,No,Commuting to/from work,Male,NA,26 - 35,NA,Petrol,0,Data missing or out of range,Data missing or out of range,Data missing or out of range
20181359D0731,2018,1359D0731,1,Goods 7.5 tonnes mgw and over,Articulated vehicle,Going ahead other,North,South East,On main c'way - not in restricted lane,Approaching junction or waiting/parked at junction approach,None,None,Did not leave carriageway,None,Front,No,Journey as part of work,Male,NA,36 - 45,Data missing or out of range,Undefined,-1,Data missing or out of range,Less deprived 40-50%,Urban area
20181359D0731,2018,1359D0731,2,Car,No tow/articulation,Going ahead other,North,South East,On main c'way - not in restricted lane,Approaching junction or waiting/parked at junction approach,None,None,Did not leave carriageway,None,Back,No,Not known,Female,NA,46 - 55,NA,Petrol,12,Data missing or out of range,Less deprived 40-50%,Urban area
20181359D0731,2018,1359D0731,3,Car,No tow/articulation,Going ahead other,North,South East,On main c'way - not in restricted lane,Approaching junction or waiting/parked at junction approach,None,None,Did not leave carriageway,None,Back,No,Not known,Female,NA,36 - 45,NA,Petrol,13,Data missing or out of range,More deprived 30-40%,Urban area
20181359D1262,2018,1359D1262,1,Motorcycle over 125cc and up to 500cc,No tow/articulation,Overtaking static vehicle - offside,West,East,On main c'way - not in restricted lane,Approaching junction or waiting/parked at junction approach,None,None,Did not leave carriageway,None,Front,No,Not known,Male,NA,46 - 55,NA,Petrol,17,Data missing or out of range,More deprived 10-20%,Urban area
20181359D1262,2018,1359D1262,2,Car,No tow/articulation,Going ahead other,North,South East,On main c'way - not in restricted lane,Approaching junction or waiting/parked at junction approach,None,None,Did not leave carriageway,None,Front,No,Not known,Not known,Data missing or out of range,Data missing or out of range,Data missing or out of range,Undefined,-1,Data missing or out of range,Data missing or out of range,Data missing or out of range
20181359D1262,2018,1359D1262,3,Car,No tow/articulation,Waiting to go - held up,West,East,On main c'way - not in restricted lane,Approaching junction or waiting/parked at junction approach,None,None,Did not leave carriageway,None,Back,No,Not known,Female,NA,26 - 35,NA,Hybrid electric,1,Data missing or out of range,Most deprived 10%,Urban area
20181359D1493,2018,1359D1493,1,Car,No tow/articulation,Waiting to go - held up,South East,North West,On main c'way - not in restricted lane,Not at or within 20 metres of junction,None,None,Did not leave carriageway,None,Did not impact,No,Not known,Male,NA,46 - 55,NA,Heavy oil,11,Data missing or out of range,Most deprived 10%,Urban area
20181359D1493,2018,1359D1493,2,Pedal cycle,No tow/articulation,Overtaking - nearside,South East,North West,On main c'way - not in restricted lane,Not at or within 20 metres of junction,None,Kerb,Did not leave carriageway,None,Did not impact,No,Not known,Female,NA,56 - 65,Data missing or out of range,Undefined,-1,Data missing or out of range,Less deprived 40-50%,Urban area
20181359E0383,2018,1359E0383,1,Car,No tow/articulation,Turning right,East,North,On main c'way - not in restricted lane,Approaching junction or waiting/parked at junction approach,None,None,Did not leave carriageway,None,Front,No,Taking pupil to/from school,Female,NA,26 - 35,NA,Heavy oil,13,Data missing or out of range,Most deprived 10%,Urban area
20181359E0383,2018,1359E0383,2,Taxi/Private hire car,No tow/articulation,Going ahead other,North,South East,On main c'way - not in restricted lane,Approaching junction or waiting/parked at junction approach,None,None,Did not leave carriageway,None,Front,No,Journey as part of work,Male,NA,36 - 45,NA,Heavy oil,7,Data missing or out of range,More deprived 20-30%,Urban area
20181359E0656,2018,1359E0656,1,Car,No tow/articulation,Reversing,West,East,On main c'way - not in restricted lane,Not at or within 20 metres of junction,None,None,Did not leave carriageway,None,Back,No,Not known,Female,NA,36 - 45,NA,Petrol,1,Data missing or out of range,Less deprived 40-50%,Urban area
20181359E0976,2018,1359E0976,1,Car,No tow/articulation,Parked,Parked,Parked,On main c'way - not in restricted lane,Not at or within 20 metres of junction,None,None,Did not leave carriageway,None,Offside,No,Not known,Male,NA,56 - 65,NA,Heavy oil,9,Data missing or out of range,Most deprived 10%,Urban area
20181359E0976,2018,1359E0976,2,Pedal cycle,No tow/articulation,Overtaking static vehicle - offside,South East,North West,On main c'way - not in restricted lane,Not at or within 20 metres of junction,None,None,Did not leave carriageway,None,Front,No,Not known,Male,NA,36 - 45,Data missing or out of range,Undefined,-1,Data missing or out of range,More deprived 10-20%,Urban area
20181359E1267,2018,1359E1267,1,Bus or coach (17 or more pass seats),No tow/articulation,Going ahead other,South East,North,On main c'way - not in restricted lane,Not at or within 20 metres of junction,None,None,Did not leave carriageway,None,Front,No,Journey as part of work,Male,NA,36 - 45,NA,Heavy oil,17,Data missing or out of range,Data missing or out of range,Data missing or out of range
20181359E1267,2018,1359E1267,2,Van / Goods 3.5 tonnes mgw or under,No tow/articulation,Parked,Parked,Parked,On main c'way - not in restricted lane,Not at or within 20 metres of junction,None,None,Did not leave carriageway,None,Back,No,Journey as part of work,Male,NA,46 - 55,NA,Heavy oil,1,Data missing or out of range,Data missing or out of range,Data missing or out of range
20181359E1273,2018,1359E1273,1,Car,No tow/articulation,Going ahead other,North West,South East,On main c'way - not in restricted lane,Not at or within 20 metres of junction,None,None,Did not leave carriageway,None,Front,No,Not known,Female,NA,66 - 75,NA,Petrol,13,Data missing or out of range,More deprived 10-20%,Urban area
20181359E1360,2018,1359E1360,1,Taxi/Private hire car,No tow/articulation,Going ahead other,South East,North,On main c'way - not in restricted lane,Entering main road,None,None,Did not leave carriageway,None,Back,No,Journey as part of work,Male,NA,36 - 45,NA,Hybrid electric,3,Data missing or out of range,Most deprived 10%,Urban area
20181359E1360,2018,1359E1360,2,Car,No tow/articulation,Going ahead other,South East,North,On main c'way - not in restricted lane,Entering main road,None,None,Did not leave carriageway,None,Front,No,Not known,Female,NA,21 - 25,NA,Petrol,3,Data missing or out of range,Less deprived 40-50%,Urban area
20181359F0852,2018,1359F0852,1,Bus or coach (17 or more pass seats),No tow/articulation,Going ahead other,South East,North West,On main c'way - not in restricted lane,Not at or within 20 metres of junction,None,None,Did not leave carriageway,None,Did not impact,No,Journey as part of work,Male,NA,21 - 25,Data missing or out of range,Undefined,-1,Data missing or out of range,Less deprived 20-30%,Urban area
20181359G1411,2018,1359G1411,1,Car,No tow/articulation,Going ahead other,West,East,On main c'way - not in restricted lane,Not at or within 20 metres of junction,None,None,Did not leave carriageway,None,Nearside,No,Not known,Male,NA,46 - 55,NA,Heavy oil,3,Data missing or out of range,More deprived 10-20%,Urban area
20181359G1820,2018,1359G1820,1,Car,No tow/articulation,Going ahead other,East,West,On main c'way - not in restricted lane,Mid Junction - on roundabout or on main road,None,None,Offside,None,Nearside,No,Not known,Male,NA,26 - 35,NA,Heavy oil,9,Data missing or out of range,Most deprived 10%,Urban area
20181359G1820,2018,1359G1820,2,Car,No tow/articulation,Turning right,South East,East,On main c'way - not in restricted lane,Mid Junction - on roundabout or on main road,None,None,Did not leave carriageway,None,Front,No,Not known,Female,NA,36 - 45,NA,Heavy oil,6,Data missing or out of range,More deprived 10-20%,Urban area
20181359G1989,2018,1359G1989,1,Car,No tow/articulation,Going ahead left-hand bend,East,West,On main c'way - not in restricted lane,Approaching junction or waiting/parked at junction approach,None,None,Nearside,Lamp post,Offside,No,Journey as part of work,Male,NA,36 - 45,NA,Heavy oil,2,Data missing or out of range,Most deprived 10%,Urban area
20181359G1989,2018,1359G1989,2,Car,No tow/articulation,Going ahead right-hand bend,West,East,On main c'way - not in restricted lane,Approaching junction or waiting/parked at junction approach,None,None,Did not leave carriageway,None,Front,No,Not known,Male,NA,46 - 55,NA,Heavy oil,12,Data missing or out of range,Most deprived 10%,Urban area
20181359H0408,2018,1359H0408,1,Car,No tow/articulation,Going ahead other,West,East,On main c'way - not in restricted lane,Not at or within 20 metres of junction,None,None,Did not leave carriageway,None,Front,No,Not known,Male,NA,46 - 55,NA,Heavy oil,11,Data missing or out of range,More deprived 30-40%,Urban area
20181359H0417,2018,1359H0417,1,Car,No tow/articulation,Going ahead other,North West,South East,On main c'way - not in restricted lane,Not at or within 20 metres of junction,None,None,Did not leave carriageway,None,Did not impact,No,Not known,Female,NA,36 - 45,NA,Heavy oil,11,Data missing or out of range,Most deprived 10%,Urban area
20181359H0417,2018,1359H0417,2,Bus or coach (17 or more pass seats),No tow/articulation,Going ahead other,North West,South East,On main c'way - not in restricted lane,Not at or within 20 metres of junction,None,None,Did not leave carriageway,None,Did not impact,No,Journey as part of work,Male,NA,26 - 35,NA,Heavy oil,10,Data missing or out of range,Most deprived 10%,Urban area
20181359H0437,2018,1359H0437,1,Car,No tow/articulation,Going ahead other,East,West,On main c'way - not in restricted lane,Not at or within 20 metres of junction,None,None,Did not leave carriageway,None,Front,No,Not known,Not known,Data missing or out of range,Data missing or out of range,Data missing or out of range,Undefined,-1,Data missing or out of range,Data missing or out of range,Data missing or out of range
20181359H0535,2018,1359H0535,1,Goods 7.5 tonnes mgw and over,No tow/articulation,Overtaking moving vehicle - offside,West,East,On main c'way - not in restricted lane,Cleared junction or waiting/parked at junction exit,None,None,Did not leave carriageway,None,Nearside,No,Not known,Not known,Data missing or out of range,Data missing or out of range,Data missing or out of range,Undefined,-1,Data missing or out of range,Data missing or out of range,Data missing or out of range
20181359H0535,2018,1359H0535,2,Pedal cycle,No tow/articulation,Going ahead other,West,East,On main c'way - not in restricted lane,Cleared junction or waiting/parked at junction exit,None,None,Did not leave carriageway,None,Offside,No,Not known,Male,NA,46 - 55,Data missing or out of range,Undefined,-1,Data missing or out of range,Most deprived 10%,Urban area
20181359H1602,2018,1359H1602,1,Car,No tow/articulation,Going ahead other,North East,South West,On main c'way - not in restricted lane,Not at or within 20 metres of junction,None,None,Did not leave carriageway,None,Front,No,Not known,Female,NA,26 - 35,NA,Petrol,12,Data missing or out of range,More deprived 20-30%,Urban area
20181359H2220,2018,1359H2220,1,Car,No tow/articulation,Going ahead other,South East,North,On main c'way - not in restricted lane,Mid Junction - on roundabout or on main road,None,None,Did not leave carriageway,None,Front,No,Not known,Male,NA,46 - 55,NA,Hybrid electric,5,Data missing or out of range,Most deprived 10%,Urban area
20181359H2220,2018,1359H2220,2,Car,No tow/articulation,Going ahead other,South East,North,On main c'way - not in restricted lane,Mid Junction - on roundabout or on main road,None,None,Did not leave carriageway,None,Back,No,Journey as part of work,Male,Data missing or out of range,Data missing or out of range,NA,Heavy oil,2,Data missing or out of range,More deprived 30-40%,Urban area
20181359I1728,2018,1359I1728,1,Car,No tow/articulation,Going ahead other,East,West,On main c'way - not in restricted lane,Not at or within 20 metres of junction,None,None,Did not leave carriageway,None,Front,No,Not known,Female,NA,46 - 55,NA,Petrol,0,Data missing or out of range,Less deprived 20-30%,Urban area
20181359I1728,2018,1359I1728,2,Car,No tow/articulation,Slowing or stopping,East,West,On main c'way - not in restricted lane,Not at or within 20 metres of junction,None,None,Did not leave carriageway,None,Back,No,Not known,Female,NA,56 - 65,NA,Petrol,2,Data missing or out of range,Less deprived 20-30%,Urban area
20181359J0298,2018,1359J0298,1,Car,No tow/articulation,Turning right,North West,South East,On main c'way - not in restricted lane,Approaching junction or waiting/parked at junction approach,None,None,Did not leave carriageway,None,Front,No,Journey as part of work,Female,NA,46 - 55,NA,Heavy oil,12,Data missing or out of range,Most deprived 10%,Urban area
20181359J0298,2018,1359J0298,2,Car,No tow/articulation,Going ahead other,South East,North West,On main c'way - not in restricted lane,Approaching junction or waiting/parked at junction approach,None,None,Did not leave carriageway,None,Front,No,Not known,Male,NA,26 - 35,NA,Heavy oil,12,Data missing or out of range,Most deprived 10%,Urban area
20181359J0327,2018,1359J0327,1,Car,No tow/articulation,Overtaking static vehicle - offside,South East,North East,On main c'way - not in restricted lane,Approaching junction or waiting/parked at junction approach,None,None,Did not leave carriageway,None,Front,No,Not known,Male,NA,21 - 25,NA,Petrol,15,Data missing or out of range,Less deprived 20-30%,Rural
20181359J1105,2018,1359J1105,1,Bus or coach (17 or more pass seats),No tow/articulation,Slowing or stopping,North West,South East,On main c'way - not in restricted lane,Not at or within 20 metres of junction,None,None,Did not leave carriageway,None,Did not impact,No,Journey as part of work,Male,NA,21 - 25,NA,Heavy oil,17,Data missing or out of range,Less deprived 20-30%,Small town
20181359J1816,2018,1359J1816,1,Car,No tow/articulation,Going ahead other,East,West,On main c'way - not in restricted lane,Not at or within 20 metres of junction,None,None,Did not leave carriageway,None,Front,No,Commuting to/from work,Male,NA,46 - 55,NA,Hybrid electric,1,Data missing or out of range,Less deprived 40-50%,Urban area
20181359J2108,2018,1359J2108,1,Car,No tow/articulation,Waiting to go - held up,South East,North,On main c'way - not in restricted lane,Not at or within 20 metres of junction,None,None,Did not leave carriageway,None,Back,No,Not known,Female,NA,36 - 45,NA,Heavy oil,1,Data missing or out of range,Less deprived 30-40%,Rural
20181359J2108,2018,1359J2108,2,Car,No tow/articulation,Slowing or stopping,South East,North,On main c'way - not in restricted lane,Not at or within 20 metres of junction,None,None,Did not leave carriageway,None,Front,No,Not known,Female,NA,36 - 45,NA,Petrol,18,Data missing or out of range,More deprived 20-30%,Urban area
20181359K0379,2018,1359K0379,1,Car,No tow/articulation,Going ahead other,South West,North East,On main c'way - not in restricted lane,Not at or within 20 metres of junction,None,None,Nearside,Lamp post,Front,No,Not known,Female,NA,36 - 45,NA,Petrol,8,Data missing or out of range,More deprived 30-40%,Urban area
20181359K0566,2018,1359K0566,1,Car,No tow/articulation,Going ahead other,South East,North,On main c'way - not in restricted lane,Not at or within 20 metres of junction,None,None,Did not leave carriageway,None,Offside,No,Not known,Male,NA,56 - 65,NA,Heavy oil,5,Data missing or out of range,Less deprived 30-40%,Urban area
20181359K1105,2018,1359K1105,1,Car,No tow/articulation,Turning right,West,South East,On main c'way - not in restricted lane,Entering main road,None,None,Did not leave carriageway,None,Front,No,Not known,Female,NA,46 - 55,NA,Heavy oil,7,Data missing or out of range,Less deprived 20-30%,Urban area
20181359K1105,2018,1359K1105,2,Car,No tow/articulation,Going ahead other,South East,North,On main c'way - not in restricted lane,Mid Junction - on roundabout or on main road,None,None,Did not leave carriageway,None,Front,No,Not known,Male,NA,46 - 55,NA,Petrol,12,Data missing or out of range,Most deprived 10%,Urban area
20181359K1435,2018,1359K1435,1,Bus or coach (17 or more pass seats),No tow/articulation,Parked,Parked,Parked,On main c'way - not in restricted lane,Not at or within 20 metres of junction,None,None,Did not leave carriageway,None,Did not impact,No,Journey as part of work,Male,Data missing or out of range,Data missing or out of range,NA,Heavy oil,9,Data missing or out of range,Most deprived 10%,Urban area
20181359L0319,2018,1359L0319,1,Car,No tow/articulation,Going ahead other,West,East,On main c'way - not in restricted lane,Mid Junction - on roundabout or on main road,None,None,Did not leave carriageway,None,Nearside,No,Not known,Male,NA,46 - 55,NA,Hybrid electric,1,Data missing or out of range,Least deprived 10%,Rural
20181359L0319,2018,1359L0319,2,Car,No tow/articulation,Going ahead other,West,East,On main c'way - not in restricted lane,Mid Junction - on roundabout or on main road,None,None,Did not leave carriageway,None,Offside,No,Not known,Not known,Data missing or out of range,Data missing or out of range,NA,Petrol,6,Data missing or out of range,Data missing or out of range,Data missing or out of range
20181359L1270,2018,1359L1270,1,Car,No tow/articulation,Reversing,West,East,On main c'way - not in restricted lane,Not at or within 20 metres of junction,None,None,Did not leave carriageway,None,Back,No,Taking pupil to/from school,Female,NA,36 - 45,NA,Petrol,12,Data missing or out of range,Less deprived 20-30%,Urban area
20181359L1823,2018,1359L1823,1,Motorcycle 125cc and under,No tow/articulation,Going ahead other,West,East,On main c'way - not in restricted lane,Mid Junction - on roundabout or on main road,None,None,Did not leave carriageway,None,Front,No,Not known,Male,NA,21 - 25,NA,Petrol,5,Data missing or out of range,More deprived 40-50%,Urban area
20181359L1823,2018,1359L1823,2,Car,No tow/articulation,Turning left,North,East,On main c'way - not in restricted lane,Mid Junction - on roundabout or on main road,None,None,Did not leave carriageway,None,Offside,No,Not known,Not known,Data missing or out of range,Data missing or out of range,Data missing or out of range,Undefined,-1,Data missing or out of range,Data missing or out of range,Data missing or out of range
20181359L2054,2018,1359L2054,1,Car,No tow/articulation,Turning right,East,North,On main c'way - not in restricted lane,Mid Junction - on roundabout or on main road,None,None,Nearside,Wall or fence,Front,No,Not known,Female,NA,21 - 25,NA,Heavy oil,4,Data missing or out of range,Most deprived 10%,Urban area
20181359M0320,2018,1359M0320,1,Car,No tow/articulation,Going ahead other,South West,North East,On main c'way - not in restricted lane,Not at or within 20 metres of junction,None,None,Did not leave carriageway,None,Front,No,Journey as part of work,Male,NA,26 - 35,NA,Heavy oil,1,Data missing or out of range,Most deprived 10%,Urban area
20181359M0320,2018,1359M0320,2,Car,No tow/articulation,Parked,Parked,Parked,On main c'way - not in restricted lane,Not at or within 20 metres of junction,None,None,Did not leave carriageway,None,Back,No,Not known,Not known,Data missing or out of range,Data missing or out of range,NA,Heavy oil,10,Data missing or out of range,Data missing or out of range,Data missing or out of range
20181359M0320,2018,1359M0320,3,Car,No tow/articulation,Parked,Parked,Parked,On main c'way - not in restricted lane,Not at or within 20 metres of junction,None,None,Did not leave carriageway,None,Back,No,Not known,Not known,Data missing or out of range,Data missing or out of range,NA,Heavy oil,16,Data missing or out of range,Data missing or out of range,Data missing or out of range
20181359M0320,2018,1359M0320,4,Goods 7.5 tonnes mgw and over,Articulated vehicle,Parked,Parked,Parked,On main c'way - not in restricted lane,Not at or within 20 metres of junction,None,None,Did not leave carriageway,None,Back,No,Not known,Not known,Data missing or out of range,Data missing or out of range,NA,Heavy oil,9,Data missing or out of range,Data missing or out of range,Data missing or out of range
20181359N1047,2018,1359N1047,1,Car,No tow/articulation,Going ahead other,East,West,On main c'way - not in restricted lane,Not at or within 20 metres of junction,None,None,Offside,None,Front,No,Not known,Male,NA,26 - 35,NA,Petrol,3,Data missing or out of range,Data missing or out of range,Data missing or out of range
20181359N1047,2018,1359N1047,2,Car,No tow/articulation,Going ahead other,West,East,On main c'way - not in restricted lane,Not at or within 20 metres of junction,None,None,Offside,None,Front,No,Not known,Male,NA,26 - 35,NA,Heavy oil,5,Data missing or out of range,More deprived 10-20%,Urban area
20181359O0291,2018,1359O0291,1,Taxi/Private hire car,No tow/articulation,Turning right,North,West,On main c'way - not in restricted lane,Mid Junction - on roundabout or on main road,None,None,Did not leave carriageway,None,Offside,No,Journey as part of work,Male,NA,36 - 45,NA,Heavy oil,5,Data missing or out of range,Most deprived 10%,Urban area
20181359O0291,2018,1359O0291,2,Motorcycle over 500cc,No tow/articulation,Going ahead other,North,South East,On main c'way - not in restricted lane,Mid Junction - on roundabout or on main road,None,None,Did not leave carriageway,Wall or fence,Nearside,No,Commuting to/from work,Female,NA,36 - 45,NA,Petrol,27,Data missing or out of range,Most deprived 10%,Urban area
20181359O0767,2018,1359O0767,1,Car,No tow/articulation,Going ahead other,South East,East,On main c'way - not in restricted lane,Approaching junction or waiting/parked at junction approach,None,None,Did not leave carriageway,None,Nearside,No,Not known,Male,NA,Over 75,NA,Petrol,12,Data missing or out of range,Less deprived 30-40%,Urban area
20181359O0767,2018,1359O0767,2,Car,No tow/articulation,Turning right,North West,South East,On main c'way - not in restricted lane,Approaching junction or waiting/parked at junction approach,None,None,Did not leave carriageway,None,Front,No,Not known,Female,NA,26 - 35,NA,Heavy oil,11,Data missing or out of range,Most deprived 10%,Urban area
20181359O1231,2018,1359O1231,1,Car,No tow/articulation,Going ahead other,North East,South West,On main c'way - not in restricted lane,Leaving roundabout,None,None,Did not leave carriageway,None,Front,No,Not known,Male,NA,36 - 45,NA,Heavy oil,12,Data missing or out of range,More deprived 40-50%,Urban area
20181359P0024,2018,1359P0024,1,Car,No tow/articulation,Going ahead right-hand bend,South East,North West,On main c'way - not in restricted lane,Not at or within 20 metres of junction,None,None,Did not leave carriageway,None,Nearside,No,Not known,Male,NA,21 - 25,NA,Petrol,18,Data missing or out of range,More deprived 10-20%,Urban area
20181359P0024,2018,1359P0024,2,Car,No tow/articulation,Parked,Parked,Parked,Footway (pavement),Not at or within 20 metres of junction,None,None,Did not leave carriageway,None,Back,No,Not known,Not known,Data missing or out of range,Data missing or out of range,NA,Petrol,15,Data missing or out of range,More deprived 10-20%,Urban area
20181359P0024,2018,1359P0024,3,Car,No tow/articulation,Going ahead other,North West,South East,On main c'way - not in restricted lane,Not at or within 20 metres of junction,None,None,Did not leave carriageway,None,Front,No,Not known,Male,NA,26 - 35,NA,Heavy oil,8,Data missing or out of range,Less deprived 30-40%,Rural
20181359P0559,2018,1359P0559,1,Car,No tow/articulation,Going ahead other,South West,North East,On main c'way - not in restricted lane,Not at or within 20 metres of junction,None,None,Did not leave carriageway,None,Back,No,Journey as part of work,Male,Data missing or out of range,Data missing or out of range,Data missing or out of range,Undefined,-1,Data missing or out of range,Data missing or out of range,Data missing or out of range
20181359P0559,2018,1359P0559,2,Car,No tow/articulation,Going ahead other,South West,North East,On main c'way - not in restricted lane,Not at or within 20 metres of junction,None,None,Did not leave carriageway,None,Front,No,Not known,Male,NA,46 - 55,NA,Petrol,14,Data missing or out of range,Most deprived 10%,Urban area
20181359Q0435,2018,1359Q0435,1,Car,No tow/articulation,Going ahead other,North,South East,On main c'way - not in restricted lane,Cleared junction or waiting/parked at junction exit,None,None,Nearside and rebounded,None,Front,No,Commuting to/from work,Female,NA,46 - 55,NA,Petrol,8,Data missing or out of range,Least deprived 10%,Small town
20181359Q0435,2018,1359Q0435,2,Minibus (8 - 16 passenger seats),No tow/articulation,Going ahead other,South East,North,On main c'way - not in restricted lane,Approaching junction or waiting/parked at junction approach,None,None,Nearside,Other permanent object,Front,No,Journey as part of work,Female,NA,36 - 45,NA,Heavy oil,1,Data missing or out of range,Least deprived 10%,Urban area
20181359R0461,2018,1359R0461,1,Car,No tow/articulation,Turning left,South East,West,On main c'way - not in restricted lane,Approaching junction or waiting/parked at junction approach,None,None,Did not leave carriageway,None,Back,No,Commuting to/from work,Female,NA,56 - 65,NA,Petrol,14,Data missing or out of range,Less deprived 30-40%,Rural
20181359R0461,2018,1359R0461,2,Pedal cycle,No tow/articulation,Going ahead other,South East,North,On main c'way - not in restricted lane,Approaching junction or waiting/parked at junction approach,None,None,Did not leave carriageway,None,Front,No,Commuting to/from work,Male,NA,36 - 45,Data missing or out of range,Undefined,-1,Data missing or out of range,More deprived 30-40%,Urban area
20181359R1252,2018,1359R1252,1,Pedal cycle,No tow/articulation,Going ahead other,North West,South East,On main c'way - not in restricted lane,Not at or within 20 metres of junction,Overturned,Other object,Did not leave carriageway,None,Did not impact,No,Not known,Male,NA,56 - 65,Data missing or out of range,Undefined,-1,Data missing or out of range,Less deprived 10-20%,Small town
20181359R1316,2018,1359R1316,1,Bus or coach (17 or more pass seats),No tow/articulation,Slowing or stopping,West,East,On main c'way - not in restricted lane,Not at or within 20 metres of junction,None,None,Did not leave carriageway,None,Did not impact,No,Journey as part of work,Male,NA,56 - 65,NA,Heavy oil,3,Data missing or out of range,Most deprived 10%,Urban area
20181359R1394,2018,1359R1394,1,Taxi/Private hire car,No tow/articulation,Going ahead other,North,South East,On main c'way - not in restricted lane,Not at or within 20 metres of junction,None,None,Did not leave carriageway,None,Front,No,Not known,Not known,Data missing or out of range,Data missing or out of range,Data missing or out of range,Undefined,-1,Data missing or out of range,Data missing or out of range,Data missing or out of range