accident_index,accident_year,accident_reference,vehicle_reference,vehicle_type,towing_and_articulation,vehicle_manoeuvre,vehicle_direction_from,vehicle_direction_to,vehicle_location_restricted_lane,junction_location,skidding_and_overturning,hit_object_in_carriageway,vehicle_leaving_carriageway,hit_object_off_carriageway,first_point_of_impact,vehicle_left_hand_drive,journey_purpose_of_driver,sex_of_driver,age_of_driver,age_band_of_driver,engine_capacity_cc,propulsion_code,age_of_vehicle,generic_make_model,driver_imd_decile,driver_home_area_type
20181359R1413,2018,1359R1413,1,Van / Goods 3.5 tonnes mgw or under,No tow/articulation,Going ahead other,East,West,On main c'way - not in restricted lane,Not at or within 20 metres of junction,None,None,Did not leave carriageway,None,Front,No,Commuting to/from work,Male,NA,36 - 45,NA,Heavy oil,3,Data missing or out of range,Less deprived 40-50%,Urban area
20181359R1413,2018,1359R1413,2,Car,No tow/articulation,Slowing or stopping,East,West,On main c'way - not in restricted lane,Not at or within 20 metres of junction,None,None,Did not leave carriageway,None,Back,No,Commuting to/from work,Female,NA,56 - 65,NA,Petrol,0,Data missing or out of range,Less deprived 20-30%,Urban area
20181359R1413,2018,1359R1413,3,Car,No tow/articulation,Slowing or stopping,East,West,On main c'way - not in restricted lane,Not at or within 20 metres of junction,None,None,Did not leave carriageway,None,Back,No,Not known,Male,NA,36 - 45,NA,Heavy oil,0,Data missing or out of range,More deprived 40-50%,Urban area
20181359R1526,2018,1359R1526,1,Motorcycle over 500cc,No tow/articulation,Going ahead other,North West,South East,On main c'way - not in restricted lane,Mid Junction - on roundabout or on main road,None,None,Did not leave carriageway,None,Back,No,Not known,Male,NA,56 - 65,NA,Petrol,8,Data missing or out of range,Less deprived 10-20%,Urban area
20181359R1526,2018,1359R1526,2,Car,No tow/articulation,Moving off,North West,South East,On main c'way - not in restricted lane,Mid Junction - on roundabout or on main road,None,None,Did not leave carriageway,None,Front,No,Not known,Male,NA,26 - 35,NA,Heavy oil,1,Data missing or out of range,Most deprived 10%,Urban area
20181359R1682,2018,1359R1682,1,Car,No tow/articulation,Slowing or stopping,East,West,On main c'way - not in restricted lane,Mid Junction - on roundabout or on main road,None,None,Did not leave carriageway,None,Back,No,Not known,Female,NA,26 - 35,NA,Heavy oil,1,Data missing or out of range,More deprived 10-20%,Urban area
20181359R1682,2018,1359R1682,2,Car,No tow/articulation,Slowing or stopping,East,West,On main c'way - not in restricted lane,Mid Junction - on roundabout or on main road,None,None,Did not leave carriageway,None,Front,No,Not known,Not known,Data missing or out of range,Data missing or out of range,NA,Heavy oil,11,Data missing or out of range,Data missing or out of range,Data missing or out of range
20181359R1989,2018,1359R1989,1,Pedal cycle,No tow/articulation,Going ahead other,South East,North West,Footway (pavement),Approaching junction or waiting/parked at junction approach,None,None,Did not leave carriageway,None,Offside,No,Not known,Female,NA,16 - 20,Data missing or out of range,Undefined,-1,Data missing or out of range,More deprived 10-20%,Urban area
20181359R1989,2018,1359R1989,2,Car,No tow/articulation,Turning right,North West,South West,On main c'way - not in restricted lane,Approaching junction or waiting/parked at junction approach,None,None,Did not leave carriageway,None,Front,No,Not known,Female,NA,46 - 55,NA,Heavy oil,10,Data missing or out of range,Least deprived 10%,Urban area
20181359S0459,2018,1359S0459,1,Car,No tow/articulation,Going ahead other,North,South East,On main c'way - not in restricted lane,Cleared junction or waiting/parked at junction exit,None,None,Nearside,Wall or fence,Front,No,Not known,Male,NA,36 - 45,NA,Petrol,13,Data missing or out of range,Most deprived 10%,Urban area
20181359S1746,2018,1359S1746,1,Pedal cycle,No tow/articulation,Going ahead other,North East,South West,On main c'way - not in restricted lane,Not at or within 20 metres of junction,None,Kerb,Nearside,None,Nearside,No,Not known,Male,NA,56 - 65,Data missing or out of range,Undefined,-1,Data missing or out of range,More deprived 20-30%,Urban area
20181359T0008,2018,1359T0008,1,Car,No tow/articulation,Turning right,North,West,On main c'way - not in restricted lane,Mid Junction - on roundabout or on main road,None,None,Did not leave carriageway,None,Nearside,No,Not known,Male,NA,66 - 75,NA,Petrol,9,Data missing or out of range,Data missing or out of range,Data missing or out of range
20181359T0008,2018,1359T0008,2,Car,No tow/articulation,Going ahead other,South East,North,On main c'way - not in restricted lane,Mid Junction - on roundabout or on main road,None,None,Did not leave carriageway,None,Front,No,Not known,Male,NA,56 - 65,NA,Petrol,1,Data missing or out of range,Least deprived 10%,Urban area
20181359T1012,2018,1359T1012,1,Car,No tow/articulation,Turning right,North West,East,On main c'way - not in restricted lane,Entering main road,None,None,Did not leave carriageway,None,Front,No,Not known,Male,NA,26 - 35,NA,Heavy oil,9,Data missing or out of range,Most deprived 10%,Urban area
20181359T1012,2018,1359T1012,2,Car,No tow/articulation,Going ahead other,North East,South West,On main c'way - not in restricted lane,Mid Junction - on roundabout or on main road,None,None,Did not leave carriageway,None,Front,No,Not known,Male,NA,46 - 55,Data missing or out of range,Undefined,-1,Data missing or out of range,Less deprived 40-50%,Urban area
2018135A10274,2018,135A10274,1,Car,No tow/articulation,Turning left,North,East,On main c'way - not in restricted lane,Entering main road,None,None,Did not leave carriageway,None,Front,No,Not known,Male,NA,46 - 55,NA,Heavy oil,8,Data missing or out of range,More deprived 20-30%,Rural
2018135A10274,2018,135A10274,2,Car,No tow/articulation,Going ahead other,West,East,On main c'way - not in restricted lane,Mid Junction - on roundabout or on main road,None,None,Did not leave carriageway,None,Offside,No,Not known,Female,NA,36 - 45,NA,Petrol,3,Data missing or out of range,Most deprived 10%,Urban area
2018135A10800,2018,135A10800,1,Car,No tow/articulation,Turning left,North East,South East,On main c'way - not in restricted lane,Entering main road,None,None,Did not leave carriageway,None,Nearside,No,Not known,Male,NA,26 - 35,NA,Heavy oil,3,Data missing or out of range,More deprived 10-20%,Urban area
2018135A10800,2018,135A10800,2,Car,No tow/articulation,Parked,Parked,Parked,On main c'way - not in restricted lane,Approaching junction or waiting/parked at junction approach,None,None,Did not leave carriageway,None,Back,No,Not known,Female,NA,26 - 35,NA,Heavy oil,11,Data missing or out of range,More deprived 30-40%,Urban area
2018135A11135,2018,135A11135,1,Car,No tow/articulation,Going ahead other,North East,South West,On main c'way - not in restricted lane,Approaching junction or waiting/parked at junction approach,None,None,Did not leave carriageway,None,Front,No,Not known,Female,NA,56 - 65,NA,Petrol,17,Data missing or out of range,Less deprived 40-50%,Urban area
2018135A11135,2018,135A11135,2,Car,No tow/articulation,Going ahead other,South West,North East,On main c'way - not in restricted lane,Approaching junction or waiting/parked at junction approach,None,None,Did not leave carriageway,None,Front,No,Not known,Male,NA,16 - 20,NA,Petrol,10,Data missing or out of range,Less deprived 20-30%,Urban area
2018135A11218,2018,135A11218,1,Car,No tow/articulation,Changing lane to right,South East,North,On main c'way - not in restricted lane,Not at or within 20 metres of junction,None,None,Did not leave carriageway,None,Offside,No,Not known,Female,NA,46 - 55,NA,Heavy oil,2,Data missing or out of range,Most deprived 10%,Urban area
2018135A11218,2018,135A11218,2,Motorcycle over 500cc,No tow/articulation,Going ahead other,South East,North,On main c'way - not in restricted lane,Not at or within 20 metres of junction,None,None,Did not leave carriageway,None,Nearside,No,Not known,Male,NA,56 - 65,NA,Petrol,11,Data missing or out of range,More deprived 30-40%,Small town
2018135A11604,2018,135A11604,1,Car,No tow/articulation,Moving off,East,West,On main c'way - not in restricted lane,Mid Junction - on roundabout or on main road,Overturned,Bollard or refuge,Straight ahead at junction,Wall or fence,Nearside,No,Not known,Male,NA,36 - 45,NA,Heavy oil,16,Data missing or out of range,More deprived 30-40%,Urban area
2018135A11604,2018,135A11604,2,Car,No tow/articulation,Going ahead other,South East,North,On main c'way - not in restricted lane,Mid Junction - on roundabout or on main road,None,None,Did not leave carriageway,None,Front,No,Not known,Male,NA,26 - 35,NA,Heavy oil,4,Data missing or out of range,Most deprived 10%,Urban area
2018135A20374,2018,135A20374,1,Car,No tow/articulation,Going ahead other,East,West,On main c'way - not in restricted lane,Not at or within 20 metres of junction,None,None,Did not leave carriageway,None,Front,No,Not known,Female,NA,16 - 20,NA,Heavy oil,9,Data missing or out of range,More deprived 10-20%,Urban area
2018135A20374,2018,135A20374,2,Car,No tow/articulation,Going ahead other,East,West,On main c'way - not in restricted lane,Not at or within 20 metres of junction,None,None,Did not leave carriageway,None,Back,No,Not known,Female,NA,46 - 55,NA,Heavy oil,7,Data missing or out of range,Least deprived 10%,Urban area
2018135A20374,2018,135A20374,3,Car,No tow/articulation,Going ahead other,East,West,On main c'way - not in restricted lane,Not at or within 20 metres of junction,None,None,Did not leave carriageway,None,Back,No,Not known,Female,NA,46 - 55,NA,Heavy oil,4,Data missing or out of range,Less deprived 40-50%,Urban area
2018135A20768,2018,135A20768,1,Car,No tow/articulation,Going ahead left-hand bend,North East,South West,On main c'way - not in restricted lane,Not at or within 20 metres of junction,None,None,Did not leave carriageway,None,Front,No,Not known,Female,NA,56 - 65,NA,Petrol,7,Data missing or out of range,More deprived 10-20%,Urban area
2018135A21420,2018,135A21420,1,Car,No tow/articulation,Going ahead other,West,East,On main c'way - not in restricted lane,Not at or within 20 metres of junction,None,None,Did not leave carriageway,None,Front,No,Not known,Male,Data missing or out of range,Data missing or out of range,Data missing or out of range,Undefined,-1,Data missing or out of range,Data missing or out of range,Data missing or out of range
2018135A30204,2018,135A30204,1,Car,No tow/articulation,Moving off,West,North,On main c'way - not in restricted lane,Entering main road,None,None,Did not leave carriageway,None,Nearside,No,Commuting to/from work,Male,NA,56 - 65,NA,Heavy oil,9,Data missing or out of range,Less deprived 40-50%,Urban area
2018135A30204,2018,135A30204,2,Pedal cycle,No tow/articulation,Going ahead other,North,South East,On main c'way - not in restricted lane,Approaching junction or waiting/parked at junction approach,None,None,Did not leave carriageway,None,Front,No,Commuting to/from work,Female,NA,46 - 55,Data missing or out of range,Undefined,-1,Data missing or out of range,Most deprived 10%,Urban area
2018135A31596,2018,135A31596,1,Car,No tow/articulation,Turning right,South East,North,On main c'way - not in restricted lane,Leaving main road,None,None,Did not leave carriageway,None,Front,No,Not known,Not known,Data missing or out of range,Data missing or out of range,NA,Petrol,14,Data missing or out of range,Data missing or out of range,Data missing or out of range
2018135A31596,2018,135A31596,2,Motorcycle 125cc and under,No tow/articulation,Going ahead other,North,South East,On main c'way - not in restricted lane,Approaching junction or waiting/parked at junction approach,None,None,Did not leave carriageway,None,Front,No,Commuting to/from work,Male,NA,26 - 35,NA,Petrol,4,Data missing or out of range,Most deprived 10%,Urban area
2018135A40231,2018,135A40231,1,Car,No tow/articulation,Turning left,North,East,On main c'way - not in restricted lane,Leaving main road,None,None,Did not leave carriageway,None,Nearside,No,Not known,Not known,Data missing or out of range,Data missing or out of range,Data missing or out of range,Undefined,-1,Data missing or out of range,Data missing or out of range,Data missing or out of range
2018135A40231,2018,135A40231,2,Pedal cycle,No tow/articulation,Going ahead other,North,South East,On main c'way - not in restricted lane,Mid Junction - on roundabout or on main road,None,None,Did not leave carriageway,None,Offside,No,Not known,Male,NA,21 - 25,Data missing or out of range,Undefined,-1,Data missing or out of range,Most deprived 10%,Urban area
2018135A40256,2018,135A40256,1,Car,No tow/articulation,Going ahead other,South East,North West,On main c'way - not in restricted lane,Mid Junction - on roundabout or on main road,None,None,Did not leave carriageway,None,Nearside,No,Not known,Male,NA,21 - 25,NA,Petrol,10,Data missing or out of range,Most deprived 10%,Urban area
2018135A40256,2018,135A40256,2,Car,No tow/articulation,Going ahead other,South West,North East,On main c'way - not in restricted lane,Entering main road,None,None,Did not leave carriageway,None,Front,No,Not known,Not known,Data missing or out of range,Data missing or out of range,Data missing or out of range,Undefined,-1,Data missing or out of range,Data missing or out of range,Data missing or out of range
2018135A40461,2018,135A40461,1,Car,No tow/articulation,Going ahead other,North West,South East,On main c'way - not in restricted lane,Not at or within 20 metres of junction,None,None,Did not leave carriageway,None,Offside,No,Not known,Male,NA,36 - 45,NA,Electric diesel,4,Data missing or out of range,Less deprived 20-30%,Urban area
2018135A40461,2018,135A40461,2,Car,No tow/articulation,Overtaking moving vehicle - offside,North West,South East,On main c'way - not in restricted lane,Not at or within 20 metres of junction,None,None,Did not leave carriageway,None,Nearside,No,Not known,Not known,Data missing or out of range,Data missing or out of range,Data missing or out of range,Undefined,-1,Data missing or out of range,Data missing or out of range,Data missing or out of range
2018135A41078,2018,135A41078,1,Taxi/Private hire car,No tow/articulation,Reversing,East,West,On main c'way - not in restricted lane,Not at or within 20 metres of junction,None,None,Did not leave carriageway,None,Back,No,Journey as part of work,Male,NA,36 - 45,NA,Hybrid electric,6,Data missing or out of range,Most deprived 10%,Urban area
2018135A41535,2018,135A41535,1,Car,No tow/articulation,Turning right,North West,West,On main c'way - not in restricted lane,Not at or within 20 metres of junction,None,None,Did not leave carriageway,None,Back,No,Commuting to/from work,Female,NA,46 - 55,NA,Petrol,14,Data missing or out of range,Least deprived 10%,Small town
2018135A41535,2018,135A41535,2,Car,No tow/articulation,Going ahead other,North West,South East,On main c'way - not in restricted lane,Not at or within 20 metres of junction,None,None,Did not leave carriageway,None,Front,No,Commuting to/from work,Female,NA,26 - 35,NA,Heavy oil,8,Data missing or out of range,Less deprived 10-20%,Small town
2018135A50450,2018,135A50450,1,Goods 7.5 tonnes mgw and over,Articulated vehicle,Turning left,South West,North,On main c'way - not in restricted lane,Entering main road,None,None,Did not leave carriageway,None,Nearside,No,Journey as part of work,Male,NA,56 - 65,NA,Heavy oil,0,Data missing or out of range,Less deprived 30-40%,Rural
2018135A50450,2018,135A50450,2,Car,No tow/articulation,Turning left,South West,North,On main c'way - not in restricted lane,Entering main road,None,None,Nearside,Other permanent object,Offside,No,Commuting to/from work,Female,NA,46 - 55,NA,Petrol,11,Data missing or out of range,More deprived 40-50%,Urban area
2018135A50871,2018,135A50871,1,Car,No tow/articulation,Overtaking - nearside,North,South East,On main c'way - not in restricted lane,Not at or within 20 metres of junction,None,None,Did not leave carriageway,None,Nearside,No,Not known,Male,NA,21 - 25,NA,Petrol,3,Data missing or out of range,Most deprived 10%,Urban area
2018135A51134,2018,135A51134,1,Car,No tow/articulation,Going ahead other,North West,South East,On main c'way - not in restricted lane,Mid Junction - on roundabout or on main road,None,None,Nearside,Near/Offside crash barrier,Offside,No,Not known,Male,NA,36 - 45,Data missing or out of range,Undefined,-1,Data missing or out of range,Most deprived 10%,Urban area
2018135A51134,2018,135A51134,2,Minibus (8 - 16 passenger seats),No tow/articulation,Going ahead other,North East,South West,On main c'way - not in restricted lane,Mid Junction - on roundabout or on main road,None,None,Did not leave carriageway,None,Front,No,Not known,Male,NA,26 - 35,Data missing or out of range,Undefined,-1,Data missing or out of range,More deprived 30-40%,Urban area
2018135A51163,2018,135A51163,1,Car,No tow/articulation,Going ahead other,South West,North East,On main c'way - not in restricted lane,Not at or within 20 metres of junction,None,None,Did not leave carriageway,None,Front,No,Not known,Male,NA,21 - 25,NA,Petrol,2,Data missing or out of range,Less deprived 40-50%,Urban area
2018135A51163,2018,135A51163,2,Car,Caravan,Waiting to go - held up,South West,North East,On main c'way - not in restricted lane,Not at or within 20 metres of junction,Jackknifed,None,Did not leave carriageway,None,Back,No,Not known,Male,NA,26 - 35,NA,Heavy oil,13,Data missing or out of range,Data missing or out of range,Data missing or out of range
2018135A51163,2018,135A51163,3,Car,No tow/articulation,Waiting to go - held up,South West,North East,On main c'way - not in restricted lane,Not at or within 20 metres of junction,None,None,Did not leave carriageway,None,Back,No,Not known,Male,NA,46 - 55,NA,Heavy oil,7,Data missing or out of range,More deprived 20-30%,Urban area
2018135A51417,2018,135A51417,1,Car,No tow/articulation,Going ahead other,North,South East,On main c'way - not in restricted lane,Not at or within 20 metres of junction,None,None,Did not leave carriageway,None,Front,No,Not known,Male,NA,26 - 35,NA,Heavy oil,7,Data missing or out of range,More deprived 20-30%,Urban area
2018135A52141,2018,135A52141,1,Car,No tow/articulation,Going ahead other,North,South East,On main c'way - not in restricted lane,Approaching junction or waiting/parked at junction approach,Skidded and overturned,None,Nearside,Other permanent object,Front,No,Not known,Female,NA,26 - 35,NA,Petrol,5,Data missing or out of range,More deprived 20-30%,Urban area
2018135A60943,2018,135A60943,1,Car,No tow/articulation,Parked,North,South East,On main c'way - not in restricted lane,Not at or within 20 metres of junction,None,None,Did not leave carriageway,None,Back,No,Not known,Female,NA,26 - 35,NA,Heavy oil,9,Data missing or out of range,More deprived 20-30%,Urban area
2018135A60943,2018,135A60943,2,Car,No tow/articulation,Reversing,North,South East,On main c'way - not in restricted lane,Not at or within 20 metres of junction,None,None,Did not leave carriageway,None,Front,No,Not known,Female,NA,Over 75,NA,Petrol,5,Data missing or out of range,More deprived 20-30%,Urban area
2018135A70939,2018,135A70939,1,Car,No tow/articulation,Moving off,South East,North,On main c'way - not in restricted lane,Not at or within 20 metres of junction,None,Parked vehicle,Nearside,None,Nearside,No,Not known,Male,NA,66 - 75,NA,Petrol,17,Data missing or out of range,Most deprived 10%,Urban area
2018135A70939,2018,135A70939,2,Car,No tow/articulation,Overtaking static vehicle - offside,South East,North,On main c'way - not in restricted lane,Not at or within 20 metres of junction,None,None,Did not leave carriageway,None,Front,No,Not known,Female,NA,46 - 55,NA,Hybrid electric,7,Data missing or out of range,More deprived 30-40%,Urban area
2018135A70939,2018,135A70939,3,Car,No tow/articulation,Parked,Parked,Parked,On main c'way - not in restricted lane,Not at or within 20 metres of junction,None,None,Did not leave carriageway,None,Offside,No,Not known,Female,Data missing or out of range,Data missing or out of range,NA,Heavy oil,11,Data missing or out of range,Data missing or out of range,Data missing or out of range
2018135A71461,2018,135A71461,1,Car,No tow/articulation,Going ahead other,East,West,On main c'way - not in restricted lane,Approaching junction or waiting/parked at junction approach,None,None,Did not leave carriageway,None,Front,No,Not known,Male,NA,21 - 25,NA,Petrol,3,Data missing or out of range,Most deprived 10%,Urban area
2018135A71589,2018,135A71589,1,Car,No tow/articulation,Going ahead other,South East,North,On main c'way - not in restricted lane,Mid Junction - on roundabout or on main road,None,None,Did not leave carriageway,None,Front,No,Not known,Not known,Data missing or out of range,Data missing or out of range,NA,Heavy oil,12,Data missing or out of range,Data missing or out of range,Data missing or out of range
2018135A71589,2018,135A71589,2,Car,No tow/articulation,Going ahead other,South East,North,On main c'way - not in restricted lane,Approaching junction or waiting/parked at junction approach,None,None,Did not leave carriageway,None,Did not impact,No,Journey as part of work,Male,NA,26 - 35,NA,Heavy oil,3,Data missing or out of range,Most deprived 10%,Urban area
2018135A71589,2018,135A71589,3,Car,No tow/articulation,Going ahead other,East,West,On main c'way - not in restricted lane,Mid Junction - on roundabout or on main road,None,None,Did not leave carriageway,None,Nearside,No,Not known,Male,NA,56 - 65,NA,Petrol,8,Data missing or out of range,Most deprived 10%,Urban area
2018135A80204,2018,135A80204,1,Car,No tow/articulation,Going ahead other,South East,North,On main c'way - not in restricted lane,Approaching junction or waiting/parked at junction approach,None,None,Did not leave carriageway,None,Offside,No,Not known,Male,NA,16 - 20,NA,Petrol,11,Data missing or out of range,Less deprived 40-50%,Rural
2018135A80204,2018,135A80204,2,Car,No tow/articulation,Parked,Parked,Parked,On main c'way - not in restricted lane,Approaching junction or waiting/parked at junction approach,None,None,Did not leave carriageway,None,Nearside,No,Not known,Not known,Data missing or out of range,Data missing or out of range,NA,Hybrid electric,0,Data missing or out of range,Less deprived 30-40%,Urban area
2018135A80850,2018,135A80850,1,Van / Goods 3.5 tonnes mgw or under,No tow/articulation,Going ahead other,West,East,On main c'way - not in restricted lane,Not at or within 20 metres of junction,None,None,Did not leave carriageway,None,Front,No,Journey as part of work,Male,NA,26 - 35,NA,Heavy oil,1,Data missing or out of range,Data missing or out of range,Data missing or out of range
2018135A80850,2018,135A80850,2,Car,No tow/articulation,Going ahead other,West,East,On main c'way - not in restricted lane,Not at or within 20 metres of junction,None,None,Did not leave carriageway,None,Back,No,Not known,Female,NA,56 - 65,NA,Heavy oil,14,Data missing or out of range,Data missing or out of range,Data missing or out of range
2018135A90240,2018,135A90240,1,Car,No tow/articulation,Turning right,West,North,On main c'way - not in restricted lane,Entering main road,None,None,Did not leave carriageway,None,Offside,No,Commuting to/from work,Male,NA,46 - 55,NA,Petrol,9,Data missing or out of range,More deprived 30-40%,Urban area
2018135A90240,2018,135A90240,2,Car,No tow/articulation,Going ahead other,North,South East,On main c'way - not in restricted lane,Mid Junction - on roundabout or on main road,None,None,Did not leave carriageway,None,Front,No,Not known,Not known,Data missing or out of range,Data missing or out of range,NA,Petrol,12,Data missing or out of range,Data missing or out of range,Data missing or out of range
2018135A90414,2018,135A90414,1,Car,No tow/articulation,Moving off,West,East,On main c'way - not in restricted lane,Not at or within 20 metres of junction,None,None,Did not leave carriageway,None,Front,No,Commuting to/from work,Male,NA,46 - 55,NA,Heavy oil,1,Data missing or out of range,Less deprived 40-50%,Urban area
2018135A91127,2018,135A91127,1,Car,No tow/articulation,Going ahead other,West,East,On main c'way - not in restricted lane,Mid Junction - on roundabout or on main road,None,None,Did not leave carriageway,None,Nearside,No,Not known,Male,NA,21 - 25,NA,Heavy oil,16,Data missing or out of range,Most deprived 10%,Urban area
2018135A91366,2018,135A91366,1,Car,No tow/articulation,Overtaking static vehicle - offside,South East,North West,On main c'way - not in restricted lane,Mid Junction - on roundabout or on main road,Overturned,Parked vehicle,Did not leave carriageway,None,Nearside,No,Not known,Female,NA,26 - 35,NA,Heavy oil,9,Data missing or out of range,Less deprived 20-30%,Urban area
2018135A91366,2018,135A91366,2,Car,No tow/articulation,Parked,Parked,Parked,On main c'way - not in restricted lane,Cleared junction or waiting/parked at junction exit,None,None,Did not leave carriageway,None,Nearside,No,Not known,Not known,Data missing or out of range,Data missing or out of range,NA,Petrol,13,Data missing or out of range,Data missing or out of range,Data missing or out of range
2018135A91366,2018,135A91366,3,Car,No tow/articulation,Going ahead other,North West,South East,On main c'way - not in restricted lane,Mid Junction - on roundabout or on main road,None,None,Did not leave carriageway,None,Offside,No,Not known,Female,Data missing or out of range,Data missing or out of range,NA,Petrol,10,Data missing or out of range,Most deprived 10%,Urban area
2018135AA1382,2018,135AA1382,1,Pedal cycle,No tow/articulation,Going ahead other,South East,North,On main c'way - not in restricted lane,Mid Junction - on roundabout or on main road,None,None,Did not leave carriageway,None,Offside,No,Not known,Male,NA,26 - 35,Data missing or out of range,Undefined,-1,Data missing or out of range,Most deprived 10%,Urban area
2018135AA1382,2018,135AA1382,2,Car,No tow/articulation,Going ahead other,North,West,On main c'way - not in restricted lane,Mid Junction - on roundabout or on main road,None,None,Did not leave carriageway,None,Nearside,No,Not known,Male,Data missing or out of range,Data missing or out of range,NA,Petrol,14,Data missing or out of range,Data missing or out of range,Data missing or out of range
2018135AB0274,2018,135AB0274,1,Car,No tow/articulation,Going ahead other,South East,North West,On main c'way - not in restricted lane,Mid Junction - on roundabout or on main road,None,None,Did not leave carriageway,None,Offside,No,Not known,Male,NA,21 - 25,NA,Heavy oil,14,Data missing or out of range,Less deprived 40-50%,Urban area
2018135AB0274,2018,135AB0274,2,Car,No tow/articulation,Going ahead other,South East,North West,On main c'way - not in restricted lane,Mid Junction - on roundabout or on main road,None,None,Did not leave carriageway,None,Nearside,No,Not known,Female,NA,36 - 45,NA,Heavy oil,14,Data missing or out of range,Most deprived 10%,Urban area
2018135AB0390,2018,135AB0390,1,Car,No tow/articulation,Turning right,South East,North East,On main c'way - not in restricted lane,Mid Junction - on roundabout or on main road,None,None,Did not leave carriageway,None,Offside,No,Commuting to/from work,Female,NA,36 - 45,NA,Heavy oil,8,Data missing or out of range,Less deprived 20-30%,Urban area
2018135AB0390,2018,135AB0390,2,Minibus (8 - 16 passenger seats),No tow/articulation,Going ahead other,North East,South West,On main c'way - not in restricted lane,Approaching junction or waiting/parked at junction approach,None,None,Did not leave carriageway,None,Front,No,Taking pupil to/from school,Male,NA,46 - 55,NA,Heavy oil,7,Data missing or out of range,Data missing or out of range,Data missing or out of range
2018135AC0316,2018,135AC0316,1,Pedal cycle,No tow/articulation,Going ahead other,North,South East,On main c'way - not in restricted lane,Mid Junction - on roundabout or on main road,None,None,Did not leave carriageway,None,Front,No,Commuting to/from work,Female,NA,46 - 55,Data missing or out of range,Undefined,-1,Data missing or out of range,Least deprived 10%,Urban area
2018135AC0584,2018,135AC0584,1,Car,No tow/articulation,Going ahead right-hand bend,South East,East,On main c'way - not in restricted lane,Approaching junction or waiting/parked at junction approach,None,None,Did not leave carriageway,None,Offside,No,Not known,Male,NA,36 - 45,NA,Petrol,14,Data missing or out of range,Most deprived 10%,Urban area
2018135AC0740,2018,135AC0740,1,Car,No tow/articulation,Going ahead other,North,South East,On main c'way - not in restricted lane,Approaching junction or waiting/parked at junction approach,None,None,Straight ahead at junction,Road sign or traffic signal,Front,No,Not known,Not known,Data missing or out of range,Data missing or out of range,NA,Petrol,13,Data missing or out of range,Data missing or out of range,Data missing or out of range
2018135AC0740,2018,135AC0740,2,Car,No tow/articulation,Going ahead other,North,South East,On main c'way - not in restricted lane,Approaching junction or waiting/parked at junction approach,None,None,Did not leave carriageway,None,Back,No,Not known,Male,NA,56 - 65,NA,Heavy oil,7,Data missing or out of range,Most deprived 10%,Urban area
2018135AC1324,2018,135AC1324,1,Bus or coach (17 or more pass seats),No tow/articulation,Going ahead other,East,West,Bus lane,Cleared junction or waiting/parked at junction exit,None,None,Did not leave carriageway,None,Front,No,Journey as part of work,Female,NA,36 - 45,Data missing or out of range,Undefined,-1,Data missing or out of range,Most deprived 10%,Urban area
2018135AC1386,2018,135AC1386,1,Car,No tow/articulation,Turning right,South East,East,On main c'way - not in restricted lane,Mid Junction - on roundabout or on main road,Skidded,None,Nearside,None,Front,No,Not known,Female,NA,56 - 65,NA,Petrol,5,Data missing or out of range,More deprived 40-50%,Urban area
2018135AC1386,2018,135AC1386,2,Car,No tow/articulation,Going ahead other,North,South East,On main c'way - not in restricted lane,Mid Junction - on roundabout or on main road,Skidded,None,Did not leave carriageway,None,Front,No,Not known,Male,NA,26 - 35,NA,Petrol,12,Data missing or out of range,Less deprived 10-20%,Small town
2018135AC1518,2018,135AC1518,1,Car,No tow/articulation,Overtaking moving vehicle - offside,South East,North West,On main c'way - not in restricted lane,Not at or within 20 metres of junction,Overturned,None,Did not leave carriageway,None,Front,No,Not known,Male,NA,21 - 25,NA,Petrol,12,Data missing or out of range,Less deprived 10-20%,Rural
2018135AC1518,2018,135AC1518,2,Car,No tow/articulation,Going ahead other,North West,South East,On main c'way - not in restricted lane,Not at or within 20 metres of junction,None,None,Did not leave carriageway,None,Front,No,Not known,Male,NA,26 - 35,NA,Heavy oil,5,Data missing or out of range,More deprived 10-20%,Urban area
2018135AC1518,2018,135AC1518,3,Goods over 3.5t. and under 7.5t,No tow/articulation,Going ahead other,South East,North West,On main c'way - not in restricted lane,Not at or within 20 metres of junction,None,None,Did not leave carriageway,None,Back,No,Not known,Not known,Data missing or out of range,Data missing or out of range,Data missing or out of range,Undefined,-1,Data missing or out of range,Data missing or out of range,Data missing or out of range
2018135AC1551,2018,135AC1551,1,Car,No tow/articulation,Turning right,North,South East,On main c'way - not in restricted lane,Approaching junction or waiting/parked at junction approach,None,None,Did not leave carriageway,None,Front,No,Not known,Male,NA,26 - 35,NA,Petrol,8,Data missing or out of range,Most deprived 10%,Urban area