accident_index,accident_year,accident_reference,vehicle_reference,vehicle_type,towing_and_articulation,vehicle_manoeuvre,vehicle_direction_from,vehicle_direction_to,vehicle_location_restricted_lane,junction_location,skidding_and_overturning,hit_object_in_carriageway,vehicle_leaving_carriageway,hit_object_off_carriageway,first_point_of_impact,vehicle_left_hand_drive,journey_purpose_of_driver,sex_of_driver,age_of_driver,age_band_of_driver,engine_capacity_cc,propulsion_code,age_of_vehicle,generic_make_model,driver_imd_decile,driver_home_area_type
2018135AC1551,2018,135AC1551,2,Car,No tow/articulation,Going ahead other,East,West,On main c'way - not in restricted lane,Approaching junction or waiting/parked at junction approach,None,None,Did not leave carriageway,None,Front,No,Not known,Male,NA,26 - 35,NA,Heavy oil,6,Data missing or out of range,Most deprived 10%,Urban area
2018135AD2194,2018,135AD2194,1,Car,No tow/articulation,Going ahead right-hand bend,South East,North West,On main c'way - not in restricted lane,Not at or within 20 metres of junction,None,None,Nearside,Wall or fence,Front,No,Not known,Male,NA,21 - 25,NA,Petrol,4,Data missing or out of range,Most deprived 10%,Rural
2018135AE0559,2018,135AE0559,1,Van / Goods 3.5 tonnes mgw or under,No tow/articulation,Going ahead other,North,South East,On main c'way - not in restricted lane,Not at or within 20 metres of junction,None,None,Did not leave carriageway,None,Front,No,Not known,Male,NA,56 - 65,NA,Heavy oil,13,Data missing or out of range,Less deprived 20-30%,Urban area
2018135AE0559,2018,135AE0559,2,Car,No tow/articulation,Going ahead other,South East,North,On main c'way - not in restricted lane,Not at or within 20 metres of junction,None,None,Did not leave carriageway,None,Front,No,Not known,Male,NA,46 - 55,NA,Heavy oil,1,Data missing or out of range,Less deprived 40-50%,Urban area
2018135AF0150,2018,135AF0150,1,Car,No tow/articulation,Going ahead other,West,East,On main c'way - not in restricted lane,Approaching junction or waiting/parked at junction approach,None,None,Did not leave carriageway,None,Front,No,Not known,Male,NA,26 - 35,NA,Petrol,14,Data missing or out of range,Most deprived 10%,Urban area
2018135AF0150,2018,135AF0150,2,Van / Goods 3.5 tonnes mgw or under,No tow/articulation,Parked,Parked,Parked,On main c'way - not in restricted lane,Approaching junction or waiting/parked at junction approach,None,None,Did not leave carriageway,None,Back,No,Not known,Not known,Data missing or out of range,Data missing or out of range,NA,Heavy oil,17,Data missing or out of range,Data missing or out of range,Data missing or out of range
2018135AF1406,2018,135AF1406,1,Car,No tow/articulation,Going ahead other,East,West,On main c'way - not in restricted lane,Approaching junction or waiting/parked at junction approach,None,None,Did not leave carriageway,None,Nearside,No,Not known,Male,Data missing or out of range,Data missing or out of range,Data missing or out of range,Undefined,-1,Data missing or out of range,Data missing or out of range,Data missing or out of range
2018135AG0578,2018,135AG0578,1,Car,No tow/articulation,Turning left,South East,North,On main c'way - not in restricted lane,Leaving roundabout,None,None,Did not leave carriageway,None,Nearside,No,Not known,Female,NA,21 - 25,NA,Petrol,6,Data missing or out of range,Less deprived 30-40%,Small town
2018135AG0578,2018,135AG0578,2,Car,No tow/articulation,Going ahead other,South East,East,On main c'way - not in restricted lane,Mid Junction - on roundabout or on main road,None,None,Did not leave carriageway,None,Offside,No,Not known,Male,NA,21 - 25,NA,Petrol,13,Data missing or out of range,Most deprived 10%,Urban area
2018135AG0935,2018,135AG0935,1,Car,No tow/articulation,Waiting to go - held up,South East,North West,On main c'way - not in restricted lane,Not at or within 20 metres of junction,None,None,Did not leave carriageway,None,Back,No,Not known,Female,NA,26 - 35,NA,Petrol,4,Data missing or out of range,More deprived 10-20%,Urban area
2018135AG0935,2018,135AG0935,2,Car,No tow/articulation,Waiting to go - held up,South East,North West,On main c'way - not in restricted lane,Not at or within 20 metres of junction,None,None,Did not leave carriageway,None,Back,No,Not known,Male,NA,56 - 65,NA,Petrol,12,Data missing or out of range,Most deprived 10%,Urban area
2018135AG0935,2018,135AG0935,3,Car,No tow/articulation,Waiting to go - held up,South East,North West,On main c'way - not in restricted lane,Not at or within 20 metres of junction,None,None,Did not leave carriageway,None,Back,No,Commuting to/from work,Male,NA,26 - 35,NA,Petrol,7,Data missing or out of range,Most deprived 10%,Urban area
2018135AG0935,2018,135AG0935,4,Car,No tow/articulation,Going ahead other,South East,North West,On main c'way - not in restricted lane,Not at or within 20 metres of junction,None,None,Did not leave carriageway,None,Front,No,Taking pupil to/from school,Female,NA,26 - 35,NA,Petrol,10,Data missing or out of range,Most deprived 10%,Urban area
2018135AG1208,2018,135AG1208,1,Car,No tow/articulation,Turning left,South East,West,On main c'way - not in restricted lane,Approaching junction or waiting/parked at junction approach,Skidded,None,Did not leave carriageway,None,Front,No,Not known,Not known,Data missing or out of range,Data missing or out of range,Data missing or out of range,Undefined,-1,Data missing or out of range,Data missing or out of range,Data missing or out of range
2018135AG1208,2018,135AG1208,2,Car,No tow/articulation,Waiting to turn right,West,South East,On main c'way - not in restricted lane,Cleared junction or waiting/parked at junction exit,None,None,Did not leave carriageway,None,Offside,No,Journey as part of work,Male,NA,26 - 35,NA,Heavy oil,14,Data missing or out of range,Most deprived 10%,Urban area
2018135AH0438,2018,135AH0438,1,Car,No tow/articulation,Overtaking static vehicle - offside,West,East,On main c'way - not in restricted lane,Approaching junction or waiting/parked at junction approach,None,None,Did not leave carriageway,None,Front,No,Not known,Female,NA,56 - 65,NA,Petrol,5,Data missing or out of range,Least deprived 10%,Urban area
2018135AH0438,2018,135AH0438,2,Pedal cycle,No tow/articulation,Going ahead other,North,South East,On main c'way - not in restricted lane,Approaching junction or waiting/parked at junction approach,Overturned,None,Did not leave carriageway,None,Offside,No,Not known,Female,NA,16 - 20,Data missing or out of range,Undefined,-1,Data missing or out of range,Data missing or out of range,Data missing or out of range
2018135AH1382,2018,135AH1382,1,Car,No tow/articulation,Going ahead other,North,South East,On main c'way - not in restricted lane,Not at or within 20 metres of junction,None,None,Did not leave carriageway,None,Front,No,Not known,Not known,Data missing or out of range,Data missing or out of range,Data missing or out of range,Undefined,-1,Data missing or out of range,Data missing or out of range,Data missing or out of range
2018135AH1382,2018,135AH1382,2,Car,No tow/articulation,Going ahead other,North,South East,On main c'way - not in restricted lane,Not at or within 20 metres of junction,None,None,Did not leave carriageway,None,Back,No,Not known,Female,NA,36 - 45,NA,Petrol,10,Data missing or out of range,Most deprived 10%,Urban area
2018135AH1424,2018,135AH1424,1,Car,No tow/articulation,Going ahead other,South West,North East,On main c'way - not in restricted lane,Cleared junction or waiting/parked at junction exit,None,None,Did not leave carriageway,None,Front,No,Not known,Female,NA,36 - 45,NA,Heavy oil,3,Data missing or out of range,More deprived 10-20%,Urban area
2018135AH1444,2018,135AH1444,1,Car,No tow/articulation,Turning right,South West,North West,On main c'way - not in restricted lane,Entering main road,None,None,Did not leave carriageway,None,Front,No,Not known,Female,NA,26 - 35,NA,Petrol,3,Data missing or out of range,More deprived 40-50%,Urban area
2018135AH1444,2018,135AH1444,2,Motorcycle over 500cc,No tow/articulation,Going ahead other,North West,South East,On main c'way - not in restricted lane,Mid Junction - on roundabout or on main road,Skidded and overturned,None,Did not leave carriageway,None,Front,No,Commuting to/from work,Male,NA,26 - 35,NA,Petrol,12,Data missing or out of range,Less deprived 30-40%,Urban area
2018135AH1511,2018,135AH1511,1,Car,No tow/articulation,Going ahead other,South West,North East,On main c'way - not in restricted lane,Not at or within 20 metres of junction,None,None,Did not leave carriageway,None,Front,No,Not known,Male,NA,21 - 25,NA,Petrol,9,Data missing or out of range,More deprived 40-50%,Urban area
2018135AH1511,2018,135AH1511,2,Car,No tow/articulation,Going ahead other,South West,North East,Leaving lay-by or hard shoulder,Not at or within 20 metres of junction,None,None,Did not leave carriageway,None,Back,No,Not known,Male,NA,36 - 45,NA,Heavy oil,10,Data missing or out of range,Less deprived 30-40%,Urban area
2018135AH2231,2018,135AH2231,1,Van / Goods 3.5 tonnes mgw or under,No tow/articulation,Slowing or stopping,South East,North West,On main c'way - not in restricted lane,Not at or within 20 metres of junction,None,None,Did not leave carriageway,None,Front,No,Not known,Male,Data missing or out of range,Data missing or out of range,NA,Heavy oil,2,Data missing or out of range,Data missing or out of range,Data missing or out of range
2018135AH2231,2018,135AH2231,2,Car,No tow/articulation,Waiting to go - held up,South East,North West,On main c'way - not in restricted lane,Not at or within 20 metres of junction,None,None,Did not leave carriageway,None,Back,No,Not known,Female,NA,46 - 55,NA,Petrol,11,Data missing or out of range,Most deprived 10%,Urban area
2018135AI0459,2018,135AI0459,1,Motorcycle over 500cc,No tow/articulation,Going ahead other,North,South East,On main c'way - not in restricted lane,Mid Junction - on roundabout or on main road,Skidded,Parked vehicle,Did not leave carriageway,None,Front,No,Commuting to/from work,Male,NA,46 - 55,NA,Petrol,5,Data missing or out of range,More deprived 10-20%,Urban area
2018135AI0459,2018,135AI0459,2,Car,No tow/articulation,Turning right,West,South East,On main c'way - not in restricted lane,Mid Junction - on roundabout or on main road,None,None,Did not leave carriageway,None,Back,No,Not known,Female,NA,46 - 55,NA,Petrol,15,Data missing or out of range,Most deprived 10%,Urban area
2018135AI0459,2018,135AI0459,3,Car,No tow/articulation,Parked,Parked,Parked,On main c'way - not in restricted lane,Cleared junction or waiting/parked at junction exit,None,None,Did not leave carriageway,None,Back,No,Not known,Not known,Data missing or out of range,Data missing or out of range,NA,Heavy oil,5,Data missing or out of range,Data missing or out of range,Data missing or out of range
2018135AI0548,2018,135AI0548,1,Car,No tow/articulation,Going ahead other,South East,North,On main c'way - not in restricted lane,Mid Junction - on roundabout or on main road,None,None,Did not leave carriageway,None,Front,No,Not known,Female,NA,16 - 20,NA,Petrol,10,Data missing or out of range,More deprived 20-30%,Urban area
2018135AI0548,2018,135AI0548,2,Car,No tow/articulation,Going ahead other,East,West,On main c'way - not in restricted lane,Entering roundabout,None,None,Did not leave carriageway,None,Nearside,No,Not known,Male,NA,21 - 25,NA,Heavy oil,11,Data missing or out of range,Less deprived 40-50%,Urban area
2018135AI1269,2018,135AI1269,1,Car,No tow/articulation,Going ahead other,East,West,On main c'way - not in restricted lane,Mid Junction - on roundabout or on main road,None,None,Did not leave carriageway,None,Nearside,No,Not known,Not known,Data missing or out of range,Data missing or out of range,Data missing or out of range,Undefined,-1,Data missing or out of range,Data missing or out of range,Data missing or out of range
2018135AI1374,2018,135AI1374,1,Car,No tow/articulation,Slowing or stopping,South East,North,On main c'way - not in restricted lane,Approaching junction or waiting/parked at junction approach,None,None,Did not leave carriageway,None,Offside,No,Journey as part of work,Female,NA,46 - 55,NA,Heavy oil,2,Data missing or out of range,Most deprived 10%,Urban area
2018135AJ0263,2018,135AJ0263,1,Car,No tow/articulation,Turning right,South West,North East,On main c'way - not in restricted lane,Mid Junction - on roundabout or on main road,None,None,Did not leave carriageway,None,Nearside,No,Not known,Male,NA,66 - 75,NA,Petrol,16,Data missing or out of range,More deprived 20-30%,Urban area
2018135AJ0263,2018,135AJ0263,2,Pedal cycle,No tow/articulation,Going ahead other,North West,South East,On main c'way - not in restricted lane,Mid Junction - on roundabout or on main road,None,None,Did not leave carriageway,None,Front,No,Commuting to/from work,Male,NA,36 - 45,Data missing or out of range,Undefined,-1,Data missing or out of range,Less deprived 10-20%,Urban area
2018135AJ0503,2018,135AJ0503,1,Van / Goods 3.5 tonnes mgw or under,No tow/articulation,Slowing or stopping,South West,North East,On main c'way - not in restricted lane,Approaching junction or waiting/parked at junction approach,None,None,Did not leave carriageway,None,Front,No,Journey as part of work,Male,NA,46 - 55,NA,Heavy oil,9,Data missing or out of range,More deprived 30-40%,Urban area
2018135AJ0503,2018,135AJ0503,2,Car,No tow/articulation,Waiting to go - held up,South West,North East,On main c'way - not in restricted lane,Mid Junction - on roundabout or on main road,None,None,Did not leave carriageway,None,Back,No,Not known,Male,NA,46 - 55,NA,Petrol,15,Data missing or out of range,Most deprived 10%,Urban area
2018135AJ0503,2018,135AJ0503,3,Car,No tow/articulation,Waiting to go - held up,South West,North East,On main c'way - not in restricted lane,Mid Junction - on roundabout or on main road,None,None,Did not leave carriageway,None,Back,No,Commuting to/from work,Female,NA,36 - 45,NA,Petrol,7,Data missing or out of range,More deprived 30-40%,Urban area
2018135AJ0587,2018,135AJ0587,1,Motorcycle 125cc and under,No tow/articulation,Going ahead other,West,East,On main c'way - not in restricted lane,Not at or within 20 metres of junction,None,Parked vehicle,Did not leave carriageway,None,Front,No,Not known,Male,NA,26 - 35,NA,Petrol,13,Data missing or out of range,More deprived 20-30%,Urban area
2018135AJ0587,2018,135AJ0587,2,Goods over 3.5t. and under 7.5t,No tow/articulation,Parked,Parked,Parked,On main c'way - not in restricted lane,Not at or within 20 metres of junction,None,None,Did not leave carriageway,None,Back,No,Journey as part of work,Male,NA,36 - 45,NA,Heavy oil,6,Data missing or out of range,More deprived 30-40%,Small town
2018135AJ0695,2018,135AJ0695,1,Car,No tow/articulation,Turning left,North East,South West,On main c'way - not in restricted lane,Cleared junction or waiting/parked at junction exit,None,None,Did not leave carriageway,None,Nearside,No,Not known,Male,NA,46 - 55,NA,Petrol,12,Data missing or out of range,Most deprived 10%,Urban area
2018135AJ0695,2018,135AJ0695,2,Pedal cycle,No tow/articulation,Going ahead other,South East,North West,On main c'way - not in restricted lane,Cleared junction or waiting/parked at junction exit,None,None,Did not leave carriageway,None,Front,No,Not known,Male,NA,36 - 45,Data missing or out of range,Undefined,-1,Data missing or out of range,Most deprived 10%,Urban area
2018135AJ1161,2018,135AJ1161,1,Car,No tow/articulation,Going ahead other,South West,North East,On main c'way - not in restricted lane,Not at or within 20 metres of junction,None,None,Did not leave carriageway,None,Front,No,Not known,Female,NA,36 - 45,NA,Heavy oil,7,Data missing or out of range,More deprived 20-30%,Urban area
2018135AJ1161,2018,135AJ1161,2,Car,No tow/articulation,Going ahead other,South West,North East,On main c'way - not in restricted lane,Not at or within 20 metres of junction,None,None,Did not leave carriageway,None,Back,No,Not known,Female,NA,26 - 35,NA,Petrol,5,Data missing or out of range,Least deprived 10%,Urban area
2018135AJ1884,2018,135AJ1884,1,Car,No tow/articulation,Overtaking static vehicle - offside,West,East,On main c'way - not in restricted lane,Not at or within 20 metres of junction,None,None,Did not leave carriageway,None,Offside,No,Not known,Female,NA,36 - 45,NA,Heavy oil,4,Data missing or out of range,More deprived 20-30%,Urban area
2018135AK0773,2018,135AK0773,1,Car,No tow/articulation,Turning right,South East,North East,On main c'way - not in restricted lane,Mid Junction - on roundabout or on main road,None,None,Did not leave carriageway,None,Nearside,No,Not known,Male,NA,21 - 25,NA,Petrol,8,Data missing or out of range,Data missing or out of range,Data missing or out of range
2018135AK0773,2018,135AK0773,2,Taxi/Private hire car,No tow/articulation,Going ahead other,North West,South East,On main c'way - not in restricted lane,Mid Junction - on roundabout or on main road,None,None,Did not leave carriageway,None,Front,No,Journey as part of work,Male,NA,36 - 45,NA,Heavy oil,0,Data missing or out of range,More deprived 10-20%,Urban area
2018135AK1029,2018,135AK1029,1,Car,No tow/articulation,Going ahead other,South West,North East,On main c'way - not in restricted lane,Mid Junction - on roundabout or on main road,None,None,Did not leave carriageway,None,Front,No,Not known,Male,NA,36 - 45,NA,Heavy oil,14,Data missing or out of range,Most deprived 10%,Urban area
2018135AK1029,2018,135AK1029,2,Car,No tow/articulation,Turning right,North,South West,On main c'way - not in restricted lane,Mid Junction - on roundabout or on main road,None,None,Did not leave carriageway,None,Front,No,Not known,Female,NA,21 - 25,NA,Heavy oil,1,Data missing or out of range,More deprived 40-50%,Urban area
2018135AK1122,2018,135AK1122,1,Car,No tow/articulation,Going ahead other,East,West,On main c'way - not in restricted lane,Mid Junction - on roundabout or on main road,None,None,Nearside and rebounded,Wall or fence,Front,No,Not known,Female,NA,21 - 25,NA,Petrol,4,Data missing or out of range,More deprived 40-50%,Urban area
2018135AK1122,2018,135AK1122,2,Car,No tow/articulation,Going ahead other,North West,South East,On main c'way - not in restricted lane,Mid Junction - on roundabout or on main road,None,Kerb,Offside,Wall or fence,Nearside,No,Not known,Female,NA,21 - 25,NA,Petrol,9,Data missing or out of range,Most deprived 10%,Urban area
2018135AK1323,2018,135AK1323,1,Car,No tow/articulation,Turning left,East,West,On main c'way - not in restricted lane,Entering main road,None,None,Did not leave carriageway,None,Back,No,Not known,Male,Data missing or out of range,Data missing or out of range,Data missing or out of range,Undefined,-1,Data missing or out of range,Data missing or out of range,Data missing or out of range
2018135AK1536,2018,135AK1536,1,Car,No tow/articulation,U-turn,West,West,On main c'way - not in restricted lane,Not at or within 20 metres of junction,None,None,Did not leave carriageway,None,Offside,No,Not known,Female,NA,36 - 45,NA,Petrol,12,Data missing or out of range,More deprived 10-20%,Urban area
2018135AK1536,2018,135AK1536,2,Motorcycle 50cc and under,No tow/articulation,Going ahead other,West,East,On main c'way - not in restricted lane,Not at or within 20 metres of junction,None,None,Did not leave carriageway,None,Front,No,Not known,Male,NA,16 - 20,NA,Petrol,6,Data missing or out of range,More deprived 40-50%,Urban area
2018135AK1731,2018,135AK1731,1,Taxi/Private hire car,No tow/articulation,Turning right,South East,East,On main c'way - not in restricted lane,Entering main road,None,None,Did not leave carriageway,None,Offside,No,Not known,Male,NA,26 - 35,NA,Heavy oil,7,Data missing or out of range,Most deprived 10%,Urban area
2018135AK1854,2018,135AK1854,1,Car,No tow/articulation,Going ahead other,North East,East,On main c'way - not in restricted lane,Leaving main road,None,None,Did not leave carriageway,None,Offside,No,Not known,Not known,Data missing or out of range,Data missing or out of range,Data missing or out of range,Undefined,-1,Data missing or out of range,Data missing or out of range,Data missing or out of range
2018135AL1749,2018,135AL1749,1,Car,No tow/articulation,Going ahead other,West,East,On main c'way - not in restricted lane,Mid Junction - on roundabout or on main road,None,None,Did not leave carriageway,None,Front,No,Not known,Male,Data missing or out of range,Data missing or out of range,NA,Heavy oil,9,Data missing or out of range,Data missing or out of range,Data missing or out of range
2018135AL1749,2018,135AL1749,2,Car,No tow/articulation,Going ahead other,West,East,On main c'way - not in restricted lane,Mid Junction - on roundabout or on main road,None,None,Did not leave carriageway,None,Front,No,Not known,Male,NA,56 - 65,NA,Petrol,14,Data missing or out of range,Most deprived 10%,Urban area
2018135AM0659,2018,135AM0659,1,Bus or coach (17 or more pass seats),No tow/articulation,Turning right,South East,East,On main c'way - not in restricted lane,Approaching junction or waiting/parked at junction approach,None,None,Did not leave carriageway,None,Front,No,Journey as part of work,Male,NA,46 - 55,NA,Heavy oil,13,Data missing or out of range,Most deprived 10%,Urban area
2018135AM0659,2018,135AM0659,2,Taxi/Private hire car,No tow/articulation,Going ahead other,East,West,On main c'way - not in restricted lane,Mid Junction - on roundabout or on main road,None,None,Straight ahead at junction,Other permanent object,Nearside,No,Journey as part of work,Male,NA,26 - 35,NA,Heavy oil,5,Data missing or out of range,More deprived 10-20%,Urban area
2018135AM1056,2018,135AM1056,1,Car,No tow/articulation,Turning left,East,South East,On main c'way - not in restricted lane,Approaching junction or waiting/parked at junction approach,None,None,Did not leave carriageway,None,Front,No,Not known,Male,Data missing or out of range,Data missing or out of range,NA,Heavy oil,13,Data missing or out of range,Data missing or out of range,Data missing or out of range
2018135AM1056,2018,135AM1056,2,Car,No tow/articulation,Turning right,South East,East,On main c'way - not in restricted lane,Approaching junction or waiting/parked at junction approach,None,None,Did not leave carriageway,None,Front,No,Not known,Female,NA,36 - 45,NA,Heavy oil,14,Data missing or out of range,Most deprived 10%,Urban area
2018135AN1445,2018,135AN1445,1,Taxi/Private hire car,No tow/articulation,Moving off,West,East,On main c'way - not in restricted lane,Approaching junction or waiting/parked at junction approach,None,None,Did not leave carriageway,None,Front,No,Journey as part of work,Male,NA,26 - 35,NA,Heavy oil,6,Data missing or out of range,Data missing or out of range,Data missing or out of range
2018135AN1445,2018,135AN1445,2,Pedal cycle,No tow/articulation,Going ahead other,South East,North,On main c'way - not in restricted lane,Approaching junction or waiting/parked at junction approach,None,None,Did not leave carriageway,None,Did not impact,No,Not known,Male,NA,16 - 20,Data missing or out of range,Undefined,-1,Data missing or out of range,Less deprived 40-50%,Urban area
2018135AP1062,2018,135AP1062,1,Van / Goods 3.5 tonnes mgw or under,No tow/articulation,Slowing or stopping,North,South East,On main c'way - not in restricted lane,Not at or within 20 metres of junction,None,None,Did not leave carriageway,None,Front,No,Not known,Male,NA,36 - 45,NA,Heavy oil,14,Data missing or out of range,Less deprived 20-30%,Urban area
2018135AP1062,2018,135AP1062,2,Car,No tow/articulation,Slowing or stopping,North,South East,On main c'way - not in restricted lane,Not at or within 20 metres of junction,None,None,Did not leave carriageway,None,Back,No,Not known,Female,NA,21 - 25,NA,Petrol,13,Data missing or out of range,More deprived 40-50%,Urban area
2018135AP1318,2018,135AP1318,1,Motorcycle over 500cc,No tow/articulation,Going ahead other,North,South East,On main c'way - not in restricted lane,Not at or within 20 metres of junction,None,None,Did not leave carriageway,None,Front,No,Not known,Male,NA,26 - 35,NA,Petrol,15,Data missing or out of range,Most deprived 10%,Urban area
2018135AP1318,2018,135AP1318,2,Van / Goods 3.5 tonnes mgw or under,No tow/articulation,Parked,Parked,Parked,On main c'way - not in restricted lane,Not at or within 20 metres of junction,None,None,Did not leave carriageway,None,Front,No,Commuting to/from work,Male,NA,36 - 45,NA,Heavy oil,3,Data missing or out of range,Most deprived 10%,Urban area
2018135AP1463,2018,135AP1463,1,Car,No tow/articulation,Going ahead other,East,West,On main c'way - not in restricted lane,Not at or within 20 metres of junction,None,None,Did not leave carriageway,None,Back,No,Not known,Male,NA,46 - 55,NA,Petrol,13,Data missing or out of range,More deprived 40-50%,Urban area
2018135AP1463,2018,135AP1463,2,Car,No tow/articulation,Going ahead other,East,West,On main c'way - not in restricted lane,Not at or within 20 metres of junction,None,None,Did not leave carriageway,None,Front,No,Not known,Male,NA,21 - 25,NA,Heavy oil,6,Data missing or out of range,More deprived 40-50%,Urban area
2018135AP1550,2018,135AP1550,1,Car,No tow/articulation,Going ahead other,North West,South East,On main c'way - not in restricted lane,Not at or within 20 metres of junction,None,None,Did not leave carriageway,None,Front,No,Not known,Female,NA,21 - 25,NA,Petrol,11,Data missing or out of range,More deprived 10-20%,Urban area
2018135AQ0290,2018,135AQ0290,1,Car,No tow/articulation,Going ahead right-hand bend,South West,East,On main c'way - not in restricted lane,Mid Junction - on roundabout or on main road,None,None,Nearside,Bus stop or bus shelter,Nearside,No,Commuting to/from work,Female,NA,21 - 25,NA,Petrol,10,Data missing or out of range,More deprived 30-40%,Urban area
2018135AQ1014,2018,135AQ1014,1,Car,No tow/articulation,Going ahead other,North East,South West,On main c'way - not in restricted lane,Not at or within 20 metres of junction,None,None,Did not leave carriageway,None,Front,No,Not known,Male,NA,16 - 20,NA,Heavy oil,4,Data missing or out of range,Most deprived 10%,Urban area
2018135AQ1014,2018,135AQ1014,2,Car,No tow/articulation,Going ahead other,North East,South West,On main c'way - not in restricted lane,Not at or within 20 metres of junction,None,None,Did not leave carriageway,None,Back,No,Journey as part of work,Male,NA,46 - 55,Data missing or out of range,Undefined,-1,Data missing or out of range,Most deprived 10%,Urban area
2018135AQ1014,2018,135AQ1014,3,Car,No tow/articulation,Changing lane to right,North East,South West,On main c'way - not in restricted lane,Not at or within 20 metres of junction,None,None,Did not leave carriageway,None,Offside,No,Journey as part of work,Male,NA,36 - 45,NA,Heavy oil,0,Data missing or out of range,Most deprived 10%,Urban area
2018135AQ1763,2018,135AQ1763,1,Car,No tow/articulation,Going ahead other,South East,North,On main c'way - not in restricted lane,Not at or within 20 metres of junction,None,None,Did not leave carriageway,None,Nearside,No,Not known,Male,NA,21 - 25,NA,Heavy oil,15,Data missing or out of range,Less deprived 20-30%,Urban area
2018135AQ1865,2018,135AQ1865,1,Car,No tow/articulation,Turning right,West,East,On main c'way - not in restricted lane,Approaching junction or waiting/parked at junction approach,None,None,Did not leave carriageway,None,Front,No,Not known,Male,NA,66 - 75,NA,Petrol,14,Data missing or out of range,Most deprived 10%,Urban area
2018135AQ1865,2018,135AQ1865,2,Car,No tow/articulation,Going ahead other,East,West,On main c'way - not in restricted lane,Approaching junction or waiting/parked at junction approach,None,None,Nearside,None,Front,No,Not known,Male,NA,26 - 35,NA,Petrol,14,Data missing or out of range,Most deprived 10%,Urban area
2018135AQ1865,2018,135AQ1865,3,Taxi/Private hire car,No tow/articulation,Going ahead other,West,East,On main c'way - not in restricted lane,Approaching junction or waiting/parked at junction approach,None,None,Did not leave carriageway,None,Offside,No,Not known,Male,NA,36 - 45,NA,Heavy oil,10,Data missing or out of range,Most deprived 10%,Urban area
2018135AQ1865,2018,135AQ1865,4,Car,No tow/articulation,Parked,Parked,Parked,Footway (pavement),Approaching junction or waiting/parked at junction approach,None,None,Did not leave carriageway,None,Nearside,No,Not known,Male,NA,46 - 55,Data missing or out of range,Undefined,-1,Data missing or out of range,More deprived 20-30%,Urban area
2018135AR0747,2018,135AR0747,1,Car,No tow/articulation,Turning left,East,South West,On main c'way - not in restricted lane,Mid Junction - on roundabout or on main road,None,None,Did not leave carriageway,None,Nearside,No,Journey as part of work,Male,Data missing or out of range,Data missing or out of range,NA,Heavy oil,3,Data missing or out of range,Most deprived 10%,Urban area
2018135AR0747,2018,135AR0747,2,Bus or coach (17 or more pass seats),No tow/articulation,Going ahead other,East,West,On main c'way - not in restricted lane,Mid Junction - on roundabout or on main road,None,None,Did not leave carriageway,None,Offside,No,Journey as part of work,Male,NA,46 - 55,NA,Heavy oil,14,Data missing or out of range,Most deprived 10%,Urban area
2018135AR0812,2018,135AR0812,1,Car,No tow/articulation,Going ahead other,East,West,On main c'way - not in restricted lane,Mid Junction - on roundabout or on main road,None,None,Did not leave carriageway,None,Offside,No,Not known,Male,NA,36 - 45,NA,Heavy oil,17,Data missing or out of range,Most deprived 10%,Urban area
2018135AR0812,2018,135AR0812,2,Pedal cycle,No tow/articulation,Turning right,North,West,On main c'way - not in restricted lane,Mid Junction - on roundabout or on main road,None,None,Did not leave carriageway,None,Nearside,No,Not known,Male,NA,16 - 20,Data missing or out of range,Undefined,-1,Data missing or out of range,Most deprived 10%,Urban area
2018135AS0459,2018,135AS0459,1,Car,No tow/articulation,Going ahead other,South East,North,On main c'way - not in restricted lane,Approaching junction or waiting/parked at junction approach,Skidded and overturned,Kerb,Nearside,Wall or fence,Nearside,No,Not known,Male,NA,26 - 35,NA,Petrol,15,Data missing or out of range,Less deprived 40-50%,Urban area
2018135AS1987,2018,135AS1987,1,Car,No tow/articulation,Reversing,South East,North West,Footway (pavement),Not at or within 20 metres of junction,None,None,Did not leave carriageway,None,Back,No,Not known,Male,Data missing or out of range,Data missing or out of range,Data missing or out of range,Undefined,-1,Data missing or out of range,Data missing or out of range,Data missing or out of range
2018135AT0160,2018,135AT0160,1,Motorcycle over 500cc,No tow/articulation,Going ahead other,North East,South West,On main c'way - not in restricted lane,Not at or within 20 metres of junction,Skidded,None,Did not leave carriageway,None,Did not impact,No,Journey as part of work,Male,NA,26 - 35,NA,Petrol,25,Data missing or out of range,More deprived 10-20%,Urban area
2018135AT0357,2018,135AT0357,1,Van / Goods 3.5 tonnes mgw or under,No tow/articulation,Going ahead other,South East,North,On main c'way - not in restricted lane,Not at or within 20 metres of junction,Skidded,None,Did not leave carriageway,None,Front,No,Journey as part of work,Male,NA,46 - 55,NA,Heavy oil,0,Data missing or out of range,Less deprived 20-30%,Urban area
2018135AT0357,2018,135AT0357,2,Car,No tow/articulation,Waiting to go - held up,Parked,Parked,On main c'way - not in restricted lane,Not at or within 20 metres of junction,None,None,Did not leave carriageway,None,Back,No,Commuting to/from work,Female,NA,46 - 55,NA,Petrol,0,Data missing or out of range,More deprived 30-40%,Urban area
2018135AT0357,2018,135AT0357,3,Car,No tow/articulation,Waiting to go - held up,Parked,Parked,On main c'way - not in restricted lane,Not at or within 20 metres of junction,None,None,Did not leave carriageway,None,Back,No,Commuting to/from work,Female,NA,26 - 35,NA,Heavy oil,9,Data missing or out of range,More deprived 20-30%,Urban area