accident_index,accident_year,accident_reference,vehicle_reference,vehicle_type,towing_and_articulation,vehicle_manoeuvre,vehicle_direction_from,vehicle_direction_to,vehicle_location_restricted_lane,junction_location,skidding_and_overturning,hit_object_in_carriageway,vehicle_leaving_carriageway,hit_object_off_carriageway,first_point_of_impact,vehicle_left_hand_drive,journey_purpose_of_driver,sex_of_driver,age_of_driver,age_band_of_driver,engine_capacity_cc,propulsion_code,age_of_vehicle,generic_make_model,driver_imd_decile,driver_home_area_type
2018135AT1437,2018,135AT1437,1,Car,No tow/articulation,Going ahead other,North West,South East,On main c'way - not in restricted lane,Not at or within 20 metres of junction,None,None,Did not leave carriageway,None,Front,No,Not known,Male,NA,21 - 25,NA,Hybrid electric,10,Data missing or out of range,Less deprived 20-30%,Urban area
2018135AV0672,2018,135AV0672,1,Car,No tow/articulation,Moving off,South East,North,On main c'way - not in restricted lane,Approaching junction or waiting/parked at junction approach,None,None,Did not leave carriageway,None,Front,No,Not known,Male,NA,56 - 65,NA,Heavy oil,19,Data missing or out of range,Least deprived 10%,Rural
2018135AV0672,2018,135AV0672,2,Car,No tow/articulation,Going ahead right-hand bend,North,West,On main c'way - not in restricted lane,Approaching junction or waiting/parked at junction approach,None,None,Did not leave carriageway,None,Front,No,Journey as part of work,Female,NA,26 - 35,NA,Petrol,11,Data missing or out of range,Most deprived 10%,Urban area
2018135B11245,2018,135B11245,1,Bus or coach (17 or more pass seats),No tow/articulation,Turning right,North,East,On main c'way - not in restricted lane,Leaving main road,None,None,Did not leave carriageway,None,Nearside,No,Journey as part of work,Male,NA,21 - 25,NA,Heavy oil,14,Data missing or out of range,Less deprived 20-30%,Urban area
2018135B20338,2018,135B20338,1,Car,No tow/articulation,Going ahead other,North,South East,On main c'way - not in restricted lane,Not at or within 20 metres of junction,None,None,Did not leave carriageway,None,Front,No,Not known,Female,NA,36 - 45,NA,Heavy oil,11,Data missing or out of range,Less deprived 20-30%,Urban area
2018135B20338,2018,135B20338,2,Car,No tow/articulation,Going ahead other,South East,North,On main c'way - not in restricted lane,Not at or within 20 metres of junction,None,None,Did not leave carriageway,None,Front,No,Not known,Male,NA,26 - 35,NA,Petrol,12,Data missing or out of range,Less deprived 20-30%,Urban area
2018135B20752,2018,135B20752,1,Car,No tow/articulation,Going ahead other,West,East,On main c'way - not in restricted lane,Not at or within 20 metres of junction,None,None,Did not leave carriageway,None,Nearside,No,Not known,Male,NA,21 - 25,NA,Heavy oil,6,Data missing or out of range,Less deprived 20-30%,Urban area
2018135B21626,2018,135B21626,1,Taxi/Private hire car,No tow/articulation,Turning right,South East,East,On main c'way - not in restricted lane,Leaving main road,None,None,Did not leave carriageway,None,Front,No,Not known,Male,NA,36 - 45,NA,Heavy oil,7,Data missing or out of range,Data missing or out of range,Data missing or out of range
2018135B21852,2018,135B21852,1,Car,No tow/articulation,Going ahead other,North,South East,On main c'way - not in restricted lane,Not at or within 20 metres of junction,None,None,Did not leave carriageway,None,Front,No,Not known,Male,NA,56 - 65,NA,Heavy oil,5,Data missing or out of range,Most deprived 10%,Urban area
2018135B30040,2018,135B30040,1,Car,No tow/articulation,Going ahead other,North West,South East,On main c'way - not in restricted lane,Approaching junction or waiting/parked at junction approach,None,None,Did not leave carriageway,None,Did not impact,No,Journey as part of work,Male,NA,36 - 45,NA,Petrol,17,Data missing or out of range,Data missing or out of range,Data missing or out of range
2018135B30040,2018,135B30040,2,Car,No tow/articulation,Going ahead other,North West,South East,On main c'way - not in restricted lane,Mid Junction - on roundabout or on main road,None,None,Nearside,Wall or fence,Front,No,Not known,Male,NA,36 - 45,NA,Heavy oil,2,Data missing or out of range,Data missing or out of range,Data missing or out of range
2018135B30040,2018,135B30040,3,Car,No tow/articulation,Going ahead other,North East,South West,On main c'way - not in restricted lane,Mid Junction - on roundabout or on main road,Skidded,None,Did not leave carriageway,None,Back,No,Journey as part of work,Male,NA,36 - 45,NA,Heavy oil,3,Data missing or out of range,Data missing or out of range,Data missing or out of range
2018135B30609,2018,135B30609,1,Car,No tow/articulation,Going ahead other,South West,North East,On main c'way - not in restricted lane,Not at or within 20 metres of junction,None,None,Did not leave carriageway,None,Nearside,No,Not known,Male,Data missing or out of range,Data missing or out of range,Data missing or out of range,Undefined,-1,Data missing or out of range,Data missing or out of range,Data missing or out of range
2018135B30609,2018,135B30609,2,Pedal cycle,No tow/articulation,Going ahead other,South East,North,Cycleway or shared use footway (not part of  main carriageway),Not at or within 20 metres of junction,None,None,Did not leave carriageway,None,Front,No,Not known,Male,NA,56 - 65,Data missing or out of range,Undefined,-1,Data missing or out of range,More deprived 30-40%,Urban area
2018135B31558,2018,135B31558,1,Car,No tow/articulation,Going ahead other,North West,South East,On main c'way - not in restricted lane,Not at or within 20 metres of junction,None,None,Did not leave carriageway,None,Front,No,Not known,Female,NA,Over 75,NA,Petrol,3,Data missing or out of range,More deprived 30-40%,Small town
2018135B31558,2018,135B31558,2,Car,No tow/articulation,Going ahead other,South East,North West,On main c'way - not in restricted lane,Not at or within 20 metres of junction,None,None,Did not leave carriageway,None,Front,No,Not known,Male,NA,Over 75,NA,Heavy oil,8,Data missing or out of range,Less deprived 40-50%,Small town
2018135B40734,2018,135B40734,1,Car,No tow/articulation,Waiting to go - held up,Parked,Parked,On main c'way - not in restricted lane,Approaching junction or waiting/parked at junction approach,None,None,Did not leave carriageway,None,Back,No,Not known,Female,NA,36 - 45,NA,Heavy oil,2,Data missing or out of range,Least deprived 10%,Urban area
2018135B40734,2018,135B40734,2,Van / Goods 3.5 tonnes mgw or under,No tow/articulation,Going ahead other,South West,North East,On main c'way - not in restricted lane,Approaching junction or waiting/parked at junction approach,None,None,Did not leave carriageway,None,Front,No,Journey as part of work,Male,NA,36 - 45,NA,Heavy oil,2,Data missing or out of range,Less deprived 30-40%,Urban area
2018135B51375,2018,135B51375,1,Car,No tow/articulation,Turning left,South East,South West,On main c'way - not in restricted lane,Mid Junction - on roundabout or on main road,None,None,Did not leave carriageway,None,Nearside,No,Not known,Male,NA,46 - 55,NA,Heavy oil,1,Data missing or out of range,More deprived 20-30%,Urban area
2018135B51375,2018,135B51375,2,Pedal cycle,No tow/articulation,Going ahead other,South East,North West,On main c'way - not in restricted lane,Mid Junction - on roundabout or on main road,None,None,Did not leave carriageway,None,Front,No,Not known,Male,NA,56 - 65,Data missing or out of range,Undefined,-1,Data missing or out of range,Most deprived 10%,Urban area
2018135B52264,2018,135B52264,1,Van / Goods 3.5 tonnes mgw or under,No tow/articulation,Turning right,North East,North West,On main c'way - not in restricted lane,Entering main road,None,None,Did not leave carriageway,None,Did not impact,No,Not known,Male,NA,26 - 35,NA,Heavy oil,13,Data missing or out of range,Most deprived 10%,Urban area
2018135B61071,2018,135B61071,1,Car,No tow/articulation,Going ahead other,South East,North,On main c'way - not in restricted lane,Entering main road,None,None,Did not leave carriageway,None,Offside,No,Not known,Female,NA,56 - 65,NA,Petrol,11,Data missing or out of range,Most deprived 10%,Urban area
2018135B61071,2018,135B61071,2,Car,No tow/articulation,Going ahead other,South East,North,On main c'way - not in restricted lane,Entering main road,None,None,Did not leave carriageway,None,Nearside,No,Not known,Not known,NA,21 - 25,Data missing or out of range,Undefined,-1,Data missing or out of range,Data missing or out of range,Data missing or out of range
2018135B71386,2018,135B71386,1,Van / Goods 3.5 tonnes mgw or under,No tow/articulation,Waiting to go - held up,South West,North East,On main c'way - not in restricted lane,Not at or within 20 metres of junction,None,None,Did not leave carriageway,None,Did not impact,No,Not known,Not known,Data missing or out of range,Data missing or out of range,Data missing or out of range,Undefined,-1,Data missing or out of range,Data missing or out of range,Data missing or out of range
2018135B71386,2018,135B71386,2,Car,No tow/articulation,Overtaking - nearside,South West,North East,On main c'way - not in restricted lane,Not at or within 20 metres of junction,None,None,Did not leave carriageway,None,Front,No,Taking pupil to/from school,Male,NA,16 - 20,NA,Petrol,8,Data missing or out of range,More deprived 40-50%,Urban area
2018135B80257,2018,135B80257,1,Van / Goods 3.5 tonnes mgw or under,No tow/articulation,Turning left,East,South East,On main c'way - not in restricted lane,Entering main road,None,None,Did not leave carriageway,None,Front,No,Journey as part of work,Male,NA,26 - 35,NA,Heavy oil,3,Data missing or out of range,More deprived 20-30%,Urban area
2018135B80257,2018,135B80257,2,Bus or coach (17 or more pass seats),No tow/articulation,Going ahead other,South East,North,On main c'way - not in restricted lane,Mid Junction - on roundabout or on main road,None,None,Did not leave carriageway,None,Offside,No,Journey as part of work,Male,NA,46 - 55,NA,Heavy oil,10,Data missing or out of range,Most deprived 10%,Urban area
2018135B80821,2018,135B80821,1,Car,No tow/articulation,Slowing or stopping,South East,North,On main c'way - not in restricted lane,Approaching junction or waiting/parked at junction approach,None,None,Did not leave carriageway,None,Front,No,Not known,Female,NA,36 - 45,NA,Heavy oil,6,Data missing or out of range,More deprived 20-30%,Small town
2018135B80821,2018,135B80821,2,Car,No tow/articulation,Slowing or stopping,South East,North,On main c'way - not in restricted lane,Approaching junction or waiting/parked at junction approach,None,None,Did not leave carriageway,None,Back,No,Not known,Male,NA,26 - 35,NA,Petrol,11,Data missing or out of range,More deprived 10-20%,Urban area
2018135B80821,2018,135B80821,3,Car,No tow/articulation,Slowing or stopping,South East,North,On main c'way - not in restricted lane,Approaching junction or waiting/parked at junction approach,None,None,Did not leave carriageway,None,Back,No,Not known,Female,NA,46 - 55,Data missing or out of range,Undefined,-1,Data missing or out of range,Less deprived 20-30%,Urban area
2018135B80906,2018,135B80906,1,Goods 7.5 tonnes mgw and over,No tow/articulation,Slowing or stopping,North West,South East,On main c'way - not in restricted lane,Approaching junction or waiting/parked at junction approach,None,None,Did not leave carriageway,None,Front,No,Journey as part of work,Male,NA,56 - 65,NA,Heavy oil,5,Data missing or out of range,More deprived 30-40%,Urban area
2018135B80906,2018,135B80906,2,Taxi/Private hire car,No tow/articulation,Waiting to go - held up,North West,South East,On main c'way - not in restricted lane,Approaching junction or waiting/parked at junction approach,None,None,Did not leave carriageway,None,Back,No,Journey as part of work,Male,NA,56 - 65,NA,Heavy oil,10,Data missing or out of range,Most deprived 10%,Urban area
2018135B80906,2018,135B80906,3,Car,No tow/articulation,Waiting to go - held up,North West,South East,On main c'way - not in restricted lane,Approaching junction or waiting/parked at junction approach,None,None,Did not leave carriageway,None,Back,No,Journey as part of work,Male,NA,36 - 45,NA,Petrol,13,Data missing or out of range,Most deprived 10%,Urban area
2018135B81238,2018,135B81238,1,Motorcycle 125cc and under,No tow/articulation,Slowing or stopping,East,West,On main c'way - not in restricted lane,Not at or within 20 metres of junction,None,None,Did not leave carriageway,None,Front,No,Commuting to/from work,Male,NA,21 - 25,NA,Petrol,11,Data missing or out of range,Most deprived 10%,Urban area
2018135B81238,2018,135B81238,2,Van / Goods 3.5 tonnes mgw or under,No tow/articulation,Slowing or stopping,East,West,On main c'way - not in restricted lane,Not at or within 20 metres of junction,None,None,Did not leave carriageway,None,Back,No,Commuting to/from work,Male,NA,26 - 35,NA,Heavy oil,1,Data missing or out of range,More deprived 30-40%,Urban area
2018135B90275,2018,135B90275,1,Car,No tow/articulation,Turning left,South West,North,On main c'way - not in restricted lane,Entering main road,None,None,Did not leave carriageway,None,Front,No,Commuting to/from work,Male,NA,46 - 55,NA,Petrol,14,Data missing or out of range,Less deprived 20-30%,Urban area
2018135B90275,2018,135B90275,2,Pedal cycle,No tow/articulation,Going ahead other,South East,North,On main c'way - not in restricted lane,Mid Junction - on roundabout or on main road,None,None,Did not leave carriageway,None,Nearside,No,Commuting to/from work,Male,NA,26 - 35,Data missing or out of range,Undefined,-1,Data missing or out of range,Most deprived 10%,Urban area
2018135B90303,2018,135B90303,1,Car,No tow/articulation,Going ahead other,North,South East,On main c'way - not in restricted lane,Not at or within 20 metres of junction,None,None,Did not leave carriageway,None,Nearside,No,Not known,Not known,Data missing or out of range,Data missing or out of range,Data missing or out of range,Undefined,-1,Data missing or out of range,Data missing or out of range,Data missing or out of range
2018135B90303,2018,135B90303,2,Car,No tow/articulation,Going ahead other,North,South East,On main c'way - not in restricted lane,Not at or within 20 metres of junction,None,None,Did not leave carriageway,None,Offside,No,Not known,Female,NA,46 - 55,NA,Petrol,3,Data missing or out of range,Less deprived 20-30%,Small town
2018135B90303,2018,135B90303,3,Car,No tow/articulation,Going ahead other,North,South East,On main c'way - not in restricted lane,Not at or within 20 metres of junction,None,None,Did not leave carriageway,None,Offside,No,Not known,Female,NA,56 - 65,NA,Petrol,8,Data missing or out of range,Less deprived 40-50%,Small town
2018135B90438,2018,135B90438,1,Taxi/Private hire car,No tow/articulation,Moving off,East,West,On main c'way - not in restricted lane,Entering main road,None,None,Did not leave carriageway,None,Front,No,Journey as part of work,Male,NA,56 - 65,NA,Heavy oil,6,Data missing or out of range,Most deprived 10%,Urban area
2018135B90438,2018,135B90438,2,Car,No tow/articulation,Going ahead left-hand bend,North,South West,On main c'way - not in restricted lane,Mid Junction - on roundabout or on main road,None,None,Did not leave carriageway,None,Front,No,Journey as part of work,Female,NA,21 - 25,NA,Petrol,3,Data missing or out of range,Less deprived 10-20%,Urban area
2018135B90720,2018,135B90720,1,Taxi/Private hire car,No tow/articulation,Going ahead other,South East,North,On main c'way - not in restricted lane,Mid Junction - on roundabout or on main road,None,None,Did not leave carriageway,None,Offside,No,Not known,Male,NA,26 - 35,NA,Heavy oil,1,Data missing or out of range,More deprived 20-30%,Urban area
2018135B90720,2018,135B90720,2,Car,No tow/articulation,Going ahead other,East,West,On main c'way - not in restricted lane,Mid Junction - on roundabout or on main road,None,None,Did not leave carriageway,None,Front,No,Not known,Female,NA,56 - 65,NA,Petrol,4,Data missing or out of range,Most deprived 10%,Urban area
2018135B90949,2018,135B90949,1,Car,No tow/articulation,Moving off,North East,South West,On main c'way - not in restricted lane,Entering main road,None,None,Did not leave carriageway,None,Front,No,Not known,Male,NA,66 - 75,NA,Heavy oil,4,Data missing or out of range,Most deprived 10%,Urban area
2018135B90949,2018,135B90949,2,Car,No tow/articulation,Going ahead other,East,West,On main c'way - not in restricted lane,Mid Junction - on roundabout or on main road,None,None,Did not leave carriageway,None,Nearside,No,Not known,Male,NA,21 - 25,NA,Heavy oil,6,Data missing or out of range,More deprived 20-30%,Urban area
2018135B91323,2018,135B91323,1,Car,No tow/articulation,Going ahead other,South East,North West,On main c'way - not in restricted lane,Not at or within 20 metres of junction,None,None,Did not leave carriageway,None,Front,No,Not known,Male,NA,21 - 25,NA,Heavy oil,11,Data missing or out of range,More deprived 40-50%,Urban area
2018135B91323,2018,135B91323,2,Goods 7.5 tonnes mgw and over,No tow/articulation,Changing lane to right,South East,North West,On main c'way - not in restricted lane,Not at or within 20 metres of junction,None,None,Did not leave carriageway,None,Back,No,Journey as part of work,Male,NA,36 - 45,NA,Heavy oil,3,Data missing or out of range,More deprived 30-40%,Urban area
2018135BA0315,2018,135BA0315,1,Car,No tow/articulation,Turning right,South East,East,On main c'way - not in restricted lane,Mid Junction - on roundabout or on main road,None,None,Did not leave carriageway,None,Nearside,No,Not known,Male,NA,16 - 20,NA,Heavy oil,1,Data missing or out of range,More deprived 40-50%,Urban area
2018135BA0315,2018,135BA0315,2,Car,No tow/articulation,Going ahead other,South East,North,On main c'way - not in restricted lane,Approaching junction or waiting/parked at junction approach,None,None,Did not leave carriageway,None,Did not impact,No,Journey as part of work,Male,NA,36 - 45,NA,Heavy oil,0,Data missing or out of range,Data missing or out of range,Data missing or out of range
2018135BA0315,2018,135BA0315,3,Car,No tow/articulation,Going ahead other,South East,North,On main c'way - not in restricted lane,Approaching junction or waiting/parked at junction approach,None,None,Did not leave carriageway,None,Did not impact,No,Journey as part of work,Female,NA,26 - 35,NA,Heavy oil,4,Data missing or out of range,Data missing or out of range,Data missing or out of range
2018135BA0315,2018,135BA0315,4,Car,No tow/articulation,Going ahead other,West,East,On main c'way - not in restricted lane,Mid Junction - on roundabout or on main road,None,None,Did not leave carriageway,None,Offside,No,Journey as part of work,Male,NA,46 - 55,NA,Heavy oil,7,Data missing or out of range,Most deprived 10%,Urban area
2018135BA1002,2018,135BA1002,1,Car,No tow/articulation,Turning right,North East,South West,On main c'way - not in restricted lane,Mid Junction - on roundabout or on main road,None,None,Did not leave carriageway,None,Front,No,Not known,Male,NA,46 - 55,NA,Heavy oil,10,Data missing or out of range,Most deprived 10%,Urban area
2018135BA1002,2018,135BA1002,2,Pedal cycle,No tow/articulation,Going ahead other,South West,North East,On main c'way - not in restricted lane,Mid Junction - on roundabout or on main road,None,None,Did not leave carriageway,None,Front,No,Not known,Male,NA,46 - 55,Data missing or out of range,Undefined,-1,Data missing or out of range,Most deprived 10%,Urban area
2018135BA1046,2018,135BA1046,1,Car,No tow/articulation,Waiting to turn right,East,North,On main c'way - not in restricted lane,Leaving main road,None,None,Did not leave carriageway,None,Offside,No,Not known,Male,NA,16 - 20,NA,Heavy oil,12,Data missing or out of range,More deprived 20-30%,Urban area
2018135BA1046,2018,135BA1046,2,Motorcycle over 500cc,No tow/articulation,Overtaking static vehicle - offside,East,West,On main c'way - not in restricted lane,Approaching junction or waiting/parked at junction approach,Overturned,None,Did not leave carriageway,None,Nearside,No,Not known,Male,NA,46 - 55,NA,Petrol,16,Data missing or out of range,Most deprived 10%,Urban area
2018135BA1488,2018,135BA1488,1,Motorcycle 125cc and under,No tow/articulation,Changing lane to right,North East,South West,On main c'way - not in restricted lane,Mid Junction - on roundabout or on main road,None,None,Did not leave carriageway,None,Did not impact,No,Not known,Male,NA,56 - 65,NA,Petrol,2,Data missing or out of range,Most deprived 10%,Urban area
2018135BA1488,2018,135BA1488,2,Car,No tow/articulation,Changing lane to right,North East,South West,On main c'way - not in restricted lane,Mid Junction - on roundabout or on main road,None,None,Did not leave carriageway,None,Did not impact,No,Not known,Female,NA,36 - 45,NA,Heavy oil,6,Data missing or out of range,More deprived 10-20%,Urban area
2018135BA1804,2018,135BA1804,1,Car,No tow/articulation,Turning right,East,North,On main c'way - not in restricted lane,Approaching junction or waiting/parked at junction approach,None,None,Did not leave carriageway,None,Nearside,No,Journey as part of work,Male,NA,36 - 45,NA,Heavy oil,7,Data missing or out of range,More deprived 10-20%,Urban area
2018135BA1804,2018,135BA1804,2,Car,No tow/articulation,Going ahead other,South East,North,On main c'way - not in restricted lane,Approaching junction or waiting/parked at junction approach,None,None,Did not leave carriageway,None,Offside,No,Journey as part of work,Male,NA,26 - 35,NA,Heavy oil,2,Data missing or out of range,Data missing or out of range,Data missing or out of range
2018135BB0438,2018,135BB0438,1,Pedal cycle,No tow/articulation,Going ahead other,South West,North East,On main c'way - not in restricted lane,Not at or within 20 metres of junction,None,None,Did not leave carriageway,None,Did not impact,No,Not known,Male,NA,66 - 75,Data missing or out of range,Undefined,-1,Data missing or out of range,Less deprived 40-50%,Urban area
2018135BB0655,2018,135BB0655,1,Pedal cycle,No tow/articulation,Going ahead other,North,South East,On main c'way - not in restricted lane,Mid Junction - on roundabout or on main road,None,None,Did not leave carriageway,None,Nearside,No,Not known,Male,NA,46 - 55,Data missing or out of range,Undefined,-1,Data missing or out of range,Less deprived 10-20%,Urban area
2018135BB0655,2018,135BB0655,2,Car,No tow/articulation,Going ahead other,East,West,On main c'way - not in restricted lane,Entering roundabout,None,None,Did not leave carriageway,None,Front,No,Not known,Male,NA,36 - 45,NA,Heavy oil,11,Data missing or out of range,Less deprived 40-50%,Small town
2018135BB0820,2018,135BB0820,1,Car,No tow/articulation,Turning right,East,West,On main c'way - not in restricted lane,Mid Junction - on roundabout or on main road,None,None,Did not leave carriageway,None,Nearside,No,Not known,Male,NA,36 - 45,NA,Petrol,12,Data missing or out of range,More deprived 10-20%,Urban area
2018135BB0820,2018,135BB0820,2,Car,No tow/articulation,Going ahead other,West,East,On main c'way - not in restricted lane,Mid Junction - on roundabout or on main road,None,None,Did not leave carriageway,None,Front,No,Not known,Female,NA,16 - 20,NA,Heavy oil,7,Data missing or out of range,Less deprived 30-40%,Urban area
2018135BB0820,2018,135BB0820,3,Car,No tow/articulation,Turning right,East,West,On main c'way - not in restricted lane,Mid Junction - on roundabout or on main road,None,None,Did not leave carriageway,None,Nearside,No,Not known,Female,NA,Over 75,NA,Petrol,0,Data missing or out of range,Less deprived 20-30%,Urban area
2018135BB0820,2018,135BB0820,4,Car,No tow/articulation,Going ahead other,West,East,On main c'way - not in restricted lane,Mid Junction - on roundabout or on main road,None,None,Did not leave carriageway,None,Front,No,Not known,Male,NA,46 - 55,NA,Petrol,17,Data missing or out of range,Data missing or out of range,Data missing or out of range
2018135BB1214,2018,135BB1214,1,Car,No tow/articulation,Going ahead other,East,West,On main c'way - not in restricted lane,Not at or within 20 metres of junction,None,None,Did not leave carriageway,None,Front,No,Not known,Not known,Data missing or out of range,Data missing or out of range,Data missing or out of range,Undefined,-1,Data missing or out of range,Data missing or out of range,Data missing or out of range
2018135BB1412,2018,135BB1412,1,Car,No tow/articulation,Going ahead other,South East,North West,On main c'way - not in restricted lane,Approaching junction or waiting/parked at junction approach,None,None,Did not leave carriageway,None,Front,No,Not known,Male,NA,26 - 35,NA,Heavy oil,1,Data missing or out of range,Less deprived 40-50%,Urban area
2018135BB1412,2018,135BB1412,2,Car,No tow/articulation,Going ahead other,South East,North West,On main c'way - not in restricted lane,Approaching junction or waiting/parked at junction approach,None,None,Did not leave carriageway,None,Back,No,Not known,Female,NA,26 - 35,NA,Heavy oil,12,Data missing or out of range,Most deprived 10%,Urban area
2018135BB1947,2018,135BB1947,1,Car,No tow/articulation,Turning left,South East,North West,On main c'way - not in restricted lane,Mid Junction - on roundabout or on main road,Skidded,None,Straight ahead at junction,Near/Offside crash barrier,Front,No,Not known,Male,NA,21 - 25,NA,Petrol,0,Data missing or out of range,Most deprived 10%,Urban area
2018135BB1947,2018,135BB1947,2,Car,No tow/articulation,Going ahead other,South East,North West,On main c'way - not in restricted lane,Approaching junction or waiting/parked at junction approach,None,None,Did not leave carriageway,None,Did not impact,No,Not known,Male,NA,36 - 45,NA,Heavy oil,4,Data missing or out of range,Most deprived 10%,Urban area
2018135BC0320,2018,135BC0320,1,Car,No tow/articulation,Going ahead other,North,East,On main c'way - not in restricted lane,Mid Junction - on roundabout or on main road,None,None,Did not leave carriageway,None,Front,No,Journey as part of work,Male,NA,46 - 55,NA,Heavy oil,8,Data missing or out of range,Most deprived 10%,Urban area
2018135BC0320,2018,135BC0320,2,Pedal cycle,No tow/articulation,Going ahead other,West,East,On main c'way - not in restricted lane,Mid Junction - on roundabout or on main road,None,None,Did not leave carriageway,None,Nearside,No,Not known,Female,NA,46 - 55,Data missing or out of range,Undefined,-1,Data missing or out of range,More deprived 30-40%,Urban area
2018135BC0399,2018,135BC0399,1,Car,No tow/articulation,Going ahead other,South West,North East,On main c'way - not in restricted lane,Approaching junction or waiting/parked at junction approach,None,None,Did not leave carriageway,None,Front,No,Not known,Female,NA,36 - 45,NA,Petrol,15,Data missing or out of range,More deprived 10-20%,Urban area
2018135BC0399,2018,135BC0399,2,Car,No tow/articulation,Waiting to go - held up,South West,North East,On main c'way - not in restricted lane,Approaching junction or waiting/parked at junction approach,None,None,Did not leave carriageway,None,Back,No,Not known,Female,NA,36 - 45,NA,Petrol,5,Data missing or out of range,More deprived 30-40%,Urban area
2018135BC0485,2018,135BC0485,1,Car,No tow/articulation,Going ahead other,North East,South West,On main c'way - not in restricted lane,Mid Junction - on roundabout or on main road,None,None,Did not leave carriageway,None,Front,No,Not known,Male,NA,21 - 25,Data missing or out of range,Undefined,-1,Data missing or out of range,Most deprived 10%,Urban area
2018135BC0997,2018,135BC0997,1,Car,No tow/articulation,Waiting to go - held up,West,East,On main c'way - not in restricted lane,Not at or within 20 metres of junction,None,None,Did not leave carriageway,None,Back,No,Not known,Male,NA,66 - 75,NA,Heavy oil,2,Data missing or out of range,Less deprived 30-40%,Urban area
2018135BC0997,2018,135BC0997,2,Car,No tow/articulation,Going ahead other,West,East,On main c'way - not in restricted lane,Not at or within 20 metres of junction,None,None,Did not leave carriageway,None,Front,No,Not known,Male,NA,36 - 45,NA,Petrol,9,Data missing or out of range,More deprived 40-50%,Urban area
2018135BC0997,2018,135BC0997,3,Car,No tow/articulation,Going ahead other,West,East,On main c'way - not in restricted lane,Not at or within 20 metres of junction,None,None,Did not leave carriageway,None,Front,No,Not known,Male,NA,21 - 25,NA,Heavy oil,8,Data missing or out of range,Most deprived 10%,Urban area
2018135BD0995,2018,135BD0995,1,Car,No tow/articulation,Reversing,West,South East,On main c'way - not in restricted lane,Approaching junction or waiting/parked at junction approach,None,None,Did not leave carriageway,None,Back,No,Not known,Male,NA,26 - 35,NA,Heavy oil,20,Data missing or out of range,More deprived 10-20%,Urban area
2018135BD2111,2018,135BD2111,1,Car,No tow/articulation,Turning left,South East,South West,On main c'way - not in restricted lane,Entering main road,None,None,Did not leave carriageway,None,Front,No,Not known,Male,Data missing or out of range,Data missing or out of range,NA,Heavy oil,7,Data missing or out of range,Data missing or out of range,Data missing or out of range
2018135BD2111,2018,135BD2111,2,Pedal cycle,No tow/articulation,Going ahead other,North East,South West,On main c'way - not in restricted lane,Mid Junction - on roundabout or on main road,None,None,Did not leave carriageway,None,Nearside,No,Not known,Male,NA,16 - 20,Data missing or out of range,Undefined,-1,Data missing or out of range,Most deprived 10%,Urban area
2018135BE0651,2018,135BE0651,1,Car,No tow/articulation,Parked,North West,South East,On main c'way - not in restricted lane,Not at or within 20 metres of junction,None,None,Did not leave carriageway,None,Front,No,Not known,Not known,Data missing or out of range,Data missing or out of range,NA,Heavy oil,3,Data missing or out of range,Data missing or out of range,Data missing or out of range
2018135BE0651,2018,135BE0651,2,Car,No tow/articulation,Going ahead other,Parked,Parked,On main c'way - not in restricted lane,Not at or within 20 metres of junction,None,None,Did not leave carriageway,None,Front,No,Not known,Male,NA,Over 75,NA,Heavy oil,10,Data missing or out of range,More deprived 40-50%,Urban area
2018135BE1409,2018,135BE1409,1,Car,No tow/articulation,Turning right,North East,South East,On main c'way - not in restricted lane,Entering main road,None,None,Did not leave carriageway,None,Offside,No,Not known,Female,NA,46 - 55,NA,Petrol,8,Data missing or out of range,Less deprived 40-50%,Rural
2018135BE1409,2018,135BE1409,2,Motorcycle over 500cc,No tow/articulation,Going ahead other,North West,South East,On main c'way - not in restricted lane,Mid Junction - on roundabout or on main road,Skidded,None,Did not leave carriageway,None,Front,No,Not known,Male,NA,46 - 55,NA,Petrol,20,Data missing or out of range,More deprived 10-20%,Urban area
2018135BE1903,2018,135BE1903,1,Car,No tow/articulation,Going ahead other,North,South East,On main c'way - not in restricted lane,Mid Junction - on roundabout or on main road,None,None,Did not leave carriageway,None,Offside,No,Not known,Male,NA,36 - 45,NA,Heavy oil,11,Data missing or out of range,Least deprived 10%,Urban area
2018135BE1903,2018,135BE1903,2,Car,No tow/articulation,Going ahead other,East,West,On main c'way - not in restricted lane,Mid Junction - on roundabout or on main road,None,None,Did not leave carriageway,None,Front,No,Not known,Male,NA,36 - 45,NA,Heavy oil,13,Data missing or out of range,More deprived 20-30%,Urban area
2018135BF0249,2018,135BF0249,1,Car,No tow/articulation,Changing lane to left,West,North,On main c'way - not in restricted lane,Leaving roundabout,None,None,Did not leave carriageway,None,Offside,No,Commuting to/from work,Male,NA,36 - 45,NA,Petrol,7,Data missing or out of range,Data missing or out of range,Data missing or out of range