accident_index,accident_year,accident_reference,vehicle_reference,vehicle_type,towing_and_articulation,vehicle_manoeuvre,vehicle_direction_from,vehicle_direction_to,vehicle_location_restricted_lane,junction_location,skidding_and_overturning,hit_object_in_carriageway,vehicle_leaving_carriageway,hit_object_off_carriageway,first_point_of_impact,vehicle_left_hand_drive,journey_purpose_of_driver,sex_of_driver,age_of_driver,age_band_of_driver,engine_capacity_cc,propulsion_code,age_of_vehicle,generic_make_model,driver_imd_decile,driver_home_area_type
2018135BF0249,2018,135BF0249,2,Motorcycle over 125cc and up to 500cc,No tow/articulation,Changing lane to left,West,North,On main c'way - not in restricted lane,Leaving roundabout,None,None,Did not leave carriageway,None,Front,No,Commuting to/from work,Male,NA,46 - 55,NA,Petrol,7,Data missing or out of range,More deprived 30-40%,Urban area
2018135BF1355,2018,135BF1355,1,Car,No tow/articulation,Going ahead other,East,West,On main c'way - not in restricted lane,Approaching junction or waiting/parked at junction approach,None,None,Did not leave carriageway,None,Front,No,Not known,Male,NA,Over 75,NA,Petrol,6,Data missing or out of range,Less deprived 30-40%,Small town
2018135BF1355,2018,135BF1355,2,Car,No tow/articulation,Turning right,East,North,On main c'way - not in restricted lane,Approaching junction or waiting/parked at junction approach,None,None,Did not leave carriageway,None,Back,No,Not known,Male,NA,56 - 65,NA,Heavy oil,7,Data missing or out of range,Data missing or out of range,Data missing or out of range
2018135BF2095,2018,135BF2095,1,Car,No tow/articulation,Reversing,North,North West,On main c'way - not in restricted lane,Not at or within 20 metres of junction,None,None,Did not leave carriageway,None,Back,No,Taking pupil to/from school,Female,NA,36 - 45,NA,Heavy oil,5,Data missing or out of range,More deprived 30-40%,Urban area
2018135BF2121,2018,135BF2121,1,Car,No tow/articulation,Turning right,North,South East,On main c'way - not in restricted lane,Approaching junction or waiting/parked at junction approach,None,None,Did not leave carriageway,None,Nearside,No,Not known,Female,NA,46 - 55,NA,Petrol,13,Data missing or out of range,More deprived 10-20%,Urban area
2018135BF2121,2018,135BF2121,2,Pedal cycle,No tow/articulation,Going ahead other,South East,North,On main c'way - not in restricted lane,Approaching junction or waiting/parked at junction approach,None,None,Did not leave carriageway,None,Front,No,Not known,Male,NA,46 - 55,Data missing or out of range,Undefined,-1,Data missing or out of range,More deprived 30-40%,Urban area
2018135BG0676,2018,135BG0676,1,Car,No tow/articulation,Going ahead other,South East,North,On main c'way - not in restricted lane,Not at or within 20 metres of junction,None,None,Did not leave carriageway,None,Front,No,Not known,Not known,Data missing or out of range,Data missing or out of range,NA,Petrol,2,Data missing or out of range,Data missing or out of range,Data missing or out of range
2018135BG0676,2018,135BG0676,2,Car,No tow/articulation,Waiting to go - held up,South East,North,On main c'way - not in restricted lane,Not at or within 20 metres of junction,None,None,Did not leave carriageway,None,Back,No,Not known,Male,NA,36 - 45,Data missing or out of range,Undefined,-1,Data missing or out of range,More deprived 40-50%,Rural
2018135BG1047,2018,135BG1047,1,Motorcycle over 500cc,No tow/articulation,Overtaking static vehicle - offside,East,West,On main c'way - not in restricted lane,Not at or within 20 metres of junction,Overturned,None,Did not leave carriageway,None,Front,No,Not known,Male,NA,46 - 55,NA,Petrol,26,Data missing or out of range,Less deprived 20-30%,Urban area
2018135BG2067,2018,135BG2067,1,Car,No tow/articulation,Going ahead other,North,South East,On main c'way - not in restricted lane,Mid Junction - on roundabout or on main road,None,None,Did not leave carriageway,None,Front,No,Not known,Male,NA,16 - 20,NA,Heavy oil,4,Data missing or out of range,Less deprived 20-30%,Urban area
2018135BG2067,2018,135BG2067,2,Car,No tow/articulation,Going ahead other,West,East,On main c'way - not in restricted lane,Mid Junction - on roundabout or on main road,None,None,Did not leave carriageway,None,Front,No,Not known,Male,NA,21 - 25,NA,Petrol,9,Data missing or out of range,Most deprived 10%,Urban area
2018135BH1305,2018,135BH1305,1,Car,No tow/articulation,Going ahead other,East,West,On main c'way - not in restricted lane,Not at or within 20 metres of junction,None,None,Did not leave carriageway,None,Nearside,No,Not known,Female,NA,56 - 65,Data missing or out of range,Undefined,-1,Data missing or out of range,Most deprived 10%,Urban area
2018135BH2098,2018,135BH2098,1,Car,No tow/articulation,Going ahead other,East,West,On main c'way - not in restricted lane,Not at or within 20 metres of junction,Skidded,None,Did not leave carriageway,None,Front,No,Not known,Male,NA,26 - 35,NA,Petrol,19,Data missing or out of range,Less deprived 40-50%,Small town
2018135BJ1266,2018,135BJ1266,1,Car,No tow/articulation,Going ahead other,South West,North East,On main c'way - not in restricted lane,Approaching junction or waiting/parked at junction approach,None,Bollard or refuge,Did not leave carriageway,Other permanent object,Front,No,Not known,Male,NA,Over 75,NA,Petrol,19,Data missing or out of range,Less deprived 40-50%,Urban area
2018135BK0307,2018,135BK0307,1,Car,No tow/articulation,Turning right,North,South West,On main c'way - not in restricted lane,Cleared junction or waiting/parked at junction exit,None,None,Did not leave carriageway,None,Nearside,No,Not known,Female,NA,26 - 35,NA,Heavy oil,10,Data missing or out of range,Most deprived 10%,Urban area
2018135BK1281,2018,135BK1281,1,Car,No tow/articulation,Going ahead other,North,South East,On main c'way - not in restricted lane,Mid Junction - on roundabout or on main road,None,None,Did not leave carriageway,None,Front,No,Not known,Female,NA,26 - 35,Data missing or out of range,Undefined,-1,Data missing or out of range,Data missing or out of range,Data missing or out of range
2018135BK1799,2018,135BK1799,1,Car,No tow/articulation,Going ahead other,North,South East,On main c'way - not in restricted lane,Not at or within 20 metres of junction,None,None,Did not leave carriageway,None,Front,No,Not known,Female,NA,21 - 25,NA,Heavy oil,5,Data missing or out of range,More deprived 30-40%,Urban area
2018135BK1799,2018,135BK1799,2,Taxi/Private hire car,No tow/articulation,Parked,Parked,Parked,On main c'way - not in restricted lane,Not at or within 20 metres of junction,None,None,Did not leave carriageway,None,Back,No,Not known,Male,NA,46 - 55,NA,Heavy oil,6,Data missing or out of range,Most deprived 10%,Urban area
2018135BK1799,2018,135BK1799,3,Taxi/Private hire car,No tow/articulation,Parked,Parked,Parked,On main c'way - not in restricted lane,Not at or within 20 metres of junction,None,None,Did not leave carriageway,None,Back,No,Not known,Not known,Data missing or out of range,Data missing or out of range,NA,Heavy oil,7,Data missing or out of range,Data missing or out of range,Data missing or out of range
2018135BK1799,2018,135BK1799,4,Car,No tow/articulation,Parked,Parked,Parked,On main c'way - not in restricted lane,Not at or within 20 metres of junction,None,None,Did not leave carriageway,None,Back,No,Not known,Not known,Data missing or out of range,Data missing or out of range,NA,Petrol,12,Data missing or out of range,Data missing or out of range,Data missing or out of range
2018135BL0275,2018,135BL0275,1,Car,No tow/articulation,Going ahead other,South West,North East,On main c'way - not in restricted lane,Mid Junction - on roundabout or on main road,None,None,Did not leave carriageway,Wall or fence,Front,No,Not known,Male,NA,66 - 75,NA,Heavy oil,10,Data missing or out of range,More deprived 30-40%,Rural
2018135BL0973,2018,135BL0973,1,Car,No tow/articulation,Turning right,North East,North,On main c'way - not in restricted lane,Leaving main road,None,None,Did not leave carriageway,None,Front,No,Not known,Not known,Data missing or out of range,Data missing or out of range,Data missing or out of range,Undefined,-1,Data missing or out of range,Data missing or out of range,Data missing or out of range
2018135BL1234,2018,135BL1234,1,Car,No tow/articulation,Going ahead other,North East,South West,On main c'way - not in restricted lane,Not at or within 20 metres of junction,None,None,Did not leave carriageway,None,Nearside,No,Not known,Male,NA,56 - 65,Data missing or out of range,Undefined,-1,Data missing or out of range,More deprived 40-50%,Urban area
2018135BL1234,2018,135BL1234,2,Motorcycle 125cc and under,No tow/articulation,Going ahead other,North East,South West,On main c'way - not in restricted lane,Not at or within 20 metres of junction,None,None,Did not leave carriageway,None,Front,No,Not known,Male,NA,16 - 20,Data missing or out of range,Undefined,-1,Data missing or out of range,Data missing or out of range,Data missing or out of range
2018135BL1602,2018,135BL1602,1,Car,No tow/articulation,Going ahead other,East,West,On main c'way - not in restricted lane,Mid Junction - on roundabout or on main road,None,None,Did not leave carriageway,None,Back,No,Not known,Male,NA,26 - 35,NA,Heavy oil,6,Data missing or out of range,Most deprived 10%,Urban area
2018135BL1602,2018,135BL1602,2,Other vehicle,No tow/articulation,Going ahead other,East,West,On main c'way - not in restricted lane,Mid Junction - on roundabout or on main road,None,None,Did not leave carriageway,None,Front,No,Not known,Not known,Data missing or out of range,Data missing or out of range,Data missing or out of range,Undefined,-1,Data missing or out of range,Data missing or out of range,Data missing or out of range
2018135BL1858,2018,135BL1858,1,Car,No tow/articulation,Going ahead other,South East,North West,On main c'way - not in restricted lane,Not at or within 20 metres of junction,None,None,Did not leave carriageway,None,Front,No,Not known,Male,NA,26 - 35,NA,Heavy oil,13,Data missing or out of range,More deprived 10-20%,Urban area
2018135BL1858,2018,135BL1858,2,Car,No tow/articulation,Going ahead other,South East,North West,On main c'way - not in restricted lane,Not at or within 20 metres of junction,None,None,Did not leave carriageway,None,Back,No,Not known,Male,NA,16 - 20,NA,Petrol,5,Data missing or out of range,More deprived 30-40%,Urban area
2018135BM0150,2018,135BM0150,1,Car,No tow/articulation,Going ahead left-hand bend,South East,North,On main c'way - not in restricted lane,Approaching junction or waiting/parked at junction approach,Skidded,None,Offside - crossed central reservation,Road sign or traffic signal,Front,No,Not known,Male,NA,21 - 25,NA,Petrol,4,Data missing or out of range,Most deprived 10%,Urban area
2018135BM1700,2018,135BM1700,1,Taxi/Private hire car,No tow/articulation,Turning right,East,North,On main c'way - not in restricted lane,Mid Junction - on roundabout or on main road,None,None,Did not leave carriageway,None,Nearside,No,Journey as part of work,Male,NA,36 - 45,NA,Heavy oil,5,Data missing or out of range,More deprived 30-40%,Urban area
2018135BM1700,2018,135BM1700,2,Motorcycle 50cc and under,No tow/articulation,Going ahead other,West,East,On main c'way - not in restricted lane,Mid Junction - on roundabout or on main road,None,None,Did not leave carriageway,None,Front,No,Not known,Male,NA,46 - 55,NA,Petrol,2,Data missing or out of range,More deprived 40-50%,Urban area
2018135BN0386,2018,135BN0386,1,Car,No tow/articulation,Going ahead other,South East,North,On main c'way - not in restricted lane,Not at or within 20 metres of junction,None,None,Did not leave carriageway,None,Front,No,Not known,Not known,Data missing or out of range,Data missing or out of range,Data missing or out of range,Undefined,-1,Data missing or out of range,Data missing or out of range,Data missing or out of range
2018135BN0673,2018,135BN0673,1,Car,No tow/articulation,Turning right,West,South East,On main c'way - not in restricted lane,Mid Junction - on roundabout or on main road,None,None,Did not leave carriageway,None,Nearside,No,Not known,Male,NA,46 - 55,NA,Heavy oil,4,Data missing or out of range,Most deprived 10%,Urban area
2018135BN0673,2018,135BN0673,2,Car,No tow/articulation,Going ahead other,East,West,On main c'way - not in restricted lane,Mid Junction - on roundabout or on main road,None,None,Did not leave carriageway,None,Front,No,Not known,Female,NA,26 - 35,NA,Petrol,3,Data missing or out of range,Least deprived 10%,Urban area
2018135BN1138,2018,135BN1138,1,Pedal cycle,No tow/articulation,Going ahead other,East,West,On main c'way - not in restricted lane,Mid Junction - on roundabout or on main road,None,None,Did not leave carriageway,None,Offside,No,Commuting to/from work,Male,NA,36 - 45,Data missing or out of range,Undefined,-1,Data missing or out of range,Least deprived 10%,Urban area
2018135BN1138,2018,135BN1138,2,Goods over 3.5t. and under 7.5t,No tow/articulation,Turning right,West,South East,On main c'way - not in restricted lane,Mid Junction - on roundabout or on main road,None,None,Did not leave carriageway,None,Front,No,Journey as part of work,Male,NA,36 - 45,NA,Heavy oil,6,Data missing or out of range,Most deprived 10%,Urban area
2018135BN1636,2018,135BN1636,1,Car,No tow/articulation,Turning right,South West,South East,On main c'way - not in restricted lane,Entering main road,None,None,Did not leave carriageway,None,Nearside,No,Not known,Female,Data missing or out of range,Data missing or out of range,NA,Heavy oil,15,Data missing or out of range,Less deprived 20-30%,Urban area
2018135BN1636,2018,135BN1636,2,Pedal cycle,No tow/articulation,Going ahead other,North West,South East,On main c'way - not in restricted lane,Mid Junction - on roundabout or on main road,None,None,Did not leave carriageway,None,Front,No,Not known,Male,NA,36 - 45,Data missing or out of range,Undefined,-1,Data missing or out of range,Data missing or out of range,Data missing or out of range
2018135BO0807,2018,135BO0807,1,Car,No tow/articulation,Turning left,South East,South West,On main c'way - not in restricted lane,Entering main road,None,None,Did not leave carriageway,None,Front,No,Not known,Male,Data missing or out of range,Data missing or out of range,NA,Heavy oil,12,Data missing or out of range,Data missing or out of range,Data missing or out of range
2018135BO0875,2018,135BO0875,1,Pedal cycle,No tow/articulation,Going ahead other,North West,South East,On main c'way - not in restricted lane,Not at or within 20 metres of junction,None,None,Did not leave carriageway,None,Did not impact,No,Not known,Male,NA,36 - 45,Data missing or out of range,Undefined,-1,Data missing or out of range,Most deprived 10%,Urban area
2018135BO0875,2018,135BO0875,2,Van / Goods 3.5 tonnes mgw or under,No tow/articulation,Going ahead other,North West,South East,On main c'way - not in restricted lane,Not at or within 20 metres of junction,None,None,Did not leave carriageway,None,Did not impact,No,Not known,Male,Data missing or out of range,Data missing or out of range,NA,Heavy oil,14,Data missing or out of range,Data missing or out of range,Data missing or out of range
2018135BO1508,2018,135BO1508,1,Car,No tow/articulation,Going ahead other,West,East,On main c'way - not in restricted lane,Not at or within 20 metres of junction,None,None,Did not leave carriageway,None,Nearside,No,Not known,Male,NA,26 - 35,NA,Heavy oil,10,Data missing or out of range,Most deprived 10%,Urban area
2018135BP0939,2018,135BP0939,1,Car,No tow/articulation,Turning right,South West,South East,On main c'way - not in restricted lane,Entering main road,None,None,Did not leave carriageway,None,Front,No,Not known,Female,NA,21 - 25,NA,Petrol,10,Data missing or out of range,More deprived 10-20%,Urban area
2018135BP0939,2018,135BP0939,2,Taxi/Private hire car,No tow/articulation,Turning right,North West,South West,On main c'way - not in restricted lane,Leaving main road,None,None,Did not leave carriageway,None,Offside,No,Not known,Male,NA,36 - 45,NA,Heavy oil,9,Data missing or out of range,Most deprived 10%,Urban area
2018135BP1413,2018,135BP1413,1,Car,No tow/articulation,Going ahead other,South West,North East,On main c'way - not in restricted lane,Not at or within 20 metres of junction,None,None,Did not leave carriageway,None,Front,No,Not known,Not known,Data missing or out of range,Data missing or out of range,NA,Petrol,11,Data missing or out of range,Data missing or out of range,Data missing or out of range
2018135BP1413,2018,135BP1413,2,Car,No tow/articulation,Slowing or stopping,South West,North East,On main c'way - not in restricted lane,Not at or within 20 metres of junction,None,None,Did not leave carriageway,None,Back,No,Not known,Female,NA,26 - 35,NA,Petrol,8,Data missing or out of range,More deprived 10-20%,Urban area
2018135BP1423,2018,135BP1423,1,Car,No tow/articulation,Going ahead other,North,South East,On main c'way - not in restricted lane,Approaching junction or waiting/parked at junction approach,None,None,Did not leave carriageway,None,Offside,No,Not known,Female,NA,26 - 35,NA,Heavy oil,1,Data missing or out of range,Less deprived 10-20%,Urban area
2018135BP1423,2018,135BP1423,2,Car,No tow/articulation,Turning right,West,South East,On main c'way - not in restricted lane,Approaching junction or waiting/parked at junction approach,None,None,Did not leave carriageway,None,Nearside,No,Not known,Male,NA,56 - 65,Data missing or out of range,Undefined,-1,Data missing or out of range,Data missing or out of range,Data missing or out of range
2018135BQ0256,2018,135BQ0256,1,Car,No tow/articulation,Going ahead other,North,South East,On main c'way - not in restricted lane,Not at or within 20 metres of junction,None,Parked vehicle,Did not leave carriageway,None,Front,No,Not known,Female,NA,26 - 35,NA,Heavy oil,3,Data missing or out of range,More deprived 10-20%,Urban area
2018135BQ0256,2018,135BQ0256,2,Taxi/Private hire car,No tow/articulation,Parked,Parked,Parked,On main c'way - not in restricted lane,Not at or within 20 metres of junction,None,None,Did not leave carriageway,None,Front,No,Journey as part of work,Male,NA,46 - 55,Data missing or out of range,Undefined,-1,Data missing or out of range,More deprived 10-20%,Urban area
2018135BQ0989,2018,135BQ0989,1,Van / Goods 3.5 tonnes mgw or under,No tow/articulation,Going ahead other,West,East,On main c'way - not in restricted lane,Mid Junction - on roundabout or on main road,None,None,Did not leave carriageway,None,Offside,No,Journey as part of work,Male,NA,56 - 65,NA,Heavy oil,0,Data missing or out of range,Less deprived 40-50%,Urban area
2018135BQ0989,2018,135BQ0989,2,Pedal cycle,No tow/articulation,Turning right,South East,East,On main c'way - not in restricted lane,Mid Junction - on roundabout or on main road,Overturned,None,Did not leave carriageway,None,Nearside,No,Not known,Male,NA,36 - 45,Data missing or out of range,Undefined,-1,Data missing or out of range,More deprived 30-40%,Urban area
2018135BR0230,2018,135BR0230,1,Car,No tow/articulation,Overtaking static vehicle - offside,West,East,On main c'way - not in restricted lane,Cleared junction or waiting/parked at junction exit,None,None,Did not leave carriageway,None,Nearside,No,Commuting to/from work,Male,NA,66 - 75,NA,Petrol,4,Data missing or out of range,More deprived 20-30%,Urban area
2018135BR0472,2018,135BR0472,1,Car,No tow/articulation,Going ahead other,South West,North East,On main c'way - not in restricted lane,Approaching junction or waiting/parked at junction approach,None,None,Did not leave carriageway,None,Did not impact,No,Journey as part of work,Male,NA,46 - 55,NA,Heavy oil,6,Data missing or out of range,Most deprived 10%,Urban area
2018135BR0472,2018,135BR0472,2,Car,No tow/articulation,Going ahead other,South West,North East,On main c'way - not in restricted lane,Approaching junction or waiting/parked at junction approach,None,None,Did not leave carriageway,None,Did not impact,No,Journey as part of work,Male,NA,21 - 25,NA,Heavy oil,6,Data missing or out of range,Most deprived 10%,Urban area
2018135BR0472,2018,135BR0472,3,Goods over 3.5t. and under 7.5t,No tow/articulation,Waiting to turn left,Parked,Parked,On main c'way - not in restricted lane,Mid Junction - on roundabout or on main road,None,None,Did not leave carriageway,None,Nearside,No,Journey as part of work,Male,NA,36 - 45,NA,Heavy oil,3,Data missing or out of range,Most deprived 10%,Small town
2018135BR0472,2018,135BR0472,4,Car,No tow/articulation,Waiting to turn left,Parked,Parked,On main c'way - not in restricted lane,Mid Junction - on roundabout or on main road,None,None,Did not leave carriageway,None,Offside,No,Not known,Male,NA,46 - 55,NA,Hybrid electric,11,Data missing or out of range,More deprived 20-30%,Urban area
2018135BR0648,2018,135BR0648,1,Car,No tow/articulation,Going ahead other,West,East,On main c'way - not in restricted lane,Mid Junction - on roundabout or on main road,None,None,Did not leave carriageway,None,Front,No,Not known,Female,NA,46 - 55,NA,Heavy oil,7,Data missing or out of range,More deprived 40-50%,Urban area
2018135BR0648,2018,135BR0648,2,Van / Goods 3.5 tonnes mgw or under,No tow/articulation,Turning right,North East,West,On main c'way - not in restricted lane,Mid Junction - on roundabout or on main road,None,None,Did not leave carriageway,None,Front,No,Journey as part of work,Male,NA,46 - 55,NA,Heavy oil,0,Data missing or out of range,Most deprived 10%,Urban area
2018135BR0971,2018,135BR0971,1,Car,No tow/articulation,Going ahead other,North West,South East,On main c'way - not in restricted lane,Approaching junction or waiting/parked at junction approach,None,None,Did not leave carriageway,None,Front,No,Journey as part of work,Male,Data missing or out of range,Data missing or out of range,NA,Heavy oil,0,Data missing or out of range,Less deprived 40-50%,Rural
2018135BR0971,2018,135BR0971,2,Car,No tow/articulation,Going ahead other,North West,South East,On main c'way - not in restricted lane,Approaching junction or waiting/parked at junction approach,None,None,Did not leave carriageway,None,Front,No,Not known,Male,Data missing or out of range,Data missing or out of range,NA,Heavy oil,4,Data missing or out of range,Data missing or out of range,Data missing or out of range
2018135BR0971,2018,135BR0971,3,Car,No tow/articulation,Going ahead other,North West,South East,On main c'way - not in restricted lane,Approaching junction or waiting/parked at junction approach,None,None,Did not leave carriageway,None,Did not impact,No,Journey as part of work,Male,NA,46 - 55,NA,Heavy oil,4,Data missing or out of range,Less deprived 40-50%,Rural
2018135BR0971,2018,135BR0971,4,Car,No tow/articulation,Going ahead other,North West,South East,On main c'way - not in restricted lane,Approaching junction or waiting/parked at junction approach,None,None,Did not leave carriageway,None,Did not impact,No,Journey as part of work,Male,NA,36 - 45,NA,Heavy oil,0,Data missing or out of range,Less deprived 40-50%,Rural
2018135BR0971,2018,135BR0971,5,Car,No tow/articulation,Waiting to go - held up,North West,South East,On main c'way - not in restricted lane,Approaching junction or waiting/parked at junction approach,None,None,Did not leave carriageway,None,Offside,No,Not known,Not known,Data missing or out of range,Data missing or out of range,NA,Petrol,15,Data missing or out of range,Data missing or out of range,Data missing or out of range
2018135BR1031,2018,135BR1031,1,Car,No tow/articulation,Going ahead other,West,East,On main c'way - not in restricted lane,Not at or within 20 metres of junction,None,None,Did not leave carriageway,None,Nearside,No,Not known,Not known,Data missing or out of range,Data missing or out of range,NA,Petrol,9,Data missing or out of range,Data missing or out of range,Data missing or out of range
2018135BR1295,2018,135BR1295,1,Car,No tow/articulation,Turning right,North West,South West,On main c'way - not in restricted lane,Entering main road,None,None,Did not leave carriageway,None,Nearside,No,Not known,Female,NA,46 - 55,NA,Petrol,1,Data missing or out of range,Less deprived 30-40%,Urban area
2018135BR1295,2018,135BR1295,2,Motorcycle 125cc and under,No tow/articulation,Going ahead other,South West,North East,On main c'way - not in restricted lane,Approaching junction or waiting/parked at junction approach,None,None,Did not leave carriageway,None,Front,No,Not known,Female,NA,21 - 25,NA,Petrol,6,Data missing or out of range,More deprived 20-30%,Urban area
2018135BR1328,2018,135BR1328,1,Car,No tow/articulation,Slowing or stopping,North,South East,On main c'way - not in restricted lane,Not at or within 20 metres of junction,None,None,Did not leave carriageway,None,Front,No,Not known,Male,NA,26 - 35,NA,Hybrid electric,0,Data missing or out of range,More deprived 40-50%,Urban area
2018135BR1328,2018,135BR1328,2,Car,No tow/articulation,Slowing or stopping,North,South East,On main c'way - not in restricted lane,Not at or within 20 metres of junction,None,None,Did not leave carriageway,None,Back,No,Not known,Female,NA,56 - 65,NA,Petrol,15,Data missing or out of range,Less deprived 40-50%,Urban area
2018135BS0325,2018,135BS0325,1,Motorcycle 125cc and under,No tow/articulation,Going ahead other,South West,North East,On main c'way - not in restricted lane,Cleared junction or waiting/parked at junction exit,None,None,Did not leave carriageway,None,Front,No,Not known,Male,NA,26 - 35,Data missing or out of range,Undefined,-1,Data missing or out of range,Most deprived 10%,Urban area
2018135BS0325,2018,135BS0325,2,Car,No tow/articulation,Going ahead other,West,East,On main c'way - not in restricted lane,Cleared junction or waiting/parked at junction exit,None,None,Did not leave carriageway,None,Offside,No,Not known,Male,NA,26 - 35,Data missing or out of range,Undefined,-1,Data missing or out of range,Less deprived 40-50%,Urban area
2018135BS0376,2018,135BS0376,1,Car,No tow/articulation,Going ahead other,East,West,On main c'way - not in restricted lane,Approaching junction or waiting/parked at junction approach,None,None,Did not leave carriageway,None,Offside,No,Commuting to/from work,Male,NA,46 - 55,NA,Heavy oil,8,Data missing or out of range,Less deprived 10-20%,Small town
2018135BS0376,2018,135BS0376,2,Car,No tow/articulation,Going ahead other,West,East,On main c'way - not in restricted lane,Cleared junction or waiting/parked at junction exit,None,None,Did not leave carriageway,None,Offside,No,Commuting to/from work,Male,NA,46 - 55,NA,Petrol,26,Data missing or out of range,Less deprived 10-20%,Small town
2018135BS0376,2018,135BS0376,3,Van / Goods 3.5 tonnes mgw or under,No tow/articulation,Going ahead other,West,East,On main c'way - not in restricted lane,Cleared junction or waiting/parked at junction exit,None,None,Nearside,None,Front,No,Journey as part of work,Male,NA,46 - 55,NA,Heavy oil,4,Data missing or out of range,Data missing or out of range,Data missing or out of range
2018135BS1550,2018,135BS1550,1,Car,No tow/articulation,Going ahead other,East,West,On main c'way - not in restricted lane,Not at or within 20 metres of junction,None,None,Did not leave carriageway,None,Front,No,Not known,Not known,Data missing or out of range,Data missing or out of range,Data missing or out of range,Undefined,-1,Data missing or out of range,Data missing or out of range,Data missing or out of range
2018135BS1550,2018,135BS1550,2,Car,No tow/articulation,Going ahead other,Parked,Parked,On main c'way - not in restricted lane,Not at or within 20 metres of junction,None,None,Did not leave carriageway,None,Offside,No,Not known,Female,NA,36 - 45,NA,Heavy oil,14,Data missing or out of range,More deprived 20-30%,Urban area
2018135BT0367,2018,135BT0367,1,Car,No tow/articulation,Turning right,South West,North East,On main c'way - not in restricted lane,Entering main road,None,None,Did not leave carriageway,None,Front,No,Journey as part of work,Female,NA,46 - 55,NA,Heavy oil,13,Data missing or out of range,Most deprived 10%,Urban area
2018135BT0367,2018,135BT0367,2,Car,No tow/articulation,Going ahead other,North West,South East,On main c'way - not in restricted lane,Mid Junction - on roundabout or on main road,None,None,Did not leave carriageway,None,Offside,No,Journey as part of work,Female,NA,46 - 55,NA,Petrol,4,Data missing or out of range,More deprived 20-30%,Urban area
2018135BT1229,2018,135BT1229,1,Car,No tow/articulation,Waiting to turn right,West,East,On main c'way - not in restricted lane,Mid Junction - on roundabout or on main road,None,None,Did not leave carriageway,None,Front,No,Not known,Female,NA,56 - 65,NA,Petrol,15,Data missing or out of range,Most deprived 10%,Urban area
2018135BT1229,2018,135BT1229,2,Pedal cycle,No tow/articulation,Going ahead other,East,North,On main c'way - not in restricted lane,Mid Junction - on roundabout or on main road,None,None,Did not leave carriageway,None,Front,No,Journey as part of work,Male,NA,36 - 45,Data missing or out of range,Undefined,-1,Data missing or out of range,Most deprived 10%,Urban area
2018135BU0393,2018,135BU0393,1,Car,No tow/articulation,Parked,Parked,Parked,On main c'way - not in restricted lane,Not at or within 20 metres of junction,None,None,Did not leave carriageway,None,Offside,No,Taking pupil to/from school,Male,NA,46 - 55,NA,Heavy oil,22,Data missing or out of range,Most deprived 10%,Urban area
2018135BU0393,2018,135BU0393,2,Car,No tow/articulation,Going ahead other,West,East,On main c'way - not in restricted lane,Not at or within 20 metres of junction,None,None,Did not leave carriageway,None,Nearside,No,Taking pupil to/from school,Female,NA,36 - 45,NA,Heavy oil,4,Data missing or out of range,Most deprived 10%,Urban area
2018135BU0619,2018,135BU0619,1,Car,No tow/articulation,Turning left,North,East,On main c'way - not in restricted lane,Mid Junction - on roundabout or on main road,None,None,Did not leave carriageway,None,Front,No,Not known,Female,NA,26 - 35,NA,Heavy oil,10,Data missing or out of range,Most deprived 10%,Urban area
2018135BU1001,2018,135BU1001,1,Car,No tow/articulation,Going ahead other,North East,South West,On main c'way - not in restricted lane,Cleared junction or waiting/parked at junction exit,None,None,Did not leave carriageway,None,Front,No,Not known,Male,NA,Over 75,NA,Petrol,12,Data missing or out of range,Less deprived 40-50%,Rural
2018135C11163,2018,135C11163,1,Taxi/Private hire car,No tow/articulation,Moving off,West,East,On main c'way - not in restricted lane,Not at or within 20 metres of junction,None,None,Did not leave carriageway,None,Did not impact,No,Journey as part of work,Male,Data missing or out of range,Data missing or out of range,Data missing or out of range,Undefined,-1,Data missing or out of range,Data missing or out of range,Data missing or out of range
2018135C11265,2018,135C11265,1,Car,No tow/articulation,Going ahead other,South West,East,On main c'way - not in restricted lane,Approaching junction or waiting/parked at junction approach,None,None,Did not leave carriageway,None,Front,No,Not known,Male,NA,26 - 35,Data missing or out of range,Undefined,-1,Data missing or out of range,Data missing or out of range,Data missing or out of range
2018135C11265,2018,135C11265,2,Car,No tow/articulation,Turning right,South East,North West,On main c'way - not in restricted lane,Approaching junction or waiting/parked at junction approach,None,None,Did not leave carriageway,None,Offside,No,Not known,Female,NA,26 - 35,NA,Heavy oil,15,Data missing or out of range,Data missing or out of range,Data missing or out of range