accident_index,accident_year,accident_reference,vehicle_reference,vehicle_type,towing_and_articulation,vehicle_manoeuvre,vehicle_direction_from,vehicle_direction_to,vehicle_location_restricted_lane,junction_location,skidding_and_overturning,hit_object_in_carriageway,vehicle_leaving_carriageway,hit_object_off_carriageway,first_point_of_impact,vehicle_left_hand_drive,journey_purpose_of_driver,sex_of_driver,age_of_driver,age_band_of_driver,engine_capacity_cc,propulsion_code,age_of_vehicle,generic_make_model,driver_imd_decile,driver_home_area_type
2018135C21982,2018,135C21982,1,Car,No tow/articulation,Going ahead other,East,West,On main c'way - not in restricted lane,Mid Junction - on roundabout or on main road,None,None,Did not leave carriageway,None,Front,No,Not known,Male,NA,66 - 75,NA,Petrol,14,Data missing or out of range,Data missing or out of range,Data missing or out of range
2018135C21982,2018,135C21982,2,Car,No tow/articulation,Turning right,South East,East,On main c'way - not in restricted lane,Mid Junction - on roundabout or on main road,None,None,Did not leave carriageway,None,Offside,No,Not known,Female,NA,36 - 45,NA,Heavy oil,10,Data missing or out of range,Most deprived 10%,Urban area
2018135C31596,2018,135C31596,1,Car,No tow/articulation,Going ahead other,South East,North West,On main c'way - not in restricted lane,Not at or within 20 metres of junction,None,None,Did not leave carriageway,None,Front,No,Not known,Male,NA,26 - 35,NA,Heavy oil,2,Data missing or out of range,Less deprived 40-50%,Urban area
2018135C31596,2018,135C31596,2,Car,No tow/articulation,Going ahead other,North West,South East,On main c'way - not in restricted lane,Not at or within 20 metres of junction,None,None,Did not leave carriageway,None,Offside,No,Not known,Female,NA,26 - 35,NA,Heavy oil,8,Data missing or out of range,More deprived 20-30%,Urban area
2018135C41175,2018,135C41175,1,Car,No tow/articulation,Going ahead other,East,West,On main c'way - not in restricted lane,Mid Junction - on roundabout or on main road,None,None,Did not leave carriageway,None,Back,No,Not known,Female,NA,16 - 20,NA,Heavy oil,3,Data missing or out of range,Most deprived 10%,Urban area
2018135C41175,2018,135C41175,2,Car,No tow/articulation,Going ahead other,East,West,On main c'way - not in restricted lane,Mid Junction - on roundabout or on main road,None,None,Did not leave carriageway,None,Front,No,Not known,Female,NA,21 - 25,NA,Heavy oil,7,Data missing or out of range,Most deprived 10%,Urban area
2018135C41228,2018,135C41228,1,Goods 7.5 tonnes mgw and over,Articulated vehicle,Waiting to go - held up,South East,North,On main c'way - not in restricted lane,Approaching junction or waiting/parked at junction approach,None,None,Did not leave carriageway,None,Front,No,Journey as part of work,Male,NA,46 - 55,NA,Heavy oil,5,Data missing or out of range,Less deprived 30-40%,Urban area
2018135C50245,2018,135C50245,1,Car,No tow/articulation,Going ahead other,North East,North West,On main c'way - not in restricted lane,Entering roundabout,None,None,Did not leave carriageway,None,Front,No,Commuting to/from work,Male,NA,36 - 45,NA,Petrol,13,Data missing or out of range,More deprived 10-20%,Urban area
2018135C50245,2018,135C50245,2,Car,No tow/articulation,Turning right,West,North East,On main c'way - not in restricted lane,Leaving roundabout,None,None,Did not leave carriageway,None,Front,No,Commuting to/from work,Female,NA,26 - 35,NA,Petrol,9,Data missing or out of range,Less deprived 10-20%,Urban area
2018135C50928,2018,135C50928,1,Car,No tow/articulation,Slowing or stopping,North West,South East,On main c'way - not in restricted lane,Approaching junction or waiting/parked at junction approach,None,None,Straight ahead at junction,Wall or fence,Front,No,Not known,Male,NA,66 - 75,NA,Petrol,1,Data missing or out of range,More deprived 10-20%,Urban area
2018135C50928,2018,135C50928,2,Car,No tow/articulation,Parked,Parked,Parked,On main c'way - not in restricted lane,Approaching junction or waiting/parked at junction approach,None,None,Did not leave carriageway,None,Offside,No,Not known,Female,NA,46 - 55,NA,Petrol,0,Data missing or out of range,Less deprived 20-30%,Urban area
2018135C51246,2018,135C51246,1,Car,No tow/articulation,Turning right,South West,East,On main c'way - not in restricted lane,Leaving main road,None,None,Did not leave carriageway,None,Nearside,No,Commuting to/from work,Male,NA,36 - 45,NA,Petrol,0,Data missing or out of range,More deprived 10-20%,Urban area
2018135C51246,2018,135C51246,2,Motorcycle 125cc and under,No tow/articulation,Going ahead other,North East,South West,On main c'way - not in restricted lane,Mid Junction - on roundabout or on main road,None,None,Did not leave carriageway,None,Front,No,Not known,Male,NA,16 - 20,NA,Petrol,0,Data missing or out of range,Less deprived 40-50%,Urban area
2018135C51445,2018,135C51445,1,Van / Goods 3.5 tonnes mgw or under,No tow/articulation,Going ahead other,West,East,On main c'way - not in restricted lane,Mid Junction - on roundabout or on main road,None,None,Did not leave carriageway,None,Front,No,Not known,Male,NA,46 - 55,NA,Heavy oil,2,Data missing or out of range,More deprived 30-40%,Urban area
2018135C51445,2018,135C51445,2,Car,No tow/articulation,Going ahead other,South East,North,On main c'way - not in restricted lane,Mid Junction - on roundabout or on main road,None,None,Did not leave carriageway,None,Front,No,Not known,Male,NA,26 - 35,NA,Heavy oil,6,Data missing or out of range,Less deprived 40-50%,Urban area
2018135C51445,2018,135C51445,3,Van / Goods 3.5 tonnes mgw or under,No tow/articulation,Going ahead other,East,West,On main c'way - not in restricted lane,Mid Junction - on roundabout or on main road,None,None,Did not leave carriageway,None,Front,No,Not known,Male,NA,36 - 45,NA,Heavy oil,1,Data missing or out of range,Less deprived 40-50%,Urban area
2018135C51815,2018,135C51815,1,Car,No tow/articulation,Going ahead other,East,North,On main c'way - not in restricted lane,Mid Junction - on roundabout or on main road,None,None,Did not leave carriageway,None,Front,No,Not known,Male,NA,21 - 25,NA,Heavy oil,0,Data missing or out of range,More deprived 30-40%,Urban area
2018135C51815,2018,135C51815,2,Car,No tow/articulation,Going ahead other,North,South East,On main c'way - not in restricted lane,Mid Junction - on roundabout or on main road,None,None,Did not leave carriageway,None,Front,No,Not known,Male,Data missing or out of range,Data missing or out of range,NA,Petrol,3,Data missing or out of range,Data missing or out of range,Data missing or out of range
2018135C60253,2018,135C60253,1,Van / Goods 3.5 tonnes mgw or under,No tow/articulation,Going ahead other,East,West,On main c'way - not in restricted lane,Not at or within 20 metres of junction,None,None,Did not leave carriageway,None,Front,No,Not known,Male,NA,56 - 65,NA,Heavy oil,5,Data missing or out of range,Less deprived 30-40%,Urban area
2018135C60253,2018,135C60253,2,Car,No tow/articulation,Going ahead other,West,East,On main c'way - not in restricted lane,Not at or within 20 metres of junction,None,None,Did not leave carriageway,None,Front,No,Not known,Female,NA,46 - 55,NA,Heavy oil,2,Data missing or out of range,More deprived 10-20%,Rural
2018135C60253,2018,135C60253,3,Car,No tow/articulation,Going ahead other,West,East,On main c'way - not in restricted lane,Not at or within 20 metres of junction,None,None,Did not leave carriageway,None,Front,No,Not known,Male,NA,46 - 55,NA,Heavy oil,0,Data missing or out of range,More deprived 20-30%,Urban area
2018135C60466,2018,135C60466,1,Car,No tow/articulation,Going ahead other,West,East,On main c'way - not in restricted lane,Not at or within 20 metres of junction,None,None,Did not leave carriageway,None,Did not impact,No,Not known,Male,NA,26 - 35,NA,Heavy oil,2,Data missing or out of range,Most deprived 10%,Urban area
2018135C60466,2018,135C60466,2,Car,No tow/articulation,Going ahead other,East,West,On main c'way - not in restricted lane,Not at or within 20 metres of junction,None,None,Did not leave carriageway,None,Did not impact,No,Not known,Female,NA,21 - 25,NA,Petrol,12,Data missing or out of range,More deprived 10-20%,Urban area
2018135C61256,2018,135C61256,1,Car,No tow/articulation,Going ahead other,East,West,On main c'way - not in restricted lane,Not at or within 20 metres of junction,None,None,Did not leave carriageway,None,Front,No,Not known,Not known,NA,46 - 55,Data missing or out of range,Undefined,-1,Data missing or out of range,Data missing or out of range,Data missing or out of range
2018135C61750,2018,135C61750,1,Car,No tow/articulation,Going ahead other,West,East,On main c'way - not in restricted lane,Mid Junction - on roundabout or on main road,None,None,Did not leave carriageway,None,Front,No,Not known,Male,NA,36 - 45,NA,Petrol,11,Data missing or out of range,Data missing or out of range,Data missing or out of range
2018135C71243,2018,135C71243,1,Car,No tow/articulation,Reversing,South East,North East,On main c'way - not in restricted lane,Mid Junction - on roundabout or on main road,None,None,Did not leave carriageway,None,Back,No,Not known,Male,NA,36 - 45,NA,Heavy oil,14,Data missing or out of range,Most deprived 10%,Urban area
2018135C81248,2018,135C81248,1,Car,No tow/articulation,Going ahead other,North,South East,On main c'way - not in restricted lane,Mid Junction - on roundabout or on main road,None,None,Did not leave carriageway,None,Front,No,Not known,Male,NA,66 - 75,NA,Heavy oil,12,Data missing or out of range,More deprived 40-50%,Small town
2018135C81248,2018,135C81248,2,Car,No tow/articulation,Turning right,South East,North,On main c'way - not in restricted lane,Entering main road,None,None,Did not leave carriageway,None,Back,No,Not known,Female,NA,26 - 35,NA,Petrol,14,Data missing or out of range,Less deprived 10-20%,Urban area
2018135C81248,2018,135C81248,3,Car,No tow/articulation,Parked,Parked,Parked,On main c'way - not in restricted lane,Mid Junction - on roundabout or on main road,None,None,Did not leave carriageway,None,Front,No,Not known,Male,NA,36 - 45,NA,Heavy oil,7,Data missing or out of range,Most deprived 10%,Urban area
2018135C81794,2018,135C81794,1,Car,No tow/articulation,Going ahead other,North,South East,On main c'way - not in restricted lane,Mid Junction - on roundabout or on main road,None,None,Offside,Other permanent object,Front,No,Not known,Male,NA,21 - 25,NA,Heavy oil,12,Data missing or out of range,More deprived 20-30%,Urban area
2018135C81794,2018,135C81794,2,Car,No tow/articulation,Turning left,East,South East,On main c'way - not in restricted lane,Mid Junction - on roundabout or on main road,None,None,Did not leave carriageway,None,Front,No,Not known,Male,NA,21 - 25,NA,Petrol,1,Data missing or out of range,More deprived 10-20%,Urban area
2018135C81802,2018,135C81802,1,Car,No tow/articulation,Going ahead other,West,East,On main c'way - not in restricted lane,Not at or within 20 metres of junction,None,None,Did not leave carriageway,None,Front,No,Not known,Female,NA,Over 75,NA,Heavy oil,8,Data missing or out of range,Data missing or out of range,Data missing or out of range
2018135C81802,2018,135C81802,2,Pedal cycle,No tow/articulation,Going ahead other,West,East,On main c'way - not in restricted lane,Not at or within 20 metres of junction,None,None,Did not leave carriageway,None,Front,No,Not known,Male,NA,56 - 65,Data missing or out of range,Undefined,-1,Data missing or out of range,Data missing or out of range,Data missing or out of range
2018135CA0793,2018,135CA0793,1,Car,No tow/articulation,Going ahead left-hand bend,West,East,On main c'way - not in restricted lane,Not at or within 20 metres of junction,None,None,Did not leave carriageway,None,Front,No,Not known,Male,NA,26 - 35,NA,Petrol,17,Data missing or out of range,Most deprived 10%,Urban area
2018135CA0793,2018,135CA0793,2,Car,No tow/articulation,Going ahead right-hand bend,East,West,On main c'way - not in restricted lane,Not at or within 20 metres of junction,None,None,Did not leave carriageway,None,Front,No,Not known,Male,NA,Over 75,NA,Heavy oil,9,Data missing or out of range,Most deprived 10%,Urban area
2018135CA1151,2018,135CA1151,1,Car,No tow/articulation,Going ahead other,West,East,On main c'way - not in restricted lane,Not at or within 20 metres of junction,None,None,Did not leave carriageway,None,Front,No,Not known,Male,Data missing or out of range,Data missing or out of range,NA,Petrol,3,Data missing or out of range,Data missing or out of range,Data missing or out of range
2018135CA1592,2018,135CA1592,1,Car,No tow/articulation,Turning left,North East,South West,On main c'way - not in restricted lane,Approaching junction or waiting/parked at junction approach,None,None,Did not leave carriageway,None,Front,No,Not known,Not known,Data missing or out of range,Data missing or out of range,Data missing or out of range,Undefined,-1,Data missing or out of range,Data missing or out of range,Data missing or out of range
2018135CA1735,2018,135CA1735,1,Car,No tow/articulation,Going ahead other,South East,North,On main c'way - not in restricted lane,Approaching junction or waiting/parked at junction approach,None,None,Did not leave carriageway,None,Front,No,Not known,Female,NA,26 - 35,NA,Heavy oil,3,Data missing or out of range,More deprived 20-30%,Urban area
2018135CA1735,2018,135CA1735,2,Car,No tow/articulation,Going ahead other,East,West,On main c'way - not in restricted lane,Approaching junction or waiting/parked at junction approach,None,None,Did not leave carriageway,None,Nearside,No,Not known,Male,NA,56 - 65,NA,Petrol,2,Data missing or out of range,Less deprived 30-40%,Small town
2018135CA1755,2018,135CA1755,1,Car,No tow/articulation,Going ahead other,East,West,On main c'way - not in restricted lane,Mid Junction - on roundabout or on main road,None,None,Did not leave carriageway,None,Front,No,Not known,Not known,Data missing or out of range,Data missing or out of range,Data missing or out of range,Undefined,-1,Data missing or out of range,Data missing or out of range,Data missing or out of range
2018135CA1755,2018,135CA1755,2,Car,No tow/articulation,Going ahead other,South East,North,On main c'way - not in restricted lane,Mid Junction - on roundabout or on main road,None,None,Did not leave carriageway,None,Offside,No,Not known,Female,NA,26 - 35,NA,Heavy oil,5,Data missing or out of range,Data missing or out of range,Data missing or out of range
2018135CB0041,2018,135CB0041,1,Car,No tow/articulation,Turning right,West,South East,On main c'way - not in restricted lane,Entering main road,None,None,Offside,None,Front,No,Not known,Female,NA,16 - 20,NA,Petrol,6,Data missing or out of range,More deprived 20-30%,Urban area
2018135CB0041,2018,135CB0041,2,Car,No tow/articulation,Going ahead other,South East,North East,On main c'way - not in restricted lane,Approaching junction or waiting/parked at junction approach,None,None,Offside,None,Nearside,No,Journey as part of work,Male,NA,26 - 35,NA,Heavy oil,0,Data missing or out of range,Less deprived 40-50%,Rural
2018135CB0435,2018,135CB0435,1,Pedal cycle,No tow/articulation,Going ahead other,North,South East,On main c'way - not in restricted lane,Mid Junction - on roundabout or on main road,None,None,Did not leave carriageway,None,Front,No,Not known,Male,NA,56 - 65,Data missing or out of range,Undefined,-1,Data missing or out of range,Less deprived 30-40%,Urban area
2018135CB0856,2018,135CB0856,1,Car,No tow/articulation,Going ahead other,North,South East,On main c'way - not in restricted lane,Mid Junction - on roundabout or on main road,None,None,Did not leave carriageway,None,Front,No,Not known,Female,NA,36 - 45,NA,Petrol,13,Data missing or out of range,Most deprived 10%,Urban area
2018135CB0856,2018,135CB0856,2,Car,No tow/articulation,Going ahead other,West,East,On main c'way - not in restricted lane,Mid Junction - on roundabout or on main road,None,None,Did not leave carriageway,None,Offside,No,Not known,Female,NA,46 - 55,NA,Petrol,0,Data missing or out of range,More deprived 20-30%,Urban area
2018135CB1118,2018,135CB1118,1,Car,No tow/articulation,Reversing,Parked,Parked,On main c'way - not in restricted lane,Not at or within 20 metres of junction,None,None,Did not leave carriageway,None,Back,No,Commuting to/from work,Male,NA,46 - 55,NA,Heavy oil,2,Data missing or out of range,Less deprived 40-50%,Urban area
2018135CB1339,2018,135CB1339,1,Car,No tow/articulation,U-turn,North East,South West,On main c'way - not in restricted lane,Not at or within 20 metres of junction,None,None,Did not leave carriageway,None,Offside,No,Not known,Male,NA,46 - 55,NA,Heavy oil,9,Data missing or out of range,Most deprived 10%,Urban area
2018135CB1339,2018,135CB1339,2,Motorcycle over 125cc and up to 500cc,No tow/articulation,Overtaking - nearside,North East,South West,On main c'way - not in restricted lane,Not at or within 20 metres of junction,None,None,Did not leave carriageway,None,Front,No,Not known,Male,NA,26 - 35,NA,Petrol,13,Data missing or out of range,More deprived 10-20%,Urban area
2018135CB1499,2018,135CB1499,1,Other vehicle,No tow/articulation,Going ahead other,South West,North East,On main c'way - not in restricted lane,Not at or within 20 metres of junction,Skidded and overturned,Other object,Nearside,Wall or fence,Front,No,Not known,Not known,Data missing or out of range,Data missing or out of range,Data missing or out of range,Undefined,-1,Data missing or out of range,Data missing or out of range,Data missing or out of range
2018135CB1964,2018,135CB1964,1,Car,No tow/articulation,Going ahead other,North West,South East,On main c'way - not in restricted lane,Not at or within 20 metres of junction,None,None,Offside,Road sign or traffic signal,Front,No,Not known,Male,NA,66 - 75,NA,Heavy oil,1,Data missing or out of range,More deprived 20-30%,Urban area
2018135CC0626,2018,135CC0626,1,Car,No tow/articulation,Going ahead other,West,East,On main c'way - not in restricted lane,Not at or within 20 metres of junction,None,None,Did not leave carriageway,None,Offside,No,Not known,Female,NA,46 - 55,NA,Heavy oil,11,Data missing or out of range,More deprived 30-40%,Urban area
2018135CC1241,2018,135CC1241,1,Van / Goods 3.5 tonnes mgw or under,No tow/articulation,Going ahead other,North East,South West,On main c'way - not in restricted lane,Entering roundabout,None,None,Did not leave carriageway,None,Nearside,No,Not known,Not known,Data missing or out of range,Data missing or out of range,NA,Heavy oil,4,Data missing or out of range,Data missing or out of range,Data missing or out of range
2018135CC1241,2018,135CC1241,2,Car,No tow/articulation,Going ahead other,North East,South West,On main c'way - not in restricted lane,Mid Junction - on roundabout or on main road,None,None,Did not leave carriageway,None,Offside,No,Not known,Female,NA,36 - 45,NA,Heavy oil,8,Data missing or out of range,Most deprived 10%,Urban area
2018135CC1255,2018,135CC1255,1,Car,No tow/articulation,Turning right,South East,North East,On main c'way - not in restricted lane,Approaching junction or waiting/parked at junction approach,None,None,Did not leave carriageway,None,Front,No,Not known,Male,NA,26 - 35,NA,Heavy oil,11,Data missing or out of range,More deprived 40-50%,Urban area
2018135CC1753,2018,135CC1753,1,Car,No tow/articulation,Going ahead other,West,East,On main c'way - not in restricted lane,Mid Junction - on roundabout or on main road,None,None,Did not leave carriageway,None,Front,No,Not known,Female,NA,46 - 55,NA,Heavy oil,2,Data missing or out of range,More deprived 30-40%,Small town
2018135CC1753,2018,135CC1753,2,Car,No tow/articulation,Turning right,East,North,On main c'way - not in restricted lane,Mid Junction - on roundabout or on main road,None,None,Did not leave carriageway,None,Nearside,No,Not known,Female,NA,16 - 20,NA,Petrol,12,Data missing or out of range,More deprived 30-40%,Urban area
2018135CD1348,2018,135CD1348,1,Car,No tow/articulation,Going ahead other,North,South East,On main c'way - not in restricted lane,Mid Junction - on roundabout or on main road,None,None,Did not leave carriageway,None,Front,No,Not known,Male,NA,56 - 65,NA,Petrol,10,Data missing or out of range,Data missing or out of range,Data missing or out of range
2018135CD1348,2018,135CD1348,2,Car,No tow/articulation,Going ahead other,East,West,On main c'way - not in restricted lane,Mid Junction - on roundabout or on main road,None,None,Did not leave carriageway,None,Front,No,Not known,Male,NA,21 - 25,NA,Petrol,12,Data missing or out of range,Most deprived 10%,Urban area
2018135CD1626,2018,135CD1626,1,Car,No tow/articulation,Turning left,West,North East,On main c'way - not in restricted lane,Leaving roundabout,None,None,Did not leave carriageway,None,Front,No,Not known,Not known,Data missing or out of range,Data missing or out of range,Data missing or out of range,Undefined,-1,Data missing or out of range,Data missing or out of range,Data missing or out of range
2018135CD1626,2018,135CD1626,2,Pedal cycle,No tow/articulation,Turning left,West,North East,On main c'way - not in restricted lane,Leaving roundabout,None,None,Did not leave carriageway,None,Nearside,No,Not known,Male,NA,46 - 55,Data missing or out of range,Undefined,-1,Data missing or out of range,Less deprived 20-30%,Urban area
2018135CE0474,2018,135CE0474,1,Car,No tow/articulation,Going ahead other,South West,North East,On main c'way - not in restricted lane,Not at or within 20 metres of junction,None,None,Did not leave carriageway,None,Front,No,Not known,Male,NA,Over 75,NA,Heavy oil,5,Data missing or out of range,Less deprived 20-30%,Rural
2018135CE1101,2018,135CE1101,1,Car,No tow/articulation,Going ahead other,South East,North,On main c'way - not in restricted lane,Mid Junction - on roundabout or on main road,None,None,Did not leave carriageway,None,Front,No,Not known,Male,NA,26 - 35,NA,Heavy oil,13,Data missing or out of range,Most deprived 10%,Urban area
2018135CE1101,2018,135CE1101,2,Car,No tow/articulation,Parked,Parked,Parked,On main c'way - not in restricted lane,Cleared junction or waiting/parked at junction exit,None,Parked vehicle,Did not leave carriageway,None,Front,No,Not known,Female,NA,36 - 45,NA,Petrol,7,Data missing or out of range,Most deprived 10%,Urban area
2018135CE1465,2018,135CE1465,1,Car,No tow/articulation,Going ahead other,East,West,On main c'way - not in restricted lane,Mid Junction - on roundabout or on main road,None,None,Did not leave carriageway,None,Front,No,Not known,Male,NA,56 - 65,NA,Heavy oil,12,Data missing or out of range,More deprived 10-20%,Urban area
2018135CF0985,2018,135CF0985,1,Car,No tow/articulation,Going ahead other,North West,South East,On main c'way - not in restricted lane,Not at or within 20 metres of junction,None,None,Did not leave carriageway,None,Front,No,Not known,Female,NA,16 - 20,NA,Petrol,3,Data missing or out of range,Less deprived 30-40%,Small town
2018135CF1867,2018,135CF1867,1,Car,No tow/articulation,Turning right,East,West,On main c'way - not in restricted lane,Entering main road,None,None,Did not leave carriageway,None,Back,No,Not known,Male,NA,21 - 25,NA,Heavy oil,9,Data missing or out of range,Most deprived 10%,Urban area
2018135CF1867,2018,135CF1867,2,Car,No tow/articulation,Going ahead other,North,West,On main c'way - not in restricted lane,Mid Junction - on roundabout or on main road,Skidded,None,Did not leave carriageway,None,Front,No,Journey as part of work,Male,NA,36 - 45,NA,Heavy oil,2,Data missing or out of range,Less deprived 40-50%,Rural
2018135CG0688,2018,135CG0688,1,Car,No tow/articulation,Turning right,North,West,On main c'way - not in restricted lane,Approaching junction or waiting/parked at junction approach,None,None,Did not leave carriageway,None,Front,No,Not known,Male,NA,26 - 35,NA,Heavy oil,1,Data missing or out of range,Most deprived 10%,Urban area
2018135CG0688,2018,135CG0688,2,Pedal cycle,No tow/articulation,Going ahead other,South East,North,On main c'way - not in restricted lane,Approaching junction or waiting/parked at junction approach,None,None,Did not leave carriageway,None,Front,No,Not known,Male,NA,66 - 75,Data missing or out of range,Undefined,-1,Data missing or out of range,Less deprived 40-50%,Urban area
2018135CH0893,2018,135CH0893,1,Car,No tow/articulation,Turning right,South East,East,On main c'way - not in restricted lane,Not at or within 20 metres of junction,None,None,Did not leave carriageway,None,Offside,No,Not known,Male,NA,26 - 35,NA,Heavy oil,8,Data missing or out of range,Most deprived 10%,Urban area
2018135CH0893,2018,135CH0893,2,Car,No tow/articulation,Overtaking moving vehicle - offside,South East,North,On main c'way - not in restricted lane,Not at or within 20 metres of junction,None,None,Did not leave carriageway,None,Front,No,Not known,Male,Data missing or out of range,Data missing or out of range,NA,Heavy oil,13,Data missing or out of range,Most deprived 10%,Urban area
2018135CH1480,2018,135CH1480,1,Car,No tow/articulation,Going ahead other,North,South East,On main c'way - not in restricted lane,Approaching junction or waiting/parked at junction approach,None,None,Did not leave carriageway,None,Front,No,Not known,Not known,Data missing or out of range,Data missing or out of range,Data missing or out of range,Undefined,-1,Data missing or out of range,Data missing or out of range,Data missing or out of range
2018135CI0304,2018,135CI0304,1,Car,No tow/articulation,Turning right,South West,South East,On main c'way - not in restricted lane,Approaching junction or waiting/parked at junction approach,None,None,Did not leave carriageway,None,Offside,No,Commuting to/from work,Male,NA,26 - 35,NA,Heavy oil,4,Data missing or out of range,Less deprived 40-50%,Urban area
2018135CI0304,2018,135CI0304,2,Car,No tow/articulation,Going ahead other,North East,South West,On main c'way - not in restricted lane,Mid Junction - on roundabout or on main road,None,None,Did not leave carriageway,None,Nearside,No,Commuting to/from work,Female,NA,26 - 35,NA,Petrol,3,Data missing or out of range,More deprived 10-20%,Urban area
2018135CI0409,2018,135CI0409,1,Car,No tow/articulation,Going ahead other,South East,North,On main c'way - not in restricted lane,Not at or within 20 metres of junction,None,None,Did not leave carriageway,None,Front,No,Not known,Female,NA,26 - 35,NA,Petrol,0,Data missing or out of range,Most deprived 10%,Urban area
2018135CI1719,2018,135CI1719,1,Car,No tow/articulation,Turning left,South East,North West,On main c'way - not in restricted lane,Entering main road,None,None,Did not leave carriageway,None,Front,No,Not known,Male,Data missing or out of range,Data missing or out of range,Data missing or out of range,Undefined,-1,Data missing or out of range,More deprived 30-40%,Urban area
2018135CI1719,2018,135CI1719,2,Pedal cycle,No tow/articulation,Going ahead other,South West,North West,On main c'way - not in restricted lane,Mid Junction - on roundabout or on main road,None,None,Did not leave carriageway,None,Nearside,No,Not known,Male,NA,26 - 35,Data missing or out of range,Undefined,-1,Data missing or out of range,Less deprived 40-50%,Small town
2018135CJ0949,2018,135CJ0949,1,Car,No tow/articulation,Going ahead other,South West,North East,On main c'way - not in restricted lane,Mid Junction - on roundabout or on main road,None,None,Did not leave carriageway,None,Front,No,Journey as part of work,Male,NA,26 - 35,NA,Heavy oil,2,Data missing or out of range,Data missing or out of range,Data missing or out of range
2018135CJ0949,2018,135CJ0949,2,Car,No tow/articulation,Turning right,North,South West,On main c'way - not in restricted lane,Mid Junction - on roundabout or on main road,None,None,Did not leave carriageway,None,Front,No,Not known,Male,NA,21 - 25,NA,Petrol,17,Data missing or out of range,More deprived 10-20%,Urban area
2018135CJ1007,2018,135CJ1007,1,Car,No tow/articulation,Parked,Parked,Parked,On main c'way - not in restricted lane,Not at or within 20 metres of junction,None,None,Did not leave carriageway,None,Front,No,Not known,Female,NA,56 - 65,NA,Petrol,12,Data missing or out of range,Less deprived 10-20%,Small town
2018135CJ1007,2018,135CJ1007,2,Car,No tow/articulation,Reversing,East,West,On main c'way - not in restricted lane,Not at or within 20 metres of junction,None,None,Did not leave carriageway,None,Back,No,Not known,Male,NA,36 - 45,Data missing or out of range,Undefined,-1,Data missing or out of range,More deprived 30-40%,Small town
2018135CJ1356,2018,135CJ1356,1,Car,No tow/articulation,Turning right,South West,South East,On main c'way - not in restricted lane,Mid Junction - on roundabout or on main road,None,None,Did not leave carriageway,None,Front,No,Not known,Female,NA,26 - 35,NA,Petrol,10,Data missing or out of range,Most deprived 10%,Urban area
2018135CJ1356,2018,135CJ1356,2,Pedal cycle,No tow/articulation,Going ahead other,South East,North West,On main c'way - not in restricted lane,Mid Junction - on roundabout or on main road,None,None,Did not leave carriageway,None,Front,No,Journey as part of work,Male,NA,16 - 20,Data missing or out of range,Undefined,-1,Data missing or out of range,More deprived 10-20%,Urban area
2018135CJ1480,2018,135CJ1480,1,Car,No tow/articulation,Overtaking static vehicle - offside,North East,South West,On main c'way - not in restricted lane,Approaching junction or waiting/parked at junction approach,None,None,Did not leave carriageway,None,Front,No,Not known,Male,NA,21 - 25,NA,Heavy oil,6,Data missing or out of range,Less deprived 20-30%,Urban area
2018135CJ1684,2018,135CJ1684,1,Car,No tow/articulation,Going ahead other,North,South East,On main c'way - not in restricted lane,Mid Junction - on roundabout or on main road,None,None,Did not leave carriageway,None,Nearside,No,Not known,Male,Data missing or out of range,Data missing or out of range,Data missing or out of range,Undefined,-1,Data missing or out of range,Data missing or out of range,Data missing or out of range
2018135CJ1684,2018,135CJ1684,2,Pedal cycle,No tow/articulation,Going ahead other,North,South East,On main c'way - not in restricted lane,Mid Junction - on roundabout or on main road,None,None,Did not leave carriageway,None,Offside,No,Commuting to/from work,Male,NA,36 - 45,Data missing or out of range,Undefined,-1,Data missing or out of range,More deprived 10-20%,Urban area
2018135CK0722,2018,135CK0722,1,Car,No tow/articulation,Parked,Parked,Parked,On main c'way - not in restricted lane,Mid Junction - on roundabout or on main road,None,None,Did not leave carriageway,None,Back,No,Not known,Female,NA,21 - 25,NA,Petrol,6,Data missing or out of range,Most deprived 10%,Urban area
2018135CK0722,2018,135CK0722,2,Car,No tow/articulation,Going ahead other,West,North,On main c'way - not in restricted lane,Mid Junction - on roundabout or on main road,None,None,Did not leave carriageway,None,Front,No,Not known,Female,Data missing or out of range,Data missing or out of range,NA,Petrol,4,Data missing or out of range,Less deprived 20-30%,Urban area
2018135CK1039,2018,135CK1039,1,Car,No tow/articulation,Going ahead other,North,South East,On main c'way - not in restricted lane,Mid Junction - on roundabout or on main road,None,None,Did not leave carriageway,None,Front,No,Not known,Male,NA,26 - 35,NA,Heavy oil,13,Data missing or out of range,Less deprived 30-40%,Small town
2018135CK1039,2018,135CK1039,2,Car,No tow/articulation,Turning right,South East,East,On main c'way - not in restricted lane,Mid Junction - on roundabout or on main road,None,None,Did not leave carriageway,None,Offside,No,Not known,Female,NA,66 - 75,NA,Petrol,23,Data missing or out of range,More deprived 30-40%,Urban area