accident_index,accident_year,accident_reference,vehicle_reference,vehicle_type,towing_and_articulation,vehicle_manoeuvre,vehicle_direction_from,vehicle_direction_to,vehicle_location_restricted_lane,junction_location,skidding_and_overturning,hit_object_in_carriageway,vehicle_leaving_carriageway,hit_object_off_carriageway,first_point_of_impact,vehicle_left_hand_drive,journey_purpose_of_driver,sex_of_driver,age_of_driver,age_band_of_driver,engine_capacity_cc,propulsion_code,age_of_vehicle,generic_make_model,driver_imd_decile,driver_home_area_type
20191361F0304,2019,1361F0304,2,Car,No tow/articulation,Overtaking moving vehicle - offside,West,East,On main c'way - not in restricted lane,Approaching junction or waiting/parked at junction approach,None,None,Did not leave carriageway,None,Front,No,Not known,Male,NA,26 - 35,Data missing or out of range,Undefined,-1,Data missing or out of range,Less deprived 20-30%,Urban area
20191361F1075,2019,1361F1075,1,Car,No tow/articulation,Going ahead right-hand bend,North,South West,On main c'way - not in restricted lane,Not at or within 20 metres of junction,None,None,Did not leave carriageway,None,Front,No,Not known,Male,NA,46 - 55,NA,Petrol,14,Data missing or out of range,Most deprived 10%,Urban area
20191361F1075,2019,1361F1075,2,Car,No tow/articulation,Going ahead left-hand bend,South West,North,On main c'way - not in restricted lane,Not at or within 20 metres of junction,None,None,Did not leave carriageway,None,Front,No,Not known,Male,NA,66 - 75,NA,Heavy oil,5,Data missing or out of range,Less deprived 10-20%,Small town
20191361F1162,2019,1361F1162,1,Car,No tow/articulation,Turning right,South East,East,On main c'way - not in restricted lane,Cleared junction or waiting/parked at junction exit,None,None,Did not leave carriageway,None,Front,No,Not known,Male,NA,21 - 25,NA,Petrol,4,Data missing or out of range,Less deprived 40-50%,Urban area
20191361F1162,2019,1361F1162,2,Car,No tow/articulation,Going ahead other,East,West,On main c'way - not in restricted lane,Approaching junction or waiting/parked at junction approach,None,None,Did not leave carriageway,None,Nearside,No,Not known,Male,NA,46 - 55,NA,Heavy oil,4,Data missing or out of range,More deprived 10-20%,Urban area
20191361F1186,2019,1361F1186,1,Car,No tow/articulation,Going ahead other,South East,West,On main c'way - not in restricted lane,Entering roundabout,None,None,Did not leave carriageway,None,Front,No,Not known,Female,Data missing or out of range,Data missing or out of range,NA,Petrol,9,Data missing or out of range,Data missing or out of range,Data missing or out of range
20191361F1186,2019,1361F1186,2,Car,No tow/articulation,Going ahead other,South East,West,On main c'way - not in restricted lane,Entering roundabout,None,None,Did not leave carriageway,None,Back,No,Journey as part of work,Female,NA,26 - 35,NA,Heavy oil,7,Data missing or out of range,More deprived 20-30%,Urban area
20191361F1200,2019,1361F1200,1,Car,No tow/articulation,Going ahead other,South East,North West,On main c'way - not in restricted lane,Not at or within 20 metres of junction,None,None,Did not leave carriageway,None,Front,No,Commuting to/from work,Female,NA,21 - 25,NA,Petrol,11,Data missing or out of range,More deprived 40-50%,Urban area
20191361F1395,2019,1361F1395,1,Car,No tow/articulation,Going ahead other,South West,North East,On main c'way - not in restricted lane,Mid Junction - on roundabout or on main road,None,None,Did not leave carriageway,Wall or fence,Offside,No,Not known,Female,NA,36 - 45,NA,Heavy oil,10,Data missing or out of range,Most deprived 10%,Urban area
20191361F1395,2019,1361F1395,2,Taxi/Private hire car,No tow/articulation,Going ahead other,South East,North,On main c'way - not in restricted lane,Mid Junction - on roundabout or on main road,None,None,Did not leave carriageway,None,Front,No,Not known,Male,NA,36 - 45,Data missing or out of range,Undefined,-1,Data missing or out of range,Most deprived 10%,Urban area
20191361G1247,2019,1361G1247,1,Car,No tow/articulation,Slowing or stopping,West,East,On main c'way - not in restricted lane,Approaching junction or waiting/parked at junction approach,None,None,Did not leave carriageway,None,Front,No,Not known,Female,NA,36 - 45,NA,Petrol,3,Data missing or out of range,Most deprived 10%,Urban area
20191361G1247,2019,1361G1247,2,Car,No tow/articulation,Slowing or stopping,West,East,On main c'way - not in restricted lane,Approaching junction or waiting/parked at junction approach,None,None,Did not leave carriageway,None,Back,No,Not known,Female,NA,36 - 45,NA,Petrol,1,Data missing or out of range,More deprived 20-30%,Urban area
20191361G1702,2019,1361G1702,1,Car,No tow/articulation,Going ahead other,South East,North West,On main c'way - not in restricted lane,Entering roundabout,None,None,Did not leave carriageway,None,Offside,No,Not known,Male,NA,36 - 45,NA,Heavy oil,10,Data missing or out of range,More deprived 20-30%,Urban area
20191361G1702,2019,1361G1702,2,Car,No tow/articulation,Going ahead other,East,West,On main c'way - not in restricted lane,Mid Junction - on roundabout or on main road,None,None,Did not leave carriageway,None,Front,No,Not known,Female,NA,36 - 45,NA,Heavy oil,7,Data missing or out of range,Most deprived 10%,Urban area
20191361H0253,2019,1361H0253,1,Car,No tow/articulation,Turning right,West,East,On main c'way - not in restricted lane,Mid Junction - on roundabout or on main road,None,None,Did not leave carriageway,None,Front,No,Taking pupil to/from school,Female,NA,21 - 25,NA,Heavy oil,13,Data missing or out of range,More deprived 20-30%,Urban area
20191361H0349,2019,1361H0349,1,Car,No tow/articulation,Turning right,South East,East,On main c'way - not in restricted lane,Entering main road,None,None,Did not leave carriageway,None,Front,No,Not known,Female,NA,36 - 45,NA,Petrol,12,Data missing or out of range,More deprived 10-20%,Urban area
20191361H1209,2019,1361H1209,1,Car,No tow/articulation,Moving off,West,South East,On main c'way - not in restricted lane,Mid Junction - on roundabout or on main road,None,None,Did not leave carriageway,None,Front,No,Commuting to/from work,Male,NA,21 - 25,NA,Heavy oil,4,Data missing or out of range,More deprived 40-50%,Urban area
20191361I1326,2019,1361I1326,1,Car,No tow/articulation,Going ahead other,North West,South East,On main c'way - not in restricted lane,Approaching junction or waiting/parked at junction approach,None,None,Did not leave carriageway,None,Nearside,No,Commuting to/from work,Male,NA,16 - 20,NA,Petrol,4,Data missing or out of range,More deprived 20-30%,Urban area
20191361I1326,2019,1361I1326,2,Car,No tow/articulation,Turning right,South East,North West,On main c'way - not in restricted lane,Mid Junction - on roundabout or on main road,None,None,Did not leave carriageway,None,Front,No,Not known,Male,NA,36 - 45,NA,Heavy oil,2,Data missing or out of range,Less deprived 40-50%,Urban area
20191361J0797,2019,1361J0797,1,Car,No tow/articulation,Slowing or stopping,South East,North,On main c'way - not in restricted lane,Mid Junction - on roundabout or on main road,None,None,Did not leave carriageway,None,Front,No,Not known,Male,NA,26 - 35,NA,Heavy oil,11,Data missing or out of range,More deprived 20-30%,Urban area
20191361J0797,2019,1361J0797,2,Car,No tow/articulation,Slowing or stopping,South East,North,On main c'way - not in restricted lane,Mid Junction - on roundabout or on main road,None,None,Did not leave carriageway,None,Back,No,Not known,Male,NA,36 - 45,NA,Heavy oil,11,Data missing or out of range,Most deprived 10%,Urban area
20191361J0959,2019,1361J0959,1,Car,No tow/articulation,Changing lane to right,South East,North,On main c'way - not in restricted lane,Not at or within 20 metres of junction,None,None,Did not leave carriageway,None,Offside,No,Not known,Male,Data missing or out of range,Data missing or out of range,NA,Petrol,6,Data missing or out of range,Most deprived 10%,Urban area
20191361J0959,2019,1361J0959,2,Car,No tow/articulation,Going ahead other,South East,North,On main c'way - not in restricted lane,Not at or within 20 metres of junction,None,None,Did not leave carriageway,None,Nearside,No,Not known,Male,NA,26 - 35,NA,Petrol,2,Data missing or out of range,More deprived 10-20%,Urban area
20191361K0153,2019,1361K0153,1,Taxi/Private hire car,No tow/articulation,Slowing or stopping,South East,North,On main c'way - not in restricted lane,Not at or within 20 metres of junction,None,None,Did not leave carriageway,None,Front,No,Journey as part of work,Male,NA,36 - 45,NA,Hybrid electric,8,Data missing or out of range,More deprived 30-40%,Urban area
20191361K0844,2019,1361K0844,1,Car,No tow/articulation,Going ahead other,North West,South East,On main c'way - not in restricted lane,Not at or within 20 metres of junction,None,None,Did not leave carriageway,None,Front,No,Not known,Male,NA,16 - 20,NA,Heavy oil,9,Data missing or out of range,More deprived 40-50%,Urban area
20191361K0844,2019,1361K0844,2,Motorcycle 125cc and under,No tow/articulation,Going ahead other,North West,South East,On main c'way - not in restricted lane,Not at or within 20 metres of junction,None,None,Did not leave carriageway,None,Back,No,Not known,Male,NA,66 - 75,NA,Petrol,35,Data missing or out of range,Least deprived 10%,Urban area
20191361K0931,2019,1361K0931,1,Car,No tow/articulation,Going ahead other,South East,North,On main c'way - not in restricted lane,Entering roundabout,None,None,Did not leave carriageway,None,Front,No,Not known,Male,NA,46 - 55,NA,Heavy oil,8,Data missing or out of range,Data missing or out of range,Data missing or out of range
20191361K0931,2019,1361K0931,2,Car,No tow/articulation,Going ahead other,East,South East,On main c'way - not in restricted lane,Entering roundabout,None,None,Did not leave carriageway,None,Front,No,Not known,Male,NA,36 - 45,NA,Petrol,15,Data missing or out of range,Data missing or out of range,Data missing or out of range
20191361K1099,2019,1361K1099,1,Car,No tow/articulation,Going ahead other,East,West,On main c'way - not in restricted lane,Not at or within 20 metres of junction,None,None,Did not leave carriageway,None,Front,No,Not known,Male,NA,36 - 45,NA,Heavy oil,12,Data missing or out of range,More deprived 20-30%,Urban area
20191361L1140,2019,1361L1140,1,Car,No tow/articulation,Going ahead other,South East,North,On main c'way - not in restricted lane,Not at or within 20 metres of junction,None,None,Did not leave carriageway,None,Front,No,Not known,Female,NA,26 - 35,Data missing or out of range,Undefined,-1,Data missing or out of range,More deprived 30-40%,Urban area
20191361M0349,2019,1361M0349,1,Car,No tow/articulation,Going ahead other,East,West,On main c'way - not in restricted lane,Not at or within 20 metres of junction,None,None,Did not leave carriageway,None,Front,No,Not known,Male,NA,Over 75,NA,Petrol,6,Data missing or out of range,Less deprived 40-50%,Urban area
20191361M0349,2019,1361M0349,2,Car,No tow/articulation,Going ahead other,East,West,On main c'way - not in restricted lane,Not at or within 20 metres of junction,None,None,Did not leave carriageway,None,Front,No,Journey as part of work,Female,NA,36 - 45,NA,Heavy oil,3,Data missing or out of range,Most deprived 10%,Urban area
20191361M1294,2019,1361M1294,1,Van / Goods 3.5 tonnes mgw or under,No tow/articulation,Going ahead other,South East,North West,On main c'way - not in restricted lane,Not at or within 20 metres of junction,None,None,Did not leave carriageway,None,Front,No,Not known,Male,NA,46 - 55,NA,Heavy oil,4,Data missing or out of range,Less deprived 40-50%,Rural
20191361N0165,2019,1361N0165,1,Car,No tow/articulation,Going ahead right-hand bend,West,East,On main c'way - not in restricted lane,Not at or within 20 metres of junction,None,None,Did not leave carriageway,None,Front,No,Commuting to/from work,Male,NA,16 - 20,NA,Petrol,5,Data missing or out of range,More deprived 10-20%,Urban area
20191361N0165,2019,1361N0165,2,Car,No tow/articulation,Parked,Parked,Parked,On main c'way - not in restricted lane,Not at or within 20 metres of junction,None,None,Did not leave carriageway,None,Back,No,Not known,Not known,Data missing or out of range,Data missing or out of range,NA,Heavy oil,3,Data missing or out of range,More deprived 40-50%,Urban area
20191361N0165,2019,1361N0165,3,Car,No tow/articulation,Parked,Parked,Parked,On main c'way - not in restricted lane,Not at or within 20 metres of junction,None,None,Did not leave carriageway,None,Front,No,Not known,Not known,Data missing or out of range,Data missing or out of range,NA,Petrol,15,Data missing or out of range,More deprived 40-50%,Urban area
20191361N0165,2019,1361N0165,4,Car,No tow/articulation,Parked,Parked,Parked,On main c'way - not in restricted lane,Not at or within 20 metres of junction,None,None,Did not leave carriageway,None,Front,No,Not known,Not known,Data missing or out of range,Data missing or out of range,NA,Heavy oil,13,Data missing or out of range,More deprived 40-50%,Urban area
20191361O0668,2019,1361O0668,1,Car,No tow/articulation,Going ahead other,North West,South East,On main c'way - not in restricted lane,Not at or within 20 metres of junction,None,None,Did not leave carriageway,None,Front,No,Not known,Male,Data missing or out of range,Data missing or out of range,NA,Petrol,21,Data missing or out of range,Less deprived 20-30%,Urban area
20191361O0668,2019,1361O0668,2,Car,No tow/articulation,Slowing or stopping,North West,South East,On main c'way - not in restricted lane,Not at or within 20 metres of junction,None,None,Did not leave carriageway,None,Back,No,Not known,Female,NA,36 - 45,NA,Heavy oil,5,Data missing or out of range,Least deprived 10%,Small town
20191361O1427,2019,1361O1427,1,Car,No tow/articulation,Going ahead other,East,West,On main c'way - not in restricted lane,Not at or within 20 metres of junction,None,None,Did not leave carriageway,None,Nearside,No,Not known,Male,NA,56 - 65,NA,Heavy oil,11,Data missing or out of range,Less deprived 30-40%,Urban area
20191361P1623,2019,1361P1623,1,Car,No tow/articulation,Turning left,East,West,On main c'way - not in restricted lane,Entering main road,None,None,Did not leave carriageway,None,Front,No,Not known,Female,NA,21 - 25,NA,Petrol,10,Data missing or out of range,Less deprived 20-30%,Urban area
20191361P1623,2019,1361P1623,2,Motorcycle over 500cc,No tow/articulation,Going ahead other,North,South East,On main c'way - not in restricted lane,Approaching junction or waiting/parked at junction approach,None,None,Did not leave carriageway,None,Nearside,No,Not known,Male,NA,56 - 65,NA,Petrol,18,Data missing or out of range,Most deprived 10%,Urban area
20191361Q0285,2019,1361Q0285,1,Car,No tow/articulation,Going ahead right-hand bend,North,West,On main c'way - not in restricted lane,Mid Junction - on roundabout or on main road,None,None,Did not leave carriageway,Lamp post,Front,No,Not known,Male,NA,36 - 45,NA,Hybrid electric,4,Data missing or out of range,More deprived 30-40%,Urban area
20191361Q1093,2019,1361Q1093,1,Motorcycle 125cc and under,No tow/articulation,Going ahead other,South East,North,On main c'way - not in restricted lane,Not at or within 20 metres of junction,Skidded,None,Did not leave carriageway,None,Did not impact,No,Not known,Male,NA,16 - 20,NA,Petrol,2,Data missing or out of range,Most deprived 10%,Urban area
20191361Q1770,2019,1361Q1770,1,Car,No tow/articulation,Going ahead other,North,South East,On main c'way - not in restricted lane,Not at or within 20 metres of junction,None,None,Did not leave carriageway,None,Front,No,Not known,Not known,Data missing or out of range,Data missing or out of range,Data missing or out of range,Undefined,-1,Data missing or out of range,Data missing or out of range,Data missing or out of range
20191361R1085,2019,1361R1085,1,Car,No tow/articulation,Going ahead other,South West,North East,On main c'way - not in restricted lane,Not at or within 20 metres of junction,None,None,Did not leave carriageway,None,Front,No,Not known,Male,Data missing or out of range,Data missing or out of range,NA,Heavy oil,16,Data missing or out of range,Data missing or out of range,Data missing or out of range
20191361R1085,2019,1361R1085,2,Car,No tow/articulation,Waiting to go - held up,South West,North East,On main c'way - not in restricted lane,Not at or within 20 metres of junction,None,None,Did not leave carriageway,None,Back,No,Not known,Female,NA,36 - 45,NA,Heavy oil,13,Data missing or out of range,Most deprived 10%,Urban area
20191361R1242,2019,1361R1242,1,Car,No tow/articulation,Going ahead other,North,South East,On main c'way - not in restricted lane,Not at or within 20 metres of junction,None,None,Did not leave carriageway,None,Nearside,No,Not known,Male,NA,26 - 35,NA,Heavy oil,12,Data missing or out of range,Most deprived 10%,Urban area
20191361R1391,2019,1361R1391,1,Car,No tow/articulation,Going ahead other,South West,North East,On main c'way - not in restricted lane,Not at or within 20 metres of junction,None,None,Did not leave carriageway,None,Front,No,Not known,Male,NA,56 - 65,NA,Petrol,1,Data missing or out of range,Least deprived 10%,Small town
20191361R1391,2019,1361R1391,2,Car,No tow/articulation,Going ahead other,North East,South West,On main c'way - not in restricted lane,Not at or within 20 metres of junction,None,None,Did not leave carriageway,None,Front,No,Not known,Male,NA,21 - 25,NA,Petrol,6,Data missing or out of range,More deprived 30-40%,Small town
20191361R1401,2019,1361R1401,1,Car,No tow/articulation,Turning right,West,South East,On main c'way - not in restricted lane,Mid Junction - on roundabout or on main road,None,None,Did not leave carriageway,None,Front,No,Not known,Male,NA,36 - 45,NA,Petrol,9,Data missing or out of range,More deprived 30-40%,Urban area
20191361S1383,2019,1361S1383,1,Car,No tow/articulation,Going ahead other,North,South East,On main c'way - not in restricted lane,Not at or within 20 metres of junction,None,None,Did not leave carriageway,None,Front,No,Not known,Male,NA,46 - 55,NA,Heavy oil,12,Data missing or out of range,Less deprived 20-30%,Urban area
20191361S1383,2019,1361S1383,2,Car,No tow/articulation,Waiting to go - held up,North,South East,On main c'way - not in restricted lane,Not at or within 20 metres of junction,None,None,Did not leave carriageway,None,Back,No,Not known,Female,NA,21 - 25,NA,Petrol,1,Data missing or out of range,More deprived 20-30%,Urban area
20191361S1383,2019,1361S1383,3,Car,No tow/articulation,Waiting to go - held up,North,South East,On main c'way - not in restricted lane,Not at or within 20 metres of junction,None,None,Did not leave carriageway,None,Back,No,Commuting to/from work,Male,NA,21 - 25,NA,Petrol,3,Data missing or out of range,More deprived 40-50%,Small town
20191361T1124,2019,1361T1124,1,Car,No tow/articulation,Going ahead other,South West,North East,On main c'way - not in restricted lane,Mid Junction - on roundabout or on main road,None,None,Did not leave carriageway,None,Front,No,Not known,Male,NA,36 - 45,NA,Petrol,13,Data missing or out of range,Most deprived 10%,Urban area
20191361T1124,2019,1361T1124,2,Car,No tow/articulation,Going ahead other,North East,South West,On main c'way - not in restricted lane,Mid Junction - on roundabout or on main road,None,None,Did not leave carriageway,None,Front,No,Not known,Female,NA,36 - 45,NA,Heavy oil,11,Data missing or out of range,More deprived 30-40%,Urban area
20191361U0936,2019,1361U0936,1,Taxi/Private hire car,No tow/articulation,Going ahead other,North East,South West,On main c'way - not in restricted lane,Not at or within 20 metres of junction,None,None,Did not leave carriageway,None,Front,No,Journey as part of work,Male,NA,36 - 45,NA,Hybrid electric,8,Data missing or out of range,More deprived 30-40%,Urban area
20191361V0233,2019,1361V0233,1,Motorcycle over 125cc and up to 500cc,No tow/articulation,Going ahead other,East,West,On main c'way - not in restricted lane,Not at or within 20 metres of junction,None,None,Did not leave carriageway,None,Did not impact,No,Not known,Male,NA,21 - 25,NA,Petrol,2,Data missing or out of range,Less deprived 30-40%,Urban area
20191361V1101,2019,1361V1101,1,Motorcycle 125cc and under,No tow/articulation,Overtaking moving vehicle - offside,North East,South West,On main c'way - not in restricted lane,Approaching junction or waiting/parked at junction approach,None,None,Did not leave carriageway,None,Front,No,Not known,Male,NA,16 - 20,NA,Petrol,7,Data missing or out of range,Most deprived 10%,Urban area
20191361V1101,2019,1361V1101,2,Car,No tow/articulation,Moving off,North West,South West,On main c'way - not in restricted lane,Approaching junction or waiting/parked at junction approach,None,None,Did not leave carriageway,None,Offside,No,Not known,Male,NA,26 - 35,NA,Heavy oil,7,Data missing or out of range,Less deprived 40-50%,Urban area
20191361V1420,2019,1361V1420,1,Car,No tow/articulation,Going ahead other,East,West,On main c'way - not in restricted lane,Not at or within 20 metres of junction,None,Kerb,Nearside,Road sign or traffic signal,Front,No,Not known,Male,NA,26 - 35,NA,Petrol,9,Data missing or out of range,Most deprived 10%,Urban area
2019136210374,2019,136210374,1,Van / Goods 3.5 tonnes mgw or under,No tow/articulation,Going ahead other,North,South East,On main c'way - not in restricted lane,Not at or within 20 metres of junction,None,None,Did not leave carriageway,Wall or fence,Offside,No,Not known,Male,NA,56 - 65,NA,Heavy oil,12,Data missing or out of range,More deprived 30-40%,Urban area
2019136211389,2019,136211389,1,Van / Goods 3.5 tonnes mgw or under,No tow/articulation,Parked,Parked,Parked,On main c'way - not in restricted lane,Not at or within 20 metres of junction,None,None,Did not leave carriageway,None,Back,No,Not known,Not known,Data missing or out of range,Data missing or out of range,NA,Heavy oil,6,Data missing or out of range,Data missing or out of range,Data missing or out of range
2019136211389,2019,136211389,2,Car,No tow/articulation,Going ahead other,South East,North,On main c'way - not in restricted lane,Not at or within 20 metres of junction,None,None,Did not leave carriageway,None,Front,No,Not known,Male,NA,56 - 65,NA,Petrol,16,Data missing or out of range,Less deprived 20-30%,Urban area
2019136220607,2019,136220607,1,Car,No tow/articulation,Going ahead other,North,South East,On main c'way - not in restricted lane,Not at or within 20 metres of junction,None,Parked vehicle,Did not leave carriageway,None,Front,No,Not known,Female,NA,56 - 65,NA,Petrol,14,Data missing or out of range,More deprived 10-20%,Urban area
2019136220607,2019,136220607,2,Car,No tow/articulation,Parked,Parked,Parked,On main c'way - not in restricted lane,Not at or within 20 metres of junction,None,None,Did not leave carriageway,None,Nearside,No,Not known,Female,NA,46 - 55,NA,Petrol,13,Data missing or out of range,Data missing or out of range,Data missing or out of range
2019136220607,2019,136220607,3,Car,No tow/articulation,Parked,Parked,Parked,On main c'way - not in restricted lane,Not at or within 20 metres of junction,None,None,Did not leave carriageway,None,Nearside,No,Not known,Female,NA,46 - 55,NA,Petrol,17,Data missing or out of range,Data missing or out of range,Data missing or out of range
2019136230845,2019,136230845,1,Car,No tow/articulation,Overtaking moving vehicle - offside,North East,South West,On main c'way - not in restricted lane,Not at or within 20 metres of junction,Overturned,None,Nearside,Wall or fence,Nearside,No,Not known,Male,NA,26 - 35,NA,Heavy oil,6,Data missing or out of range,More deprived 40-50%,Urban area
2019136230845,2019,136230845,2,Car,No tow/articulation,Going ahead other,North East,South West,On main c'way - not in restricted lane,Not at or within 20 metres of junction,None,None,Did not leave carriageway,None,Offside,No,Not known,Male,NA,21 - 25,NA,Petrol,4,Data missing or out of range,More deprived 20-30%,Urban area
2019136230845,2019,136230845,3,Car,No tow/articulation,Going ahead other,South West,North East,On main c'way - not in restricted lane,Not at or within 20 metres of junction,None,None,Did not leave carriageway,None,Front,No,Not known,Male,NA,36 - 45,NA,Petrol,1,Data missing or out of range,Less deprived 30-40%,Urban area
2019136231041,2019,136231041,1,Car,No tow/articulation,Going ahead other,North West,South East,On main c'way - not in restricted lane,Not at or within 20 metres of junction,None,None,Did not leave carriageway,None,Front,No,Not known,Male,Data missing or out of range,Data missing or out of range,Data missing or out of range,Undefined,-1,Data missing or out of range,Data missing or out of range,Data missing or out of range
2019136241610,2019,136241610,1,Car,No tow/articulation,Going ahead other,West,East,On main c'way - not in restricted lane,Cleared junction or waiting/parked at junction exit,None,None,Did not leave carriageway,None,Did not impact,No,Not known,Not known,Data missing or out of range,Data missing or out of range,Data missing or out of range,Undefined,-1,Data missing or out of range,Data missing or out of range,Data missing or out of range
2019136241610,2019,136241610,2,Car,No tow/articulation,Slowing or stopping,West,East,On main c'way - not in restricted lane,Approaching junction or waiting/parked at junction approach,None,None,Did not leave carriageway,None,Front,No,Journey as part of work,Male,NA,46 - 55,NA,Heavy oil,2,Data missing or out of range,Less deprived 40-50%,Rural
2019136241610,2019,136241610,3,Car,No tow/articulation,Going ahead other,North,South East,On main c'way - not in restricted lane,Approaching junction or waiting/parked at junction approach,None,None,Did not leave carriageway,None,Offside,No,Not known,Male,NA,26 - 35,NA,Heavy oil,10,Data missing or out of range,Most deprived 10%,Urban area
2019136251200,2019,136251200,1,Car,No tow/articulation,Going ahead other,North East,South West,On main c'way - not in restricted lane,Not at or within 20 metres of junction,None,None,Nearside and rebounded,Wall or fence,Front,No,Not known,Female,NA,21 - 25,NA,Petrol,1,Data missing or out of range,Most deprived 10%,Urban area
2019136260259,2019,136260259,1,Van / Goods 3.5 tonnes mgw or under,No tow/articulation,Going ahead other,South West,North East,On main c'way - not in restricted lane,Not at or within 20 metres of junction,None,None,Nearside,Road sign or traffic signal,Front,No,Not known,Male,NA,36 - 45,NA,Heavy oil,9,Data missing or out of range,Less deprived 30-40%,Urban area
2019136260939,2019,136260939,1,Goods over 3.5t. and under 7.5t,No tow/articulation,Moving off,North,South East,On main c'way - not in restricted lane,Entering main road,None,None,Did not leave carriageway,None,Front,No,Journey as part of work,Male,NA,46 - 55,NA,Heavy oil,6,Data missing or out of range,Less deprived 40-50%,Urban area
2019136260939,2019,136260939,2,Van / Goods 3.5 tonnes mgw or under,No tow/articulation,Going ahead other,East,West,On main c'way - not in restricted lane,Cleared junction or waiting/parked at junction exit,None,None,Nearside,None,Offside,No,Journey as part of work,Female,NA,21 - 25,NA,Heavy oil,1,Data missing or out of range,Less deprived 30-40%,Small town
2019136261374,2019,136261374,1,Motorcycle over 500cc,No tow/articulation,Going ahead other,North,South East,On main c'way - not in restricted lane,Not at or within 20 metres of junction,Overturned,None,Did not leave carriageway,None,Front,No,Not known,Male,NA,26 - 35,NA,Petrol,1,Data missing or out of range,Less deprived 40-50%,Small town
2019136261720,2019,136261720,1,Car,No tow/articulation,Going ahead right-hand bend,South West,East,On main c'way - not in restricted lane,Not at or within 20 metres of junction,Skidded and overturned,None,Nearside,None,Nearside,No,Not known,Female,NA,16 - 20,NA,Petrol,14,Data missing or out of range,Less deprived 40-50%,Urban area
2019136270933,2019,136270933,1,Car,No tow/articulation,Moving off,North,West,On main c'way - not in restricted lane,Leaving main road,None,None,Did not leave carriageway,None,Offside,No,Not known,Female,NA,26 - 35,NA,Heavy oil,1,Data missing or out of range,Data missing or out of range,Data missing or out of range
2019136270933,2019,136270933,2,Car,No tow/articulation,Going ahead other,West,East,On main c'way - not in restricted lane,Mid Junction - on roundabout or on main road,None,None,Did not leave carriageway,None,Front,No,Not known,Female,NA,26 - 35,Data missing or out of range,Undefined,-1,Data missing or out of range,Data missing or out of range,Data missing or out of range
2019136271098,2019,136271098,1,Car,No tow/articulation,Overtaking static vehicle - offside,West,East,On main c'way - not in restricted lane,Not at or within 20 metres of junction,None,None,Did not leave carriageway,None,Front,No,Taking pupil to/from school,Female,NA,26 - 35,NA,Petrol,10,Data missing or out of range,More deprived 20-30%,Urban area
2019136290576,2019,136290576,1,Car,No tow/articulation,U-turn,South East,North,On main c'way - not in restricted lane,Not at or within 20 metres of junction,None,None,Did not leave carriageway,None,Front,No,Not known,Not known,Data missing or out of range,Data missing or out of range,NA,Petrol,15,Data missing or out of range,Data missing or out of range,Data missing or out of range
2019136290576,2019,136290576,2,Car,No tow/articulation,Going ahead other,South East,South East,On main c'way - not in restricted lane,Not at or within 20 metres of junction,None,None,Did not leave carriageway,None,Nearside,No,Not known,Female,NA,36 - 45,NA,Petrol,6,Data missing or out of range,More deprived 10-20%,Urban area
2019136291070,2019,136291070,1,Car,No tow/articulation,Reversing,East,North,On main c'way - not in restricted lane,Not at or within 20 metres of junction,None,None,Did not leave carriageway,None,Back,No,Not known,Male,NA,46 - 55,Data missing or out of range,Undefined,-1,Data missing or out of range,Less deprived 30-40%,Urban area
2019136291529,2019,136291529,1,Car,No tow/articulation,Going ahead other,South West,North East,On main c'way - not in restricted lane,Mid Junction - on roundabout or on main road,None,None,Offside,Wall or fence,Front,No,Not known,Not known,Data missing or out of range,Data missing or out of range,NA,Petrol,2,Data missing or out of range,Data missing or out of range,Data missing or out of range
2019136291529,2019,136291529,2,Car,No tow/articulation,Going ahead other,South East,North West,On main c'way - not in restricted lane,Mid Junction - on roundabout or on main road,None,None,Did not leave carriageway,None,Front,No,Not known,Male,NA,26 - 35,NA,Heavy oil,5,Data missing or out of range,Most deprived 10%,Urban area
2019136291529,2019,136291529,3,Car,No tow/articulation,Going ahead other,South West,North East,On main c'way - not in restricted lane,Approaching junction or waiting/parked at junction approach,None,None,Did not leave carriageway,None,Did not impact,No,Journey as part of work,Male,NA,36 - 45,NA,Heavy oil,3,Data missing or out of range,Most deprived 10%,Urban area
20191362B1327,2019,1362B1327,1,Car,No tow/articulation,Going ahead other,North,South East,On main c'way - not in restricted lane,Not at or within 20 metres of junction,None,None,Did not leave carriageway,None,Nearside,No,Not known,Male,NA,21 - 25,NA,Heavy oil,15,Data missing or out of range,Most deprived 10%,Urban area
20191362C0379,2019,1362C0379,1,Car,No tow/articulation,Going ahead other,North,South East,On main c'way - not in restricted lane,Approaching junction or waiting/parked at junction approach,None,None,Did not leave carriageway,None,Front,No,Journey as part of work,Male,NA,46 - 55,NA,Heavy oil,16,Data missing or out of range,Most deprived 10%,Urban area