accident_index,accident_year,accident_reference,vehicle_reference,vehicle_type,towing_and_articulation,vehicle_manoeuvre,vehicle_direction_from,vehicle_direction_to,vehicle_location_restricted_lane,junction_location,skidding_and_overturning,hit_object_in_carriageway,vehicle_leaving_carriageway,hit_object_off_carriageway,first_point_of_impact,vehicle_left_hand_drive,journey_purpose_of_driver,sex_of_driver,age_of_driver,age_band_of_driver,engine_capacity_cc,propulsion_code,age_of_vehicle,generic_make_model,driver_imd_decile,driver_home_area_type
20191362C0379,2019,1362C0379,2,Goods 7.5 tonnes mgw and over,No tow/articulation,Going ahead other,South East,North,On main c'way - not in restricted lane,Cleared junction or waiting/parked at junction exit,None,None,Did not leave carriageway,None,Front,No,Journey as part of work,Male,NA,46 - 55,NA,Heavy oil,13,Data missing or out of range,Less deprived 30-40%,Rural
20191362C0478,2019,1362C0478,1,Car,No tow/articulation,Turning right,South East,North East,On main c'way - not in restricted lane,Leaving main road,None,None,Did not leave carriageway,None,Nearside,No,Not known,Male,NA,21 - 25,NA,Petrol,14,Data missing or out of range,Most deprived 10%,Urban area
20191362D0330,2019,1362D0330,1,Car,No tow/articulation,Going ahead other,South West,North East,On main c'way - not in restricted lane,Mid Junction - on roundabout or on main road,None,None,Did not leave carriageway,None,Front,No,Not known,Not known,Data missing or out of range,Data missing or out of range,Data missing or out of range,Undefined,-1,Data missing or out of range,Data missing or out of range,Data missing or out of range
20191362D1902,2019,1362D1902,1,Car,No tow/articulation,Turning right,North East,South West,On main c'way - not in restricted lane,Leaving main road,None,None,Did not leave carriageway,None,Nearside,No,Not known,Male,NA,21 - 25,NA,Heavy oil,7,Data missing or out of range,Most deprived 10%,Urban area
20191362D1902,2019,1362D1902,2,Pedal cycle,No tow/articulation,Going ahead other,South West,North East,On main c'way - not in restricted lane,Mid Junction - on roundabout or on main road,None,None,Did not leave carriageway,None,Front,No,Not known,Male,NA,36 - 45,Data missing or out of range,Undefined,-1,Data missing or out of range,Most deprived 10%,Urban area
20191362E1360,2019,1362E1360,1,Car,No tow/articulation,Turning left,North,South East,On main c'way - not in restricted lane,Approaching junction or waiting/parked at junction approach,None,None,Did not leave carriageway,None,Offside,No,Not known,Male,NA,21 - 25,NA,Petrol,2,Data missing or out of range,Most deprived 10%,Urban area
20191362E1360,2019,1362E1360,2,Car,No tow/articulation,Going ahead other,West,South East,On main c'way - not in restricted lane,Approaching junction or waiting/parked at junction approach,None,None,Did not leave carriageway,None,Nearside,No,Not known,Female,NA,46 - 55,NA,Petrol,13,Data missing or out of range,Most deprived 10%,Urban area
20191362E2156,2019,1362E2156,1,Car,No tow/articulation,Going ahead other,South East,North,On main c'way - not in restricted lane,Entering roundabout,None,None,Did not leave carriageway,None,Front,No,Not known,Male,NA,46 - 55,NA,Petrol,1,Data missing or out of range,Data missing or out of range,Data missing or out of range
20191362E2156,2019,1362E2156,2,Van / Goods 3.5 tonnes mgw or under,No tow/articulation,Going ahead other,East,West,On main c'way - not in restricted lane,Mid Junction - on roundabout or on main road,None,None,Did not leave carriageway,None,Nearside,No,Not known,Male,NA,21 - 25,NA,Heavy oil,4,Data missing or out of range,More deprived 20-30%,Urban area
20191362E2156,2019,1362E2156,3,Car,No tow/articulation,Going ahead other,East,West,On main c'way - not in restricted lane,Mid Junction - on roundabout or on main road,None,None,Did not leave carriageway,None,Nearside,No,Not known,Male,NA,46 - 55,NA,Petrol,13,Data missing or out of range,Most deprived 10%,Urban area
20191362F1133,2019,1362F1133,1,Car,No tow/articulation,Going ahead left-hand bend,South West,North,On main c'way - not in restricted lane,Not at or within 20 metres of junction,None,None,Did not leave carriageway,None,Front,No,Not known,Female,NA,66 - 75,NA,Petrol,9,Data missing or out of range,Less deprived 20-30%,Urban area
20191362F1133,2019,1362F1133,2,Car,No tow/articulation,Going ahead right-hand bend,North,South West,On main c'way - not in restricted lane,Not at or within 20 metres of junction,None,None,Did not leave carriageway,None,Front,No,Not known,Male,NA,66 - 75,NA,Petrol,14,Data missing or out of range,More deprived 30-40%,Urban area
20191362F1637,2019,1362F1637,1,Pedal cycle,No tow/articulation,Going ahead other,East,West,On main c'way - not in restricted lane,Mid Junction - on roundabout or on main road,None,None,Did not leave carriageway,None,Nearside,No,Not known,Male,NA,46 - 55,Data missing or out of range,Undefined,-1,Data missing or out of range,Most deprived 10%,Urban area
20191362F1637,2019,1362F1637,2,Car,No tow/articulation,Turning left,South East,West,On main c'way - not in restricted lane,Entering main road,None,None,Did not leave carriageway,None,Front,No,Not known,Not known,Data missing or out of range,Data missing or out of range,Data missing or out of range,Undefined,-1,Data missing or out of range,Data missing or out of range,Data missing or out of range
20191362G0545,2019,1362G0545,1,Car,No tow/articulation,U-turn,North West,South West,On main c'way - not in restricted lane,Cleared junction or waiting/parked at junction exit,None,None,Did not leave carriageway,None,Offside,No,Not known,Female,NA,36 - 45,NA,Heavy oil,6,Data missing or out of range,More deprived 40-50%,Urban area
20191362G0545,2019,1362G0545,2,Pedal cycle,No tow/articulation,Going ahead left-hand bend,North West,South East,On main c'way - not in restricted lane,Cleared junction or waiting/parked at junction exit,None,None,Did not leave carriageway,None,Front,No,Not known,Male,NA,36 - 45,Data missing or out of range,Undefined,-1,Data missing or out of range,Less deprived 40-50%,Urban area
20191362G1224,2019,1362G1224,1,Car,No tow/articulation,Turning right,West,South East,On main c'way - not in restricted lane,Leaving main road,None,None,Did not leave carriageway,None,Offside,No,Not known,Male,NA,36 - 45,Data missing or out of range,Undefined,-1,Data missing or out of range,More deprived 30-40%,Urban area
20191362G1224,2019,1362G1224,2,Car,No tow/articulation,Overtaking moving vehicle - offside,West,East,On main c'way - not in restricted lane,Mid Junction - on roundabout or on main road,None,None,Did not leave carriageway,None,Front,No,Not known,Male,NA,26 - 35,Data missing or out of range,Undefined,-1,Data missing or out of range,Less deprived 40-50%,Urban area
20191362G2003,2019,1362G2003,1,Taxi/Private hire car,No tow/articulation,Parked,Parked,Parked,On main c'way - not in restricted lane,Not at or within 20 metres of junction,None,None,Did not leave carriageway,None,Did not impact,No,Journey as part of work,Male,NA,36 - 45,NA,Heavy oil,8,Data missing or out of range,Most deprived 10%,Urban area
20191362G2083,2019,1362G2083,1,Car,No tow/articulation,Going ahead other,South West,North West,On main c'way - not in restricted lane,Not at or within 20 metres of junction,None,None,Offside,Wall or fence,Front,No,Not known,Male,NA,36 - 45,NA,Heavy oil,3,Data missing or out of range,Most deprived 10%,Urban area
20191362G2237,2019,1362G2237,1,Car,No tow/articulation,Going ahead other,East,West,On main c'way - not in restricted lane,Approaching junction or waiting/parked at junction approach,None,None,Did not leave carriageway,None,Front,No,Not known,Not known,NA,26 - 35,Data missing or out of range,Undefined,-1,Data missing or out of range,Data missing or out of range,Data missing or out of range
20191362G2237,2019,1362G2237,2,Car,No tow/articulation,Going ahead other,North,South East,On main c'way - not in restricted lane,Approaching junction or waiting/parked at junction approach,None,None,Did not leave carriageway,None,Offside,No,Not known,Male,NA,26 - 35,NA,Heavy oil,11,Data missing or out of range,More deprived 10-20%,Urban area
20191362H0216,2019,1362H0216,1,Car,No tow/articulation,Going ahead other,West,East,On main c'way - not in restricted lane,Mid Junction - on roundabout or on main road,Skidded,None,Straight ahead at junction,Wall or fence,Offside,No,Not known,Male,NA,26 - 35,NA,Heavy oil,12,Data missing or out of range,Data missing or out of range,Data missing or out of range
20191362H0216,2019,1362H0216,2,Car,No tow/articulation,Going ahead other,South East,North,On main c'way - not in restricted lane,Mid Junction - on roundabout or on main road,Skidded,None,Did not leave carriageway,Central crash barrier,Front,No,Not known,Male,NA,16 - 20,NA,Heavy oil,11,Data missing or out of range,Data missing or out of range,Data missing or out of range
20191362H0442,2019,1362H0442,1,Car,No tow/articulation,Changing lane to right,West,North East,On main c'way - not in restricted lane,Entering roundabout,None,None,Did not leave carriageway,None,Offside,No,Journey as part of work,Male,NA,26 - 35,NA,Petrol,6,Data missing or out of range,Data missing or out of range,Data missing or out of range
20191362H0442,2019,1362H0442,2,Pedal cycle,No tow/articulation,Going ahead other,South West,North East,On main c'way - not in restricted lane,Mid Junction - on roundabout or on main road,None,None,Did not leave carriageway,None,Front,No,Not known,Female,NA,46 - 55,Data missing or out of range,Undefined,-1,Data missing or out of range,Most deprived 10%,Urban area
20191362H1335,2019,1362H1335,1,Car,No tow/articulation,U-turn,North West,South East,On main c'way - not in restricted lane,Approaching junction or waiting/parked at junction approach,None,None,Did not leave carriageway,None,Offside,No,Journey as part of work,Male,NA,36 - 45,NA,Heavy oil,8,Data missing or out of range,Most deprived 10%,Urban area
20191362H1335,2019,1362H1335,2,Car,No tow/articulation,Going ahead other,South West,North East,On main c'way - not in restricted lane,Approaching junction or waiting/parked at junction approach,None,None,Did not leave carriageway,None,Front,No,Not known,Male,NA,21 - 25,NA,Heavy oil,3,Data missing or out of range,Less deprived 30-40%,Urban area
20191362I0808,2019,1362I0808,1,Car,No tow/articulation,Turning right,North West,South West,On main c'way - not in restricted lane,Not at or within 20 metres of junction,None,None,Did not leave carriageway,None,Nearside,No,Not known,Female,NA,Over 75,NA,Petrol,13,Data missing or out of range,More deprived 20-30%,Urban area
20191362I0808,2019,1362I0808,2,Motorcycle over 500cc,No tow/articulation,Going ahead other,South East,North West,On main c'way - not in restricted lane,Not at or within 20 metres of junction,Skidded and overturned,None,Did not leave carriageway,None,Front,No,Not known,Male,NA,36 - 45,NA,Petrol,18,Data missing or out of range,Most deprived 10%,Urban area
20191362I1757,2019,1362I1757,1,Car,No tow/articulation,Turning right,North West,South West,On main c'way - not in restricted lane,Approaching junction or waiting/parked at junction approach,None,None,Did not leave carriageway,None,Nearside,No,Not known,Female,NA,26 - 35,NA,Heavy oil,5,Data missing or out of range,More deprived 10-20%,Urban area
20191362I1757,2019,1362I1757,2,Car,No tow/articulation,Going ahead other,South East,North West,On main c'way - not in restricted lane,Approaching junction or waiting/parked at junction approach,None,None,Did not leave carriageway,None,Front,No,Not known,Male,NA,16 - 20,NA,Heavy oil,10,Data missing or out of range,Less deprived 20-30%,Urban area
20191362I1860,2019,1362I1860,1,Car,No tow/articulation,Going ahead other,North,South East,On main c'way - not in restricted lane,Not at or within 20 metres of junction,None,None,Did not leave carriageway,None,Front,No,Not known,Male,Data missing or out of range,Data missing or out of range,NA,Heavy oil,8,Data missing or out of range,Data missing or out of range,Data missing or out of range
20191362I1860,2019,1362I1860,2,Car,No tow/articulation,Going ahead other,North,South East,On main c'way - not in restricted lane,Not at or within 20 metres of junction,None,None,Did not leave carriageway,None,Back,No,Not known,Male,NA,26 - 35,NA,Heavy oil,8,Data missing or out of range,More deprived 30-40%,Urban area
20191362J0850,2019,1362J0850,1,Car,No tow/articulation,Going ahead other,West,East,On main c'way - not in restricted lane,Approaching junction or waiting/parked at junction approach,None,None,Did not leave carriageway,None,Front,No,Not known,Male,Data missing or out of range,Data missing or out of range,NA,Heavy oil,10,Data missing or out of range,Data missing or out of range,Data missing or out of range
20191362J0850,2019,1362J0850,2,Car,No tow/articulation,Waiting to go - held up,West,East,On main c'way - not in restricted lane,Approaching junction or waiting/parked at junction approach,None,None,Did not leave carriageway,None,Back,No,Not known,Male,NA,36 - 45,NA,Heavy oil,3,Data missing or out of range,Data missing or out of range,Data missing or out of range
20191362J1338,2019,1362J1338,1,Car,No tow/articulation,Going ahead other,West,East,On main c'way - not in restricted lane,Mid Junction - on roundabout or on main road,None,None,Did not leave carriageway,None,Offside,No,Not known,Female,NA,21 - 25,Data missing or out of range,Undefined,-1,Data missing or out of range,Most deprived 10%,Urban area
20191362J1338,2019,1362J1338,2,Car,No tow/articulation,Going ahead other,South East,North,On main c'way - not in restricted lane,Mid Junction - on roundabout or on main road,None,None,Did not leave carriageway,None,Front,No,Not known,Female,NA,36 - 45,NA,Heavy oil,8,Data missing or out of range,Most deprived 10%,Urban area
20191362J1385,2019,1362J1385,1,Car,No tow/articulation,Going ahead other,North West,South East,On main c'way - not in restricted lane,Approaching junction or waiting/parked at junction approach,None,None,Did not leave carriageway,None,Nearside,No,Not known,Male,NA,26 - 35,NA,Heavy oil,7,Data missing or out of range,More deprived 10-20%,Urban area
20191362J1385,2019,1362J1385,2,Car,No tow/articulation,Changing lane to right,North West,South East,On main c'way - not in restricted lane,Approaching junction or waiting/parked at junction approach,None,None,Did not leave carriageway,None,Offside,No,Not known,Female,NA,46 - 55,NA,Petrol,1,Data missing or out of range,More deprived 20-30%,Urban area
20191362J1499,2019,1362J1499,1,Car,No tow/articulation,Going ahead other,North East,South West,On main c'way - not in restricted lane,Not at or within 20 metres of junction,None,None,Did not leave carriageway,None,Front,No,Not known,Female,NA,26 - 35,NA,Petrol,12,Data missing or out of range,More deprived 20-30%,Urban area
20191362J1560,2019,1362J1560,1,Pedal cycle,No tow/articulation,Turning left,West,North,On main c'way - not in restricted lane,Approaching junction or waiting/parked at junction approach,None,None,Did not leave carriageway,None,Front,No,Not known,Male,NA,56 - 65,Data missing or out of range,Undefined,-1,Data missing or out of range,Most deprived 10%,Urban area
20191362J1560,2019,1362J1560,2,Car,No tow/articulation,Going ahead other,North,South East,On main c'way - not in restricted lane,Approaching junction or waiting/parked at junction approach,None,None,Did not leave carriageway,None,Front,No,Not known,Not known,Data missing or out of range,Data missing or out of range,Data missing or out of range,Undefined,-1,Data missing or out of range,Data missing or out of range,Data missing or out of range
20191362K0408,2019,1362K0408,1,Car,No tow/articulation,Going ahead other,East,West,On main c'way - not in restricted lane,Not at or within 20 metres of junction,None,None,Did not leave carriageway,None,Front,No,Not known,Male,NA,21 - 25,NA,Petrol,4,Data missing or out of range,Most deprived 10%,Urban area
20191362K0408,2019,1362K0408,2,Car,No tow/articulation,Going ahead other,West,East,On main c'way - not in restricted lane,Not at or within 20 metres of junction,None,None,Did not leave carriageway,None,Front,No,Not known,Male,NA,26 - 35,NA,Heavy oil,6,Data missing or out of range,Less deprived 40-50%,Urban area
20191362K0768,2019,1362K0768,1,Car,No tow/articulation,Going ahead other,East,West,On main c'way - not in restricted lane,Not at or within 20 metres of junction,None,None,Did not leave carriageway,None,Front,No,Not known,Male,NA,26 - 35,NA,Petrol,17,Data missing or out of range,Most deprived 10%,Urban area
20191362K0868,2019,1362K0868,1,Car,No tow/articulation,Turning right,East,North,On main c'way - not in restricted lane,Mid Junction - on roundabout or on main road,None,None,Did not leave carriageway,None,Front,No,Not known,Female,NA,26 - 35,NA,Heavy oil,13,Data missing or out of range,Most deprived 10%,Urban area
20191362K1100,2019,1362K1100,1,Car,No tow/articulation,Going ahead other,North,South East,On main c'way - not in restricted lane,Not at or within 20 metres of junction,None,None,Did not leave carriageway,None,Nearside,No,Not known,Female,NA,26 - 35,Data missing or out of range,Undefined,-1,Data missing or out of range,Data missing or out of range,Data missing or out of range
20191362L1633,2019,1362L1633,1,Car,No tow/articulation,Going ahead other,East,West,On main c'way - not in restricted lane,Mid Junction - on roundabout or on main road,None,None,Did not leave carriageway,None,Front,No,Not known,Male,Data missing or out of range,Data missing or out of range,NA,Heavy oil,2,Data missing or out of range,Data missing or out of range,Data missing or out of range
20191362L1633,2019,1362L1633,2,Car,No tow/articulation,Waiting to go - held up,East,West,On main c'way - not in restricted lane,Mid Junction - on roundabout or on main road,None,None,Did not leave carriageway,None,Back,No,Not known,Female,NA,56 - 65,NA,Heavy oil,16,Data missing or out of range,Less deprived 10-20%,Rural
20191362M0779,2019,1362M0779,1,Car,No tow/articulation,Moving off,East,West,On main c'way - not in restricted lane,Mid Junction - on roundabout or on main road,None,None,Did not leave carriageway,None,Front,No,Not known,Male,NA,36 - 45,NA,Petrol,13,Data missing or out of range,More deprived 40-50%,Urban area
20191362M1177,2019,1362M1177,1,Bus or coach (17 or more pass seats),No tow/articulation,Going ahead other,South East,North,On main c'way - not in restricted lane,Mid Junction - on roundabout or on main road,None,None,Did not leave carriageway,None,Front,No,Journey as part of work,Male,NA,46 - 55,NA,Heavy oil,2,Data missing or out of range,Less deprived 30-40%,Urban area
20191362M1495,2019,1362M1495,1,Motorcycle 125cc and under,No tow/articulation,Going ahead other,North East,South West,On main c'way - not in restricted lane,Not at or within 20 metres of junction,None,None,Did not leave carriageway,None,Front,No,Not known,Male,NA,21 - 25,NA,Petrol,3,Data missing or out of range,Most deprived 10%,Urban area
20191362M1495,2019,1362M1495,2,Car,No tow/articulation,Going ahead other,North East,South West,On main c'way - not in restricted lane,Not at or within 20 metres of junction,None,None,Did not leave carriageway,None,Back,No,Not known,Female,NA,26 - 35,NA,Heavy oil,8,Data missing or out of range,More deprived 20-30%,Urban area
20191362N1705,2019,1362N1705,1,Car,No tow/articulation,Going ahead other,West,East,On main c'way - not in restricted lane,Mid Junction - on roundabout or on main road,None,None,Did not leave carriageway,None,Front,No,Not known,Female,NA,16 - 20,NA,Petrol,10,Data missing or out of range,Most deprived 10%,Urban area
20191362N1705,2019,1362N1705,2,Car,No tow/articulation,Going ahead other,North,South East,On main c'way - not in restricted lane,Mid Junction - on roundabout or on main road,None,Parked vehicle,Did not leave carriageway,None,Offside,No,Commuting to/from work,Male,NA,36 - 45,NA,Heavy oil,1,Data missing or out of range,More deprived 40-50%,Urban area
20191362N1705,2019,1362N1705,3,Car,No tow/articulation,Parked,Parked,Parked,On main c'way - not in restricted lane,Cleared junction or waiting/parked at junction exit,None,None,Did not leave carriageway,None,Back,No,Not known,Not known,Data missing or out of range,Data missing or out of range,NA,Petrol,17,Data missing or out of range,Data missing or out of range,Data missing or out of range
20191362O0485,2019,1362O0485,1,Taxi/Private hire car,No tow/articulation,Turning left,South West,North,On main c'way - not in restricted lane,Entering main road,None,None,Did not leave carriageway,None,Front,No,Journey as part of work,Male,NA,36 - 45,NA,Heavy oil,9,Data missing or out of range,More deprived 30-40%,Urban area
20191362O0485,2019,1362O0485,2,Pedal cycle,No tow/articulation,Going ahead other,South East,North,On main c'way - not in restricted lane,Mid Junction - on roundabout or on main road,Overturned,None,Did not leave carriageway,None,Nearside,No,Not known,Male,NA,46 - 55,Data missing or out of range,Undefined,-1,Data missing or out of range,More deprived 20-30%,Urban area
20191362O1829,2019,1362O1829,1,Car,No tow/articulation,Going ahead other,West,East,On main c'way - not in restricted lane,Approaching junction or waiting/parked at junction approach,None,None,Did not leave carriageway,None,Offside,No,Not known,Female,NA,21 - 25,NA,Petrol,13,Data missing or out of range,Most deprived 10%,Urban area
20191362O1829,2019,1362O1829,2,Car,No tow/articulation,Going ahead other,North East,West,On main c'way - not in restricted lane,Approaching junction or waiting/parked at junction approach,None,None,Did not leave carriageway,None,Nearside,No,Not known,Male,NA,66 - 75,Data missing or out of range,Undefined,-1,Data missing or out of range,Less deprived 20-30%,Urban area
20191362P0747,2019,1362P0747,1,Car,No tow/articulation,Turning right,East,North,On main c'way - not in restricted lane,Mid Junction - on roundabout or on main road,None,None,Did not leave carriageway,None,Offside,No,Not known,Male,NA,66 - 75,NA,Hybrid electric,6,Data missing or out of range,More deprived 20-30%,Urban area
20191362P1000,2019,1362P1000,1,Car,No tow/articulation,Turning left,South East,West,On main c'way - not in restricted lane,Not at or within 20 metres of junction,None,None,Did not leave carriageway,None,Front,No,Not known,Female,NA,46 - 55,NA,Heavy oil,4,Data missing or out of range,Less deprived 30-40%,Urban area
20191362P1823,2019,1362P1823,1,Pedal cycle,No tow/articulation,Going ahead other,South West,North East,On main c'way - not in restricted lane,Mid Junction - on roundabout or on main road,None,None,Did not leave carriageway,None,Offside,No,Not known,Male,NA,16 - 20,Data missing or out of range,Undefined,-1,Data missing or out of range,More deprived 30-40%,Small town
20191362P1823,2019,1362P1823,2,Car,No tow/articulation,Going ahead other,North West,South East,On main c'way - not in restricted lane,Mid Junction - on roundabout or on main road,None,None,Did not leave carriageway,None,Front,No,Not known,Male,NA,56 - 65,NA,Heavy oil,4,Data missing or out of range,Less deprived 20-30%,Small town
20191362P1823,2019,1362P1823,3,Car,No tow/articulation,Going ahead other,North East,South West,On main c'way - not in restricted lane,Mid Junction - on roundabout or on main road,None,None,Did not leave carriageway,None,Front,No,Not known,Female,NA,56 - 65,NA,Heavy oil,11,Data missing or out of range,More deprived 20-30%,Urban area
20191362Q0571,2019,1362Q0571,1,Car,No tow/articulation,Going ahead other,North East,South West,On main c'way - not in restricted lane,Not at or within 20 metres of junction,None,None,Did not leave carriageway,None,Back,No,Not known,Male,NA,26 - 35,NA,Petrol,19,Data missing or out of range,Most deprived 10%,Urban area
20191362Q1330,2019,1362Q1330,1,Car,No tow/articulation,Going ahead other,East,West,On main c'way - not in restricted lane,Not at or within 20 metres of junction,None,None,Did not leave carriageway,None,Front,No,Commuting to/from work,Male,NA,56 - 65,NA,Petrol,14,Data missing or out of range,More deprived 10-20%,Urban area
20191362R0445,2019,1362R0445,1,Car,No tow/articulation,Slowing or stopping,North,East,On main c'way - not in restricted lane,Approaching junction or waiting/parked at junction approach,None,None,Did not leave carriageway,None,Front,No,Not known,Male,NA,21 - 25,NA,Hybrid electric,12,Data missing or out of range,Data missing or out of range,Data missing or out of range
20191362R0445,2019,1362R0445,2,Car,No tow/articulation,Waiting to go - held up,North,East,On main c'way - not in restricted lane,Approaching junction or waiting/parked at junction approach,None,None,Did not leave carriageway,None,Back,No,Not known,Male,NA,26 - 35,NA,Petrol,17,Data missing or out of range,More deprived 10-20%,Urban area
20191362R1526,2019,1362R1526,1,Car,No tow/articulation,Going ahead other,East,North West,On main c'way - not in restricted lane,Cleared junction or waiting/parked at junction exit,None,None,Did not leave carriageway,None,Front,No,Not known,Male,NA,26 - 35,Data missing or out of range,Undefined,-1,Data missing or out of range,More deprived 10-20%,Urban area
20191362R1526,2019,1362R1526,2,Car,No tow/articulation,Waiting to turn right,South West,East,On main c'way - not in restricted lane,Cleared junction or waiting/parked at junction exit,None,None,Did not leave carriageway,None,Front,No,Not known,Male,NA,46 - 55,NA,Heavy oil,7,Data missing or out of range,More deprived 30-40%,Urban area
20191362R1803,2019,1362R1803,1,Motorcycle over 125cc and up to 500cc,No tow/articulation,Going ahead other,South East,North,On main c'way - not in restricted lane,Approaching junction or waiting/parked at junction approach,None,None,Did not leave carriageway,None,Front,No,Not known,Male,NA,26 - 35,NA,Petrol,13,Data missing or out of range,Most deprived 10%,Urban area
20191362R1803,2019,1362R1803,2,Car,No tow/articulation,Turning right,South East,East,On main c'way - not in restricted lane,Mid Junction - on roundabout or on main road,None,None,Did not leave carriageway,None,Back,No,Journey as part of work,Male,NA,56 - 65,NA,Heavy oil,8,Data missing or out of range,Data missing or out of range,Data missing or out of range
20191362S1988,2019,1362S1988,1,Car,No tow/articulation,Going ahead other,East,South East,On main c'way - not in restricted lane,Cleared junction or waiting/parked at junction exit,None,None,Did not leave carriageway,None,Nearside,No,Not known,Male,NA,21 - 25,NA,Heavy oil,6,Data missing or out of range,More deprived 20-30%,Urban area
20191362S1988,2019,1362S1988,2,Car,No tow/articulation,Turning right,North,South East,On main c'way - not in restricted lane,Approaching junction or waiting/parked at junction approach,None,None,Did not leave carriageway,None,Front,No,Not known,Male,NA,21 - 25,NA,Heavy oil,14,Data missing or out of range,Most deprived 10%,Urban area
2019136310287,2019,136310287,1,Car,No tow/articulation,Going ahead other,South West,North East,On main c'way - not in restricted lane,Mid Junction - on roundabout or on main road,None,None,Did not leave carriageway,None,Front,No,Not known,Male,NA,26 - 35,NA,Hybrid electric,2,Data missing or out of range,Most deprived 10%,Urban area
2019136321383,2019,136321383,1,Car,No tow/articulation,Going ahead other,North East,South West,On main c'way - not in restricted lane,Mid Junction - on roundabout or on main road,None,None,Did not leave carriageway,None,Front,No,Not known,Female,NA,36 - 45,NA,Petrol,10,Data missing or out of range,Most deprived 10%,Urban area
2019136321383,2019,136321383,2,Car,No tow/articulation,Turning right,South West,South East,On main c'way - not in restricted lane,Mid Junction - on roundabout or on main road,None,None,Did not leave carriageway,None,Front,No,Not known,Female,NA,26 - 35,NA,Heavy oil,6,Data missing or out of range,More deprived 20-30%,Urban area
2019136330009,2019,136330009,1,Car,No tow/articulation,U-turn,East,West,On main c'way - not in restricted lane,Not at or within 20 metres of junction,None,None,Did not leave carriageway,None,Front,No,Not known,Male,NA,46 - 55,NA,Heavy oil,10,Data missing or out of range,Data missing or out of range,Data missing or out of range
2019136330009,2019,136330009,2,Taxi/Private hire car,No tow/articulation,Going ahead other,West,East,On main c'way - not in restricted lane,Not at or within 20 metres of junction,None,None,Did not leave carriageway,None,Front,No,Not known,Male,NA,56 - 65,NA,Heavy oil,5,Data missing or out of range,More deprived 10-20%,Urban area
2019136340320,2019,136340320,1,Car,No tow/articulation,Waiting to go - held up,East,West,On main c'way - not in restricted lane,Not at or within 20 metres of junction,None,None,Did not leave carriageway,None,Back,No,Taking pupil to/from school,Female,NA,36 - 45,NA,Heavy oil,3,Data missing or out of range,More deprived 40-50%,Urban area
2019136340320,2019,136340320,2,Car,No tow/articulation,Slowing or stopping,East,West,On main c'way - not in restricted lane,Not at or within 20 metres of junction,None,None,Did not leave carriageway,None,Front,No,Not known,Female,NA,36 - 45,NA,Petrol,6,Data missing or out of range,Less deprived 10-20%,Urban area
2019136340425,2019,136340425,1,Goods over 3.5t. and under 7.5t,Single trailer,Going ahead other,South East,North West,On main c'way - not in restricted lane,Approaching junction or waiting/parked at junction approach,None,None,Did not leave carriageway,None,Did not impact,No,Journey as part of work,Male,NA,46 - 55,Data missing or out of range,Undefined,-1,Data missing or out of range,Less deprived 30-40%,Urban area
2019136341295,2019,136341295,1,Car,No tow/articulation,Going ahead other,South East,North West,On main c'way - not in restricted lane,Cleared junction or waiting/parked at junction exit,None,None,Did not leave carriageway,None,Front,No,Not known,Male,NA,56 - 65,NA,Heavy oil,14,Data missing or out of range,Most deprived 10%,Urban area
2019136341295,2019,136341295,2,Van / Goods 3.5 tonnes mgw or under,No tow/articulation,Moving off,South West,South East,On main c'way - not in restricted lane,Approaching junction or waiting/parked at junction approach,None,None,Did not leave carriageway,None,Nearside,No,Not known,Male,NA,56 - 65,NA,Heavy oil,13,Data missing or out of range,Most deprived 10%,Urban area
2019136350321,2019,136350321,1,Car,No tow/articulation,Turning right,North,West,On main c'way - not in restricted lane,Approaching junction or waiting/parked at junction approach,None,None,Did not leave carriageway,None,Front,No,Not known,Female,NA,56 - 65,NA,Petrol,1,Data missing or out of range,More deprived 30-40%,Urban area
2019136350321,2019,136350321,2,Pedal cycle,No tow/articulation,Going ahead other,South East,North,Cycle lane (on main carriageway),Approaching junction or waiting/parked at junction approach,None,None,Did not leave carriageway,None,Offside,No,Not known,Male,NA,26 - 35,Data missing or out of range,Undefined,-1,Data missing or out of range,Less deprived 10-20%,Urban area
2019136351636,2019,136351636,1,Car,No tow/articulation,Going ahead other,North,South East,On main c'way - not in restricted lane,Approaching junction or waiting/parked at junction approach,None,None,Did not leave carriageway,None,Offside,No,Not known,Male,NA,56 - 65,NA,Heavy oil,13,Data missing or out of range,Data missing or out of range,Data missing or out of range
2019136351746,2019,136351746,1,Motorcycle over 125cc and up to 500cc,No tow/articulation,Going ahead other,North West,South East,On main c'way - not in restricted lane,Not at or within 20 metres of junction,None,None,Did not leave carriageway,None,Front,No,Not known,Male,NA,21 - 25,NA,Petrol,13,Data missing or out of range,More deprived 20-30%,Urban area