accident_index,accident_year,accident_reference,vehicle_reference,vehicle_type,towing_and_articulation,vehicle_manoeuvre,vehicle_direction_from,vehicle_direction_to,vehicle_location_restricted_lane,junction_location,skidding_and_overturning,hit_object_in_carriageway,vehicle_leaving_carriageway,hit_object_off_carriageway,first_point_of_impact,vehicle_left_hand_drive,journey_purpose_of_driver,sex_of_driver,age_of_driver,age_band_of_driver,engine_capacity_cc,propulsion_code,age_of_vehicle,generic_make_model,driver_imd_decile,driver_home_area_type
2019136351746,2019,136351746,2,Car,No tow/articulation,Slowing or stopping,North West,South East,On main c'way - not in restricted lane,Not at or within 20 metres of junction,None,None,Did not leave carriageway,None,Back,No,Journey as part of work,Male,NA,36 - 45,NA,Heavy oil,5,Data missing or out of range,Most deprived 10%,Urban area
2019136351746,2019,136351746,3,Car,No tow/articulation,Slowing or stopping,North West,South East,On main c'way - not in restricted lane,Not at or within 20 metres of junction,None,None,Did not leave carriageway,None,Did not impact,No,Not known,Male,Data missing or out of range,Data missing or out of range,Data missing or out of range,Undefined,-1,Data missing or out of range,Data missing or out of range,Data missing or out of range
2019136351813,2019,136351813,1,Car,No tow/articulation,Turning left,West,North,On main c'way - not in restricted lane,Leaving main road,None,None,Offside and rebounded,Tree,Front,No,Not known,Male,NA,21 - 25,NA,Petrol,2,Data missing or out of range,Most deprived 10%,Urban area
2019136360590,2019,136360590,1,Car,No tow/articulation,Going ahead other,South East,North West,On main c'way - not in restricted lane,Approaching junction or waiting/parked at junction approach,None,None,Did not leave carriageway,None,Front,No,Not known,Female,Data missing or out of range,Data missing or out of range,Data missing or out of range,Undefined,-1,Data missing or out of range,Data missing or out of range,Data missing or out of range
2019136360654,2019,136360654,1,Car,No tow/articulation,Slowing or stopping,North,South East,On main c'way - not in restricted lane,Not at or within 20 metres of junction,None,None,Did not leave carriageway,None,Front,No,Not known,Male,NA,56 - 65,NA,Heavy oil,2,Data missing or out of range,More deprived 10-20%,Urban area
2019136360654,2019,136360654,2,Car,No tow/articulation,Slowing or stopping,North,South East,On main c'way - not in restricted lane,Not at or within 20 metres of junction,None,None,Did not leave carriageway,None,Back,No,Not known,Female,NA,21 - 25,NA,Petrol,5,Data missing or out of range,Least deprived 10%,Urban area
2019136360654,2019,136360654,3,Car,No tow/articulation,Slowing or stopping,North,South East,On main c'way - not in restricted lane,Not at or within 20 metres of junction,None,None,Did not leave carriageway,None,Back,No,Not known,Female,NA,21 - 25,NA,Petrol,12,Data missing or out of range,More deprived 40-50%,Urban area
2019136361122,2019,136361122,1,Car,No tow/articulation,Going ahead other,South East,North,On main c'way - not in restricted lane,Approaching junction or waiting/parked at junction approach,None,None,Did not leave carriageway,None,Front,No,Not known,Female,NA,21 - 25,NA,Petrol,12,Data missing or out of range,More deprived 10-20%,Urban area
2019136361122,2019,136361122,2,Van / Goods 3.5 tonnes mgw or under,No tow/articulation,Turning right,West,South East,On main c'way - not in restricted lane,Entering main road,None,None,Did not leave carriageway,None,Offside,No,Not known,Male,NA,56 - 65,Data missing or out of range,Undefined,-1,Data missing or out of range,Less deprived 20-30%,Small town
2019136361786,2019,136361786,1,Car,No tow/articulation,Going ahead other,North West,South East,On main c'way - not in restricted lane,Approaching junction or waiting/parked at junction approach,Skidded,None,Did not leave carriageway,None,Front,No,Not known,Female,NA,26 - 35,NA,Petrol,4,Data missing or out of range,Data missing or out of range,Data missing or out of range
2019136361786,2019,136361786,2,Van / Goods 3.5 tonnes mgw or under,No tow/articulation,Parked,Parked,Parked,On main c'way - not in restricted lane,Cleared junction or waiting/parked at junction exit,None,None,Did not leave carriageway,None,Offside,No,Not known,Male,NA,26 - 35,NA,Heavy oil,2,Data missing or out of range,Data missing or out of range,Data missing or out of range
2019136381026,2019,136381026,1,Car,No tow/articulation,Going ahead other,North,South East,On main c'way - not in restricted lane,Not at or within 20 metres of junction,None,None,Did not leave carriageway,None,Did not impact,No,Not known,Not known,Data missing or out of range,Data missing or out of range,Data missing or out of range,Undefined,-1,Data missing or out of range,Data missing or out of range,Data missing or out of range
2019136381491,2019,136381491,1,Car,No tow/articulation,Going ahead other,North East,South West,On main c'way - not in restricted lane,Not at or within 20 metres of junction,None,None,Did not leave carriageway,None,Offside,No,Not known,Female,NA,26 - 35,NA,Heavy oil,5,Data missing or out of range,Most deprived 10%,Urban area
2019136381925,2019,136381925,1,Car,No tow/articulation,Waiting to turn right,South East,North,On main c'way - not in restricted lane,Approaching junction or waiting/parked at junction approach,None,None,Did not leave carriageway,None,Front,No,Not known,Male,NA,46 - 55,NA,Heavy oil,9,Data missing or out of range,Most deprived 10%,Urban area
2019136381925,2019,136381925,2,Car,No tow/articulation,Going ahead other,North,South East,On main c'way - not in restricted lane,Approaching junction or waiting/parked at junction approach,None,None,Did not leave carriageway,None,Front,No,Not known,Male,NA,46 - 55,NA,Petrol,16,Data missing or out of range,Most deprived 10%,Urban area
2019136381931,2019,136381931,1,Car,No tow/articulation,Going ahead other,North East,South West,On main c'way - not in restricted lane,Not at or within 20 metres of junction,None,None,Did not leave carriageway,None,Front,No,Not known,Male,Data missing or out of range,Data missing or out of range,Data missing or out of range,Undefined,-1,Data missing or out of range,Data missing or out of range,Data missing or out of range
2019136390437,2019,136390437,1,Car,No tow/articulation,Going ahead other,North,South East,On main c'way - not in restricted lane,Mid Junction - on roundabout or on main road,Skidded,Other object,Nearside,Road sign or traffic signal,Nearside,No,Not known,Male,NA,21 - 25,NA,Petrol,13,Data missing or out of range,More deprived 30-40%,Urban area
2019136390437,2019,136390437,2,Car,No tow/articulation,Going ahead other,South East,North West,On main c'way - not in restricted lane,Mid Junction - on roundabout or on main road,None,None,Did not leave carriageway,None,Front,No,Not known,Male,NA,46 - 55,Data missing or out of range,Undefined,-1,Data missing or out of range,More deprived 30-40%,Urban area
2019136390962,2019,136390962,1,Car,No tow/articulation,Overtaking moving vehicle - offside,North East,South West,On main c'way - not in restricted lane,Mid Junction - on roundabout or on main road,None,None,Did not leave carriageway,None,Nearside,No,Not known,Not known,Data missing or out of range,Data missing or out of range,Data missing or out of range,Undefined,-1,Data missing or out of range,Data missing or out of range,Data missing or out of range
2019136390962,2019,136390962,2,Car,No tow/articulation,Going ahead other,North East,South West,On main c'way - not in restricted lane,Mid Junction - on roundabout or on main road,Overturned,None,Nearside,Wall or fence,Offside,No,Not known,Male,NA,66 - 75,NA,Heavy oil,9,Data missing or out of range,Most deprived 10%,Urban area
2019136391174,2019,136391174,1,Car,No tow/articulation,Turning right,West,South East,On main c'way - not in restricted lane,Leaving main road,None,None,Did not leave carriageway,None,Front,No,Not known,Female,NA,26 - 35,NA,Petrol,17,Data missing or out of range,More deprived 30-40%,Urban area
2019136391174,2019,136391174,2,Taxi/Private hire car,No tow/articulation,Going ahead other,East,West,On main c'way - not in restricted lane,Approaching junction or waiting/parked at junction approach,None,None,Did not leave carriageway,None,Front,No,Journey as part of work,Male,NA,46 - 55,NA,Heavy oil,8,Data missing or out of range,Most deprived 10%,Urban area
2019136391232,2019,136391232,1,Car,No tow/articulation,Going ahead other,South East,North West,On main c'way - not in restricted lane,Mid Junction - on roundabout or on main road,None,None,Did not leave carriageway,None,Offside,No,Not known,Female,NA,26 - 35,NA,Heavy oil,1,Data missing or out of range,More deprived 20-30%,Urban area
20191363A0265,2019,1363A0265,1,Car,No tow/articulation,Going ahead other,South West,North East,On main c'way - not in restricted lane,Not at or within 20 metres of junction,None,None,Did not leave carriageway,None,Front,No,Not known,Male,NA,36 - 45,NA,Heavy oil,13,Data missing or out of range,More deprived 20-30%,Urban area
20191363A1097,2019,1363A1097,1,Car,No tow/articulation,Going ahead other,East,North West,On main c'way - not in restricted lane,Cleared junction or waiting/parked at junction exit,Skidded,None,Nearside,Wall or fence,Front,No,Not known,Male,NA,56 - 65,NA,Petrol,17,Data missing or out of range,More deprived 20-30%,Urban area
20191363A1533,2019,1363A1533,1,Car,No tow/articulation,Going ahead other,West,East,On main c'way - not in restricted lane,Mid Junction - on roundabout or on main road,None,None,Did not leave carriageway,None,Front,No,Not known,Male,NA,26 - 35,NA,Heavy oil,9,Data missing or out of range,More deprived 10-20%,Urban area
20191363A1533,2019,1363A1533,2,Car,No tow/articulation,Turning right,East,North,On main c'way - not in restricted lane,Mid Junction - on roundabout or on main road,None,None,Did not leave carriageway,None,Nearside,No,Not known,Male,NA,16 - 20,NA,Heavy oil,7,Data missing or out of range,Most deprived 10%,Urban area
20191363B0127,2019,1363B0127,1,Car,No tow/articulation,Going ahead other,North,South East,On main c'way - not in restricted lane,Not at or within 20 metres of junction,None,None,Did not leave carriageway,None,Front,No,Not known,Not known,Data missing or out of range,Data missing or out of range,Data missing or out of range,Undefined,-1,Data missing or out of range,Data missing or out of range,Data missing or out of range
20191363B0235,2019,1363B0235,1,Car,No tow/articulation,Going ahead other,North,South East,On main c'way - not in restricted lane,Approaching junction or waiting/parked at junction approach,None,None,Did not leave carriageway,None,Nearside,No,Not known,Female,NA,56 - 65,NA,Petrol,13,Data missing or out of range,Less deprived 30-40%,Urban area
20191363B0235,2019,1363B0235,2,Car,No tow/articulation,Going ahead other,East,West,On main c'way - not in restricted lane,Cleared junction or waiting/parked at junction exit,None,None,Did not leave carriageway,None,Front,No,Not known,Male,NA,26 - 35,NA,Petrol,9,Data missing or out of range,Most deprived 10%,Urban area
20191363B0472,2019,1363B0472,1,Car,No tow/articulation,Going ahead other,West,East,On main c'way - not in restricted lane,Mid Junction - on roundabout or on main road,None,None,Did not leave carriageway,None,Front,No,Not known,Male,NA,Over 75,NA,Petrol,1,Data missing or out of range,More deprived 40-50%,Urban area
20191363B0472,2019,1363B0472,2,Car,No tow/articulation,Going ahead other,East,West,On main c'way - not in restricted lane,Mid Junction - on roundabout or on main road,None,None,Did not leave carriageway,None,Front,No,Not known,Female,NA,66 - 75,Data missing or out of range,Undefined,-1,Data missing or out of range,Less deprived 40-50%,Small town
20191363B0606,2019,1363B0606,1,Car,No tow/articulation,Going ahead other,North East,South West,On main c'way - not in restricted lane,Mid Junction - on roundabout or on main road,None,None,Did not leave carriageway,None,Front,No,Not known,Male,NA,46 - 55,NA,Heavy oil,2,Data missing or out of range,Data missing or out of range,Data missing or out of range
20191363B0606,2019,1363B0606,2,Car,No tow/articulation,Turning right,South East,North East,On main c'way - not in restricted lane,Mid Junction - on roundabout or on main road,None,None,Did not leave carriageway,None,Front,No,Not known,Male,Data missing or out of range,Data missing or out of range,Data missing or out of range,Undefined,-1,Data missing or out of range,Data missing or out of range,Data missing or out of range
20191363B1046,2019,1363B1046,1,Pedal cycle,No tow/articulation,Going ahead other,North,South East,On main c'way - not in restricted lane,Not at or within 20 metres of junction,Overturned,None,Did not leave carriageway,None,Did not impact,No,Not known,Female,NA,46 - 55,Data missing or out of range,Undefined,-1,Data missing or out of range,Least deprived 10%,Urban area
20191363C0591,2019,1363C0591,1,Car,No tow/articulation,Going ahead other,South East,North,On main c'way - not in restricted lane,Not at or within 20 metres of junction,None,None,Did not leave carriageway,None,Front,No,Journey as part of work,Male,NA,26 - 35,NA,Heavy oil,4,Data missing or out of range,Less deprived 30-40%,Urban area
20191363C0591,2019,1363C0591,2,Car,No tow/articulation,Going ahead other,North,South East,On main c'way - not in restricted lane,Not at or within 20 metres of junction,None,None,Did not leave carriageway,None,Front,No,Journey as part of work,Male,NA,66 - 75,Data missing or out of range,Undefined,-1,Data missing or out of range,More deprived 20-30%,Urban area
20191363C1196,2019,1363C1196,1,Car,No tow/articulation,Going ahead other,South East,North,On main c'way - not in restricted lane,Not at or within 20 metres of junction,None,None,Did not leave carriageway,None,Front,No,Not known,Female,Data missing or out of range,Data missing or out of range,Data missing or out of range,Undefined,-1,Data missing or out of range,Data missing or out of range,Data missing or out of range
20191363C1196,2019,1363C1196,2,Car,No tow/articulation,Going ahead other,South East,North,On main c'way - not in restricted lane,Not at or within 20 metres of junction,None,None,Did not leave carriageway,None,Back,No,Not known,Female,NA,16 - 20,NA,Petrol,10,Data missing or out of range,Less deprived 20-30%,Urban area
20191363D0905,2019,1363D0905,1,Car,No tow/articulation,Turning right,North West,South West,On main c'way - not in restricted lane,Leaving main road,None,None,Did not leave carriageway,None,Front,No,Journey as part of work,Male,NA,46 - 55,NA,Hybrid electric,8,Data missing or out of range,Most deprived 10%,Urban area
20191363D1257,2019,1363D1257,1,Car,No tow/articulation,Going ahead other,South East,North,On main c'way - not in restricted lane,Not at or within 20 metres of junction,None,None,Did not leave carriageway,None,Front,No,Not known,Not known,Data missing or out of range,Data missing or out of range,NA,Heavy oil,7,Data missing or out of range,Data missing or out of range,Data missing or out of range
20191363D1257,2019,1363D1257,2,Car,No tow/articulation,Turning right,South East,East,On main c'way - not in restricted lane,Not at or within 20 metres of junction,None,None,Did not leave carriageway,None,Back,No,Not known,Male,NA,21 - 25,NA,Petrol,3,Data missing or out of range,Less deprived 10-20%,Small town
20191363D1660,2019,1363D1660,1,Car,No tow/articulation,Going ahead other,North,South East,On main c'way - not in restricted lane,Mid Junction - on roundabout or on main road,None,None,Did not leave carriageway,None,Front,No,Not known,Male,NA,26 - 35,NA,Heavy oil,8,Data missing or out of range,Most deprived 10%,Urban area
20191363D1660,2019,1363D1660,2,Car,No tow/articulation,Going ahead other,West,East,On main c'way - not in restricted lane,Mid Junction - on roundabout or on main road,None,None,Did not leave carriageway,None,Front,No,Not known,Male,NA,26 - 35,Data missing or out of range,Undefined,-1,Data missing or out of range,Most deprived 10%,Urban area
20191363D1667,2019,1363D1667,1,Car,No tow/articulation,Going ahead other,South East,North,On main c'way - not in restricted lane,Not at or within 20 metres of junction,None,None,Did not leave carriageway,None,Front,No,Not known,Not known,Data missing or out of range,Data missing or out of range,Data missing or out of range,Undefined,-1,Data missing or out of range,Data missing or out of range,Data missing or out of range
20191363E0050,2019,1363E0050,1,Car,No tow/articulation,Going ahead other,North,South East,On main c'way - not in restricted lane,Not at or within 20 metres of junction,None,None,Did not leave carriageway,None,Front,No,Not known,Male,NA,36 - 45,NA,Petrol,6,Data missing or out of range,Data missing or out of range,Data missing or out of range
20191363E0050,2019,1363E0050,2,Goods 7.5 tonnes mgw and over,Articulated vehicle,Going ahead other,North,South East,On main c'way - not in restricted lane,Not at or within 20 metres of junction,None,None,Did not leave carriageway,None,Back,No,Journey as part of work,Male,NA,46 - 55,NA,Heavy oil,4,Data missing or out of range,Most deprived 10%,Small town
20191363E0281,2019,1363E0281,1,Car,No tow/articulation,Going ahead other,East,West,On main c'way - not in restricted lane,Approaching junction or waiting/parked at junction approach,None,None,Did not leave carriageway,None,Front,No,Not known,Female,NA,21 - 25,NA,Heavy oil,3,Data missing or out of range,Less deprived 10-20%,Urban area
20191363E0281,2019,1363E0281,2,Car,No tow/articulation,Going ahead other,East,West,On main c'way - not in restricted lane,Approaching junction or waiting/parked at junction approach,None,None,Did not leave carriageway,None,Back,No,Not known,Male,NA,26 - 35,NA,Heavy oil,6,Data missing or out of range,Most deprived 10%,Urban area
20191363E1291,2019,1363E1291,1,Car,No tow/articulation,Going ahead other,North,South East,On main c'way - not in restricted lane,Mid Junction - on roundabout or on main road,None,None,Did not leave carriageway,None,Front,No,Not known,Male,NA,21 - 25,NA,Heavy oil,13,Data missing or out of range,Most deprived 10%,Urban area
20191363E1291,2019,1363E1291,2,Car,No tow/articulation,Going ahead other,West,East,On main c'way - not in restricted lane,Mid Junction - on roundabout or on main road,None,None,Did not leave carriageway,None,Nearside,No,Not known,Female,NA,46 - 55,NA,Petrol,5,Data missing or out of range,More deprived 20-30%,Urban area
20191363F0380,2019,1363F0380,1,Car,No tow/articulation,Going ahead other,South East,North,On main c'way - not in restricted lane,Mid Junction - on roundabout or on main road,None,None,Did not leave carriageway,None,Front,No,Not known,Not known,Data missing or out of range,Data missing or out of range,Data missing or out of range,Undefined,-1,Data missing or out of range,Data missing or out of range,Data missing or out of range
20191363F0380,2019,1363F0380,2,Van / Goods 3.5 tonnes mgw or under,No tow/articulation,Going ahead other,North,South East,On main c'way - not in restricted lane,Mid Junction - on roundabout or on main road,None,None,Did not leave carriageway,None,Nearside,No,Not known,Female,NA,16 - 20,NA,Heavy oil,2,Data missing or out of range,Data missing or out of range,Data missing or out of range
20191363F0799,2019,1363F0799,1,Car,No tow/articulation,Turning right,North West,South West,On main c'way - not in restricted lane,Entering main road,None,None,Did not leave carriageway,None,Front,No,Not known,Male,NA,Over 75,NA,Petrol,7,Data missing or out of range,Less deprived 10-20%,Urban area
20191363F0799,2019,1363F0799,2,Car,No tow/articulation,Going ahead other,South West,North East,On main c'way - not in restricted lane,Approaching junction or waiting/parked at junction approach,None,None,Did not leave carriageway,None,Front,No,Not known,Male,NA,26 - 35,NA,Heavy oil,2,Data missing or out of range,Least deprived 10%,Urban area
20191363F1887,2019,1363F1887,1,Taxi/Private hire car,No tow/articulation,Going ahead other,North East,South West,On main c'way - not in restricted lane,Approaching junction or waiting/parked at junction approach,None,None,Did not leave carriageway,None,Nearside,No,Not known,Male,NA,66 - 75,NA,Heavy oil,10,Data missing or out of range,More deprived 40-50%,Urban area
20191363F1887,2019,1363F1887,2,Car,No tow/articulation,Going ahead other,South East,North West,On main c'way - not in restricted lane,Approaching junction or waiting/parked at junction approach,None,None,Did not leave carriageway,None,Offside,No,Journey as part of work,Male,NA,26 - 35,NA,Petrol,20,Data missing or out of range,More deprived 10-20%,Urban area
20191363G0885,2019,1363G0885,1,Car,Single trailer,Moving off,South East,North,On main c'way - not in restricted lane,Mid Junction - on roundabout or on main road,None,None,Did not leave carriageway,None,Nearside,No,Not known,Female,NA,26 - 35,NA,Heavy oil,7,Data missing or out of range,More deprived 10-20%,Urban area
20191363G0885,2019,1363G0885,2,Pedal cycle,No tow/articulation,Slowing or stopping,West,East,On main c'way - not in restricted lane,Approaching junction or waiting/parked at junction approach,None,None,Did not leave carriageway,None,Front,No,Not known,Male,NA,26 - 35,Data missing or out of range,Undefined,-1,Data missing or out of range,More deprived 20-30%,Urban area
20191363G0929,2019,1363G0929,1,Taxi/Private hire car,No tow/articulation,Moving off,West,North East,On main c'way - not in restricted lane,Not at or within 20 metres of junction,None,None,Did not leave carriageway,None,Front,No,Not known,Male,NA,36 - 45,NA,Heavy oil,8,Data missing or out of range,Data missing or out of range,Data missing or out of range
20191363G0929,2019,1363G0929,2,Car,No tow/articulation,Going ahead other,West,North East,On main c'way - not in restricted lane,Not at or within 20 metres of junction,None,None,Did not leave carriageway,None,Nearside,No,Not known,Female,NA,36 - 45,NA,Petrol,5,Data missing or out of range,Most deprived 10%,Urban area
20191363G1910,2019,1363G1910,1,Car,No tow/articulation,Turning left,North East,South West,On main c'way - not in restricted lane,Approaching junction or waiting/parked at junction approach,None,None,Did not leave carriageway,None,Front,No,Not known,Male,NA,21 - 25,NA,Petrol,3,Data missing or out of range,More deprived 30-40%,Urban area
20191363G1910,2019,1363G1910,2,Car,No tow/articulation,Going ahead other,South East,North West,On main c'way - not in restricted lane,Approaching junction or waiting/parked at junction approach,None,None,Did not leave carriageway,None,Front,No,Not known,Male,NA,66 - 75,Data missing or out of range,Electric,2,Data missing or out of range,Less deprived 40-50%,Urban area
20191363H0936,2019,1363H0936,1,Car,No tow/articulation,Going ahead other,South East,North,On main c'way - not in restricted lane,Not at or within 20 metres of junction,None,None,Did not leave carriageway,None,Back,No,Not known,Female,NA,46 - 55,NA,Heavy oil,8,Data missing or out of range,More deprived 10-20%,Urban area
20191363H0936,2019,1363H0936,2,Car,No tow/articulation,Going ahead other,South East,North,On main c'way - not in restricted lane,Not at or within 20 metres of junction,None,None,Did not leave carriageway,None,Front,No,Not known,Male,NA,36 - 45,NA,Petrol,17,Data missing or out of range,Most deprived 10%,Urban area
20191363I1545,2019,1363I1545,1,Car,No tow/articulation,Going ahead other,North,South East,On main c'way - not in restricted lane,Not at or within 20 metres of junction,None,Kerb,Offside,Lamp post,Front,No,Not known,Male,NA,26 - 35,NA,Hybrid electric,2,Data missing or out of range,Most deprived 10%,Urban area
20191363J1156,2019,1363J1156,1,Car,No tow/articulation,Changing lane to left,North West,South East,On main c'way - not in restricted lane,Mid Junction - on roundabout or on main road,None,None,Did not leave carriageway,None,Nearside,No,Not known,Male,NA,26 - 35,NA,Petrol,13,Data missing or out of range,Most deprived 10%,Urban area
20191363J1156,2019,1363J1156,2,Car,No tow/articulation,Going ahead other,North West,South East,On main c'way - not in restricted lane,Mid Junction - on roundabout or on main road,None,None,Did not leave carriageway,None,Offside,No,Not known,Male,NA,26 - 35,NA,Heavy oil,17,Data missing or out of range,More deprived 20-30%,Urban area
20191363J1894,2019,1363J1894,1,Car,No tow/articulation,Going ahead other,North,South East,On main c'way - not in restricted lane,Entering main road,None,None,Offside and rebounded,Wall or fence,Offside,No,Not known,Female,NA,36 - 45,NA,Petrol,20,Data missing or out of range,Most deprived 10%,Urban area
20191363J1894,2019,1363J1894,2,Car,No tow/articulation,Going ahead other,West,East,On main c'way - not in restricted lane,Approaching junction or waiting/parked at junction approach,None,None,Did not leave carriageway,None,Front,No,Not known,Female,NA,16 - 20,NA,Petrol,10,Data missing or out of range,Most deprived 10%,Urban area
20191363J1997,2019,1363J1997,1,Car,No tow/articulation,Going ahead other,North East,South West,On main c'way - not in restricted lane,Not at or within 20 metres of junction,None,None,Did not leave carriageway,None,Front,No,Not known,Female,NA,36 - 45,NA,Petrol,13,Data missing or out of range,Less deprived 20-30%,Rural
20191363K1492,2019,1363K1492,1,Car,No tow/articulation,Reversing,South East,North,On main c'way - not in restricted lane,Not at or within 20 metres of junction,None,None,Did not leave carriageway,None,Back,No,Not known,Male,NA,66 - 75,NA,Petrol,14,Data missing or out of range,More deprived 30-40%,Urban area
20191363M0447,2019,1363M0447,1,Car,No tow/articulation,Going ahead other,East,West,On main c'way - not in restricted lane,Mid Junction - on roundabout or on main road,None,None,Did not leave carriageway,None,Front,No,Not known,Not known,Data missing or out of range,Data missing or out of range,Data missing or out of range,Undefined,-1,Data missing or out of range,Data missing or out of range,Data missing or out of range
20191363M0447,2019,1363M0447,2,Car,No tow/articulation,Going ahead other,South East,North,On main c'way - not in restricted lane,Mid Junction - on roundabout or on main road,None,None,Did not leave carriageway,None,Offside,No,Not known,Male,NA,66 - 75,NA,Petrol,15,Data missing or out of range,Most deprived 10%,Urban area
20191363N0786,2019,1363N0786,1,Van / Goods 3.5 tonnes mgw or under,No tow/articulation,Going ahead other,South East,North,On main c'way - not in restricted lane,Approaching junction or waiting/parked at junction approach,None,None,Did not leave carriageway,None,Front,No,Journey as part of work,Male,NA,36 - 45,NA,Heavy oil,14,Data missing or out of range,More deprived 20-30%,Urban area
20191363N0786,2019,1363N0786,2,Car,No tow/articulation,Slowing or stopping,South East,North,On main c'way - not in restricted lane,Approaching junction or waiting/parked at junction approach,None,None,Did not leave carriageway,None,Back,No,Not known,Female,NA,36 - 45,NA,Petrol,12,Data missing or out of range,Least deprived 10%,Urban area
20191363N0786,2019,1363N0786,3,Car,No tow/articulation,Going ahead other,West,East,On main c'way - not in restricted lane,Mid Junction - on roundabout or on main road,None,None,Did not leave carriageway,None,Offside,No,Not known,Female,NA,26 - 35,NA,Heavy oil,5,Data missing or out of range,Data missing or out of range,Data missing or out of range
20191363N2107,2019,1363N2107,1,Car,No tow/articulation,Going ahead other,East,West,On main c'way - not in restricted lane,Not at or within 20 metres of junction,None,None,Nearside and rebounded,Lamp post,Front,No,Not known,Female,NA,46 - 55,NA,Petrol,11,Data missing or out of range,Less deprived 40-50%,Small town
20191363O0168,2019,1363O0168,1,Car,No tow/articulation,Going ahead other,West,East,On main c'way - not in restricted lane,Not at or within 20 metres of junction,Overturned,Parked vehicle,Did not leave carriageway,None,Front,No,Not known,Male,NA,36 - 45,NA,Heavy oil,1,Data missing or out of range,Most deprived 10%,Urban area
20191363O0168,2019,1363O0168,2,Car,No tow/articulation,Parked,Parked,Parked,On main c'way - not in restricted lane,Not at or within 20 metres of junction,None,None,Did not leave carriageway,None,Front,No,Not known,Not known,Data missing or out of range,Data missing or out of range,NA,Petrol,4,Data missing or out of range,Data missing or out of range,Data missing or out of range
20191363O0168,2019,1363O0168,3,Car,No tow/articulation,Parked,Parked,Parked,On main c'way - not in restricted lane,Not at or within 20 metres of junction,None,None,Did not leave carriageway,None,Did not impact,No,Not known,Not known,Data missing or out of range,Data missing or out of range,NA,Heavy oil,6,Data missing or out of range,Data missing or out of range,Data missing or out of range
20191363O0813,2019,1363O0813,1,Car,No tow/articulation,Going ahead other,North East,South West,On main c'way - not in restricted lane,Cleared junction or waiting/parked at junction exit,None,None,Did not leave carriageway,None,Nearside,No,Not known,Not known,Data missing or out of range,Data missing or out of range,Data missing or out of range,Undefined,-1,Data missing or out of range,Data missing or out of range,Data missing or out of range
20191363O2024,2019,1363O2024,1,Car,No tow/articulation,Going ahead other,North West,South East,On main c'way - not in restricted lane,Mid Junction - on roundabout or on main road,None,None,Did not leave carriageway,None,Nearside,No,Not known,Male,NA,16 - 20,NA,Heavy oil,0,Data missing or out of range,More deprived 20-30%,Urban area
20191363O2024,2019,1363O2024,2,Car,No tow/articulation,Going ahead other,North West,South East,On main c'way - not in restricted lane,Mid Junction - on roundabout or on main road,None,None,Did not leave carriageway,None,Offside,No,Not known,Not known,Data missing or out of range,Data missing or out of range,Data missing or out of range,Undefined,-1,Data missing or out of range,Data missing or out of range,Data missing or out of range
20191363P0892,2019,1363P0892,1,Car,No tow/articulation,Going ahead other,East,West,On main c'way - not in restricted lane,Not at or within 20 metres of junction,None,None,Did not leave carriageway,None,Front,No,Not known,Male,Data missing or out of range,Data missing or out of range,NA,Petrol,1,Data missing or out of range,Data missing or out of range,Data missing or out of range
20191363P0892,2019,1363P0892,2,Car,No tow/articulation,Going ahead other,West,East,On main c'way - not in restricted lane,Not at or within 20 metres of junction,None,None,Did not leave carriageway,None,Front,No,Not known,Male,NA,26 - 35,NA,Heavy oil,4,Data missing or out of range,Less deprived 30-40%,Urban area
20191363P0923,2019,1363P0923,1,Car,No tow/articulation,Going ahead other,East,West,On main c'way - not in restricted lane,Not at or within 20 metres of junction,Overturned,None,Did not leave carriageway,None,Nearside,No,Not known,Female,NA,46 - 55,NA,Petrol,9,Data missing or out of range,Less deprived 40-50%,Urban area
20191363P0923,2019,1363P0923,2,Car,No tow/articulation,Parked,Parked,Parked,On main c'way - not in restricted lane,Not at or within 20 metres of junction,None,None,Did not leave carriageway,None,Offside,No,Not known,Female,Data missing or out of range,Data missing or out of range,NA,Petrol,3,Data missing or out of range,Data missing or out of range,Data missing or out of range