accident_index,accident_year,accident_reference,vehicle_reference,vehicle_type,towing_and_articulation,vehicle_manoeuvre,vehicle_direction_from,vehicle_direction_to,vehicle_location_restricted_lane,junction_location,skidding_and_overturning,hit_object_in_carriageway,vehicle_leaving_carriageway,hit_object_off_carriageway,first_point_of_impact,vehicle_left_hand_drive,journey_purpose_of_driver,sex_of_driver,age_of_driver,age_band_of_driver,engine_capacity_cc,propulsion_code,age_of_vehicle,generic_make_model,driver_imd_decile,driver_home_area_type
20191363P1658,2019,1363P1658,1,Car,No tow/articulation,Going ahead other,South East,North West,On main c'way - not in restricted lane,Not at or within 20 metres of junction,Skidded,None,Did not leave carriageway,None,Front,No,Not known,Male,NA,21 - 25,NA,Petrol,30,Data missing or out of range,More deprived 10-20%,Urban area
20191363P1658,2019,1363P1658,2,Car,No tow/articulation,Parked,North West,South East,On main c'way - not in restricted lane,Not at or within 20 metres of junction,None,None,Did not leave carriageway,None,Front,No,Not known,Male,NA,26 - 35,NA,Heavy oil,13,Data missing or out of range,More deprived 10-20%,Urban area
20191363P2073,2019,1363P2073,1,Motorcycle over 500cc,No tow/articulation,Going ahead other,South East,North,On main c'way - not in restricted lane,Mid Junction - on roundabout or on main road,None,None,Did not leave carriageway,None,Front,No,Commuting to/from work,Male,NA,36 - 45,NA,Petrol,16,Data missing or out of range,Less deprived 40-50%,Urban area
20191363P2073,2019,1363P2073,2,Other vehicle,No tow/articulation,Going ahead other,West,East,On main c'way - not in restricted lane,Mid Junction - on roundabout or on main road,None,None,Did not leave carriageway,None,Nearside,No,Journey as part of work,Female,NA,36 - 45,NA,Heavy oil,0,Data missing or out of range,Less deprived 20-30%,Urban area
20191363P2073,2019,1363P2073,3,Car,No tow/articulation,Slowing or stopping,Parked,Parked,On main c'way - not in restricted lane,Mid Junction - on roundabout or on main road,None,None,Did not leave carriageway,None,Offside,No,Not known,Male,NA,26 - 35,NA,Heavy oil,13,Data missing or out of range,More deprived 10-20%,Urban area
20191363Q0318,2019,1363Q0318,1,Car,No tow/articulation,Turning left,North West,North East,On main c'way - not in restricted lane,Approaching junction or waiting/parked at junction approach,None,None,Did not leave carriageway,None,Back,No,Not known,Male,NA,36 - 45,NA,Heavy oil,3,Data missing or out of range,Less deprived 20-30%,Urban area
20191363Q0318,2019,1363Q0318,2,Pedal cycle,No tow/articulation,Going ahead other,North West,East,On main c'way - not in restricted lane,Approaching junction or waiting/parked at junction approach,None,None,Did not leave carriageway,None,Offside,No,Commuting to/from work,Male,NA,46 - 55,Data missing or out of range,Undefined,-1,Data missing or out of range,Less deprived 10-20%,Urban area
20191363R1082,2019,1363R1082,1,Car,No tow/articulation,Going ahead other,North,South East,On main c'way - not in restricted lane,Not at or within 20 metres of junction,None,None,Did not leave carriageway,None,Offside,No,Not known,Female,NA,21 - 25,NA,Petrol,6,Data missing or out of range,Data missing or out of range,Data missing or out of range
20191363R1179,2019,1363R1179,1,Motorcycle over 500cc,No tow/articulation,Turning right,South East,North East,On main c'way - not in restricted lane,Mid Junction - on roundabout or on main road,Overturned,None,Did not leave carriageway,None,Offside,No,Not known,Male,NA,66 - 75,NA,Petrol,3,Data missing or out of range,More deprived 20-30%,Urban area
20191363R1410,2019,1363R1410,1,Car,No tow/articulation,Going ahead other,West,East,On main c'way - not in restricted lane,Not at or within 20 metres of junction,None,None,Did not leave carriageway,None,Did not impact,No,Not known,Male,Data missing or out of range,Data missing or out of range,Data missing or out of range,Undefined,-1,Data missing or out of range,Data missing or out of range,Data missing or out of range
20191363R1410,2019,1363R1410,2,Car,No tow/articulation,Going ahead other,West,East,On main c'way - not in restricted lane,Not at or within 20 metres of junction,None,None,Did not leave carriageway,None,Front,No,Commuting to/from work,Female,NA,46 - 55,NA,Petrol,14,Data missing or out of range,More deprived 40-50%,Urban area
20191363R1410,2019,1363R1410,3,Car,No tow/articulation,Going ahead other,North East,West,On main c'way - not in restricted lane,Not at or within 20 metres of junction,None,None,Did not leave carriageway,Wall or fence,Front,No,Commuting to/from work,Female,NA,16 - 20,NA,Petrol,13,Data missing or out of range,More deprived 10-20%,Urban area
20191363S0395,2019,1363S0395,1,Taxi/Private hire car,No tow/articulation,Turning right,West,South East,On main c'way - not in restricted lane,Leaving main road,None,None,Did not leave carriageway,None,Front,No,Journey as part of work,Male,NA,56 - 65,NA,Hybrid electric,10,Data missing or out of range,Most deprived 10%,Urban area
20191363S0502,2019,1363S0502,1,Car,No tow/articulation,Going ahead other,West,East,On main c'way - not in restricted lane,Approaching junction or waiting/parked at junction approach,None,None,Did not leave carriageway,None,Front,No,Not known,Female,NA,66 - 75,NA,Petrol,12,Data missing or out of range,Least deprived 10%,Urban area
20191363S0502,2019,1363S0502,2,Car,No tow/articulation,Parked,Parked,Parked,On main c'way - not in restricted lane,Approaching junction or waiting/parked at junction approach,None,None,Did not leave carriageway,None,Back,No,Not known,Not known,Data missing or out of range,Data missing or out of range,NA,Heavy oil,3,Data missing or out of range,Data missing or out of range,Data missing or out of range
20191363S1720,2019,1363S1720,1,Car,No tow/articulation,Going ahead other,South East,North,On main c'way - not in restricted lane,Not at or within 20 metres of junction,None,None,Did not leave carriageway,None,Front,No,Not known,Not known,Data missing or out of range,Data missing or out of range,Data missing or out of range,Undefined,-1,Data missing or out of range,Data missing or out of range,Data missing or out of range
20191363T0003,2019,1363T0003,1,Car,No tow/articulation,Turning right,South West,South East,On main c'way - not in restricted lane,Leaving main road,None,None,Did not leave carriageway,None,Front,No,Not known,Male,Data missing or out of range,Data missing or out of range,NA,Petrol,12,Data missing or out of range,Data missing or out of range,Data missing or out of range
20191363T0278,2019,1363T0278,1,Car,No tow/articulation,Going ahead other,North West,South East,On main c'way - not in restricted lane,Not at or within 20 metres of junction,None,None,Did not leave carriageway,None,Front,No,Commuting to/from work,Male,NA,21 - 25,NA,Petrol,17,Data missing or out of range,More deprived 20-30%,Urban area
20191363T0278,2019,1363T0278,2,Van / Goods 3.5 tonnes mgw or under,No tow/articulation,Slowing or stopping,North West,South East,On main c'way - not in restricted lane,Not at or within 20 metres of junction,None,None,Did not leave carriageway,None,Back,No,Journey as part of work,Male,NA,26 - 35,NA,Heavy oil,4,Data missing or out of range,Less deprived 30-40%,Urban area
20191363U0614,2019,1363U0614,1,Car,Single trailer,Going ahead other,North,South East,On main c'way - not in restricted lane,Mid Junction - on roundabout or on main road,None,None,Did not leave carriageway,None,Front,No,Not known,Male,NA,36 - 45,NA,Petrol,8,Data missing or out of range,More deprived 40-50%,Urban area
20191363U0614,2019,1363U0614,2,Motorcycle 125cc and under,No tow/articulation,Going ahead other,North,South East,On main c'way - not in restricted lane,Mid Junction - on roundabout or on main road,None,None,Did not leave carriageway,None,Back,No,Not known,Female,NA,46 - 55,NA,Petrol,1,Data missing or out of range,More deprived 40-50%,Urban area
20191363V0543,2019,1363V0543,1,Car,No tow/articulation,Going ahead other,North East,South West,On main c'way - not in restricted lane,Not at or within 20 metres of junction,None,Parked vehicle,Did not leave carriageway,None,Front,No,Not known,Female,NA,26 - 35,NA,Heavy oil,9,Data missing or out of range,More deprived 40-50%,Urban area
20191363V0543,2019,1363V0543,2,Car,No tow/articulation,Parked,Parked,Parked,On main c'way - not in restricted lane,Not at or within 20 metres of junction,None,None,Did not leave carriageway,None,Back,No,Not known,Not known,Data missing or out of range,Data missing or out of range,NA,Petrol,14,Data missing or out of range,Data missing or out of range,Data missing or out of range
20191363V0565,2019,1363V0565,1,Taxi/Private hire car,No tow/articulation,Going ahead other,North,South East,On main c'way - not in restricted lane,Mid Junction - on roundabout or on main road,None,None,Did not leave carriageway,None,Front,No,Journey as part of work,Male,NA,36 - 45,Data missing or out of range,Undefined,-1,Data missing or out of range,Most deprived 10%,Urban area
20191363V0565,2019,1363V0565,2,Car,No tow/articulation,Going ahead other,East,North,On main c'way - not in restricted lane,Mid Junction - on roundabout or on main road,None,None,Did not leave carriageway,None,Offside,No,Not known,Male,NA,26 - 35,NA,Petrol,1,Data missing or out of range,More deprived 20-30%,Urban area
2019136411131,2019,136411131,1,Van / Goods 3.5 tonnes mgw or under,No tow/articulation,Turning right,North,West,On main c'way - not in restricted lane,Approaching junction or waiting/parked at junction approach,None,None,Did not leave carriageway,None,Front,No,Not known,Male,NA,26 - 35,NA,Heavy oil,16,Data missing or out of range,More deprived 10-20%,Urban area
2019136411131,2019,136411131,2,Car,No tow/articulation,Going ahead other,West,East,On main c'way - not in restricted lane,Approaching junction or waiting/parked at junction approach,None,None,Did not leave carriageway,None,Front,No,Not known,Female,NA,46 - 55,NA,Petrol,8,Data missing or out of range,Most deprived 10%,Urban area
2019136420434,2019,136420434,1,Van / Goods 3.5 tonnes mgw or under,No tow/articulation,Turning right,North East,North West,On main c'way - not in restricted lane,Entering main road,None,None,Did not leave carriageway,None,Back,No,Not known,Male,NA,26 - 35,NA,Heavy oil,3,Data missing or out of range,Most deprived 10%,Urban area
2019136420434,2019,136420434,2,Pedal cycle,No tow/articulation,Going ahead other,South East,North West,On main c'way - not in restricted lane,Mid Junction - on roundabout or on main road,None,None,Did not leave carriageway,None,Front,No,Not known,Male,NA,36 - 45,Data missing or out of range,Undefined,-1,Data missing or out of range,Less deprived 20-30%,Urban area
2019136420646,2019,136420646,1,Bus or coach (17 or more pass seats),No tow/articulation,Going ahead other,West,East,On main c'way - not in restricted lane,Not at or within 20 metres of junction,None,None,Did not leave carriageway,None,Nearside,No,Journey as part of work,Not known,Data missing or out of range,Data missing or out of range,Data missing or out of range,Undefined,-1,Data missing or out of range,Data missing or out of range,Data missing or out of range
2019136431379,2019,136431379,1,Bus or coach (17 or more pass seats),No tow/articulation,Going ahead other,South West,North East,On main c'way - not in restricted lane,Not at or within 20 metres of junction,None,None,Did not leave carriageway,None,Front,No,Journey as part of work,Male,NA,46 - 55,NA,Heavy oil,11,Data missing or out of range,Most deprived 10%,Urban area
2019136440548,2019,136440548,1,Car,No tow/articulation,Reversing,West,East,On main c'way - not in restricted lane,Not at or within 20 metres of junction,None,None,Did not leave carriageway,None,Back,No,Not known,Male,Data missing or out of range,Data missing or out of range,Data missing or out of range,Undefined,-1,Data missing or out of range,Data missing or out of range,Data missing or out of range
2019136440607,2019,136440607,1,Car,No tow/articulation,Turning right,North East,North West,On main c'way - not in restricted lane,Entering main road,None,None,Did not leave carriageway,None,Offside,No,Not known,Not known,Data missing or out of range,Data missing or out of range,NA,Heavy oil,9,Data missing or out of range,Data missing or out of range,Data missing or out of range
2019136440607,2019,136440607,2,Car,No tow/articulation,Going ahead other,South East,North West,On main c'way - not in restricted lane,Approaching junction or waiting/parked at junction approach,None,None,Did not leave carriageway,None,Front,No,Not known,Male,NA,16 - 20,NA,Petrol,4,Data missing or out of range,Data missing or out of range,Data missing or out of range
2019136440607,2019,136440607,3,Car,No tow/articulation,Parked,Parked,Parked,On main c'way - not in restricted lane,Approaching junction or waiting/parked at junction approach,None,None,Did not leave carriageway,None,Offside,No,Not known,Not known,Data missing or out of range,Data missing or out of range,NA,Heavy oil,1,Data missing or out of range,Data missing or out of range,Data missing or out of range
2019136441327,2019,136441327,1,Car,No tow/articulation,Going ahead other,North East,South West,On main c'way - not in restricted lane,Approaching junction or waiting/parked at junction approach,None,None,Did not leave carriageway,Wall or fence,Nearside,No,Not known,Female,NA,16 - 20,NA,Petrol,7,Data missing or out of range,Least deprived 10%,Urban area
2019136441327,2019,136441327,2,Car,No tow/articulation,Turning left,East,South West,On main c'way - not in restricted lane,Cleared junction or waiting/parked at junction exit,None,None,Did not leave carriageway,None,Front,No,Not known,Female,NA,56 - 65,NA,Heavy oil,1,Data missing or out of range,More deprived 30-40%,Urban area
2019136461152,2019,136461152,1,Car,No tow/articulation,Slowing or stopping,South East,North,On main c'way - not in restricted lane,Approaching junction or waiting/parked at junction approach,None,None,Did not leave carriageway,None,Back,No,Not known,Female,NA,56 - 65,NA,Heavy oil,3,Data missing or out of range,More deprived 40-50%,Urban area
2019136461152,2019,136461152,2,Car,No tow/articulation,Slowing or stopping,South East,North,On main c'way - not in restricted lane,Approaching junction or waiting/parked at junction approach,None,None,Did not leave carriageway,None,Back,No,Not known,Female,NA,46 - 55,Data missing or out of range,Undefined,-1,Data missing or out of range,Most deprived 10%,Urban area
2019136461152,2019,136461152,3,Van / Goods 3.5 tonnes mgw or under,No tow/articulation,Slowing or stopping,South East,North,On main c'way - not in restricted lane,Approaching junction or waiting/parked at junction approach,None,None,Did not leave carriageway,None,Front,No,Journey as part of work,Male,NA,21 - 25,NA,Heavy oil,3,Data missing or out of range,Less deprived 40-50%,Urban area
2019136461996,2019,136461996,1,Car,No tow/articulation,Moving off,North,South East,On main c'way - not in restricted lane,Mid Junction - on roundabout or on main road,None,None,Did not leave carriageway,None,Front,No,Commuting to/from work,Female,NA,26 - 35,NA,Petrol,10,Data missing or out of range,More deprived 20-30%,Urban area
2019136461996,2019,136461996,2,Car,No tow/articulation,Going ahead other,South East,North,On main c'way - not in restricted lane,Mid Junction - on roundabout or on main road,None,None,Did not leave carriageway,None,Front,No,Not known,Female,NA,66 - 75,NA,Petrol,10,Data missing or out of range,Most deprived 10%,Urban area
2019136462168,2019,136462168,1,Car,No tow/articulation,Turning left,North,South East,On main c'way - not in restricted lane,Leaving main road,Skidded,None,Did not leave carriageway,None,Front,No,Not known,Male,NA,26 - 35,NA,Heavy oil,6,Data missing or out of range,Most deprived 10%,Urban area
2019136462168,2019,136462168,2,Car,No tow/articulation,Going ahead other,Parked,Parked,On main c'way - not in restricted lane,Cleared junction or waiting/parked at junction exit,None,None,Did not leave carriageway,None,Offside,No,Not known,Not known,Data missing or out of range,Data missing or out of range,NA,Heavy oil,1,Data missing or out of range,Data missing or out of range,Data missing or out of range
2019136471003,2019,136471003,1,Taxi/Private hire car,No tow/articulation,Moving off,North East,South West,On main c'way - not in restricted lane,Not at or within 20 metres of junction,None,None,Did not leave carriageway,None,Front,No,Journey as part of work,Male,NA,26 - 35,NA,Hybrid electric,4,Data missing or out of range,Most deprived 10%,Urban area
2019136471003,2019,136471003,2,Car,No tow/articulation,Going ahead other,North East,South West,On main c'way - not in restricted lane,Not at or within 20 metres of junction,None,None,Did not leave carriageway,None,Nearside,No,Not known,Female,NA,46 - 55,NA,Petrol,10,Data missing or out of range,More deprived 10-20%,Urban area
2019136471300,2019,136471300,1,Van / Goods 3.5 tonnes mgw or under,No tow/articulation,Reversing,South West,South East,On main c'way - not in restricted lane,Not at or within 20 metres of junction,None,None,Did not leave carriageway,None,Back,No,Journey as part of work,Male,NA,36 - 45,NA,Heavy oil,8,Data missing or out of range,More deprived 10-20%,Urban area
2019136471300,2019,136471300,2,Car,No tow/articulation,Going ahead other,South East,North West,On main c'way - not in restricted lane,Not at or within 20 metres of junction,None,None,Did not leave carriageway,None,Nearside,No,Not known,Male,NA,26 - 35,NA,Petrol,10,Data missing or out of range,More deprived 20-30%,Urban area
2019136480090,2019,136480090,1,Car,No tow/articulation,Going ahead left-hand bend,West,North East,On main c'way - not in restricted lane,Approaching junction or waiting/parked at junction approach,None,None,Offside and rebounded,Road sign or traffic signal,Offside,No,Not known,Male,NA,36 - 45,NA,Petrol,18,Data missing or out of range,Data missing or out of range,Data missing or out of range
2019136480090,2019,136480090,2,Car,No tow/articulation,Going ahead left-hand bend,West,North East,On main c'way - not in restricted lane,Approaching junction or waiting/parked at junction approach,None,None,Did not leave carriageway,None,Did not impact,No,Not known,Male,NA,36 - 45,NA,Heavy oil,10,Data missing or out of range,Data missing or out of range,Data missing or out of range
2019136480205,2019,136480205,1,Car,No tow/articulation,Overtaking moving vehicle - offside,West,East,On main c'way - not in restricted lane,Not at or within 20 metres of junction,None,None,Did not leave carriageway,None,Nearside,No,Not known,Not known,Data missing or out of range,Data missing or out of range,Data missing or out of range,Undefined,-1,Data missing or out of range,Data missing or out of range,Data missing or out of range
2019136480205,2019,136480205,2,Pedal cycle,No tow/articulation,Going ahead other,West,East,On main c'way - not in restricted lane,Not at or within 20 metres of junction,None,None,Did not leave carriageway,None,Offside,No,Commuting to/from work,Male,NA,56 - 65,Data missing or out of range,Undefined,-1,Data missing or out of range,Less deprived 10-20%,Urban area
2019136481073,2019,136481073,1,Car,No tow/articulation,Going ahead right-hand bend,North East,South West,On main c'way - not in restricted lane,Not at or within 20 metres of junction,None,None,Did not leave carriageway,None,Front,No,Journey as part of work,Male,NA,26 - 35,Data missing or out of range,Undefined,-1,Data missing or out of range,Most deprived 10%,Urban area
2019136481073,2019,136481073,2,Car,No tow/articulation,Parked,Parked,Parked,On main c'way - not in restricted lane,Not at or within 20 metres of junction,None,None,Did not leave carriageway,None,Back,No,Taking pupil to/from school,Male,NA,46 - 55,NA,Heavy oil,10,Data missing or out of range,Most deprived 10%,Urban area
2019136491639,2019,136491639,1,Car,No tow/articulation,Going ahead other,West,East,On main c'way - not in restricted lane,Approaching junction or waiting/parked at junction approach,None,None,Did not leave carriageway,None,Front,No,Not known,Male,Data missing or out of range,Data missing or out of range,NA,Petrol,0,Data missing or out of range,Data missing or out of range,Data missing or out of range
2019136491639,2019,136491639,2,Car,No tow/articulation,Going ahead other,North,South East,On main c'way - not in restricted lane,Approaching junction or waiting/parked at junction approach,None,None,Did not leave carriageway,None,Front,No,Not known,Male,NA,46 - 55,NA,Heavy oil,11,Data missing or out of range,More deprived 20-30%,Urban area
20191364A1570,2019,1364A1570,1,Car,No tow/articulation,Going ahead other,West,East,On main c'way - not in restricted lane,Mid Junction - on roundabout or on main road,None,None,Did not leave carriageway,None,Front,No,Not known,Not known,Data missing or out of range,Data missing or out of range,NA,Heavy oil,14,Data missing or out of range,Data missing or out of range,Data missing or out of range
20191364A1570,2019,1364A1570,2,Car,No tow/articulation,Going ahead other,North,South East,On main c'way - not in restricted lane,Mid Junction - on roundabout or on main road,None,None,Did not leave carriageway,None,Offside,No,Not known,Male,NA,36 - 45,NA,Heavy oil,3,Data missing or out of range,More deprived 30-40%,Urban area
20191364A1570,2019,1364A1570,3,Car,No tow/articulation,Parked,Parked,Parked,On main c'way - not in restricted lane,Mid Junction - on roundabout or on main road,None,None,Did not leave carriageway,None,Back,No,Not known,Female,NA,56 - 65,NA,Petrol,15,Data missing or out of range,More deprived 30-40%,Urban area
20191364B0205,2019,1364B0205,1,Goods 7.5 tonnes mgw and over,Articulated vehicle,Going ahead other,South East,North,On main c'way - not in restricted lane,Approaching junction or waiting/parked at junction approach,None,None,Did not leave carriageway,None,Front,No,Journey as part of work,Male,NA,26 - 35,NA,Heavy oil,1,Data missing or out of range,Less deprived 10-20%,Rural
20191364B0205,2019,1364B0205,2,Car,No tow/articulation,Waiting to go - held up,South East,North,On main c'way - not in restricted lane,Cleared junction or waiting/parked at junction exit,None,None,Did not leave carriageway,None,Back,No,Commuting to/from work,Male,NA,46 - 55,NA,Heavy oil,14,Data missing or out of range,Most deprived 10%,Urban area
20191364B0592,2019,1364B0592,1,Car,No tow/articulation,Overtaking - nearside,North East,South West,On main c'way - not in restricted lane,Not at or within 20 metres of junction,None,None,Did not leave carriageway,None,Front,No,Not known,Male,NA,Over 75,NA,Petrol,2,Data missing or out of range,Data missing or out of range,Data missing or out of range
20191364B0592,2019,1364B0592,2,Pedal cycle,No tow/articulation,Overtaking - nearside,North East,South West,On main c'way - not in restricted lane,Not at or within 20 metres of junction,None,None,Did not leave carriageway,None,Back,No,Not known,Male,NA,56 - 65,Data missing or out of range,Undefined,-1,Data missing or out of range,Less deprived 20-30%,Small town
20191364B1065,2019,1364B1065,1,Car,No tow/articulation,Going ahead other,North,South East,On main c'way - not in restricted lane,Mid Junction - on roundabout or on main road,None,None,Straight ahead at junction,Wall or fence,Front,No,Not known,Not known,Data missing or out of range,Data missing or out of range,NA,Petrol,15,Data missing or out of range,Data missing or out of range,Data missing or out of range
20191364B1065,2019,1364B1065,2,Minibus (8 - 16 passenger seats),No tow/articulation,Going ahead other,West,East,On main c'way - not in restricted lane,Mid Junction - on roundabout or on main road,Overturned,None,Straight ahead at junction,Wall or fence,Nearside,No,Not known,Male,NA,26 - 35,NA,Heavy oil,8,Data missing or out of range,Most deprived 10%,Urban area
20191364B2077,2019,1364B2077,1,Pedal cycle,No tow/articulation,Going ahead other,West,East,On main c'way - not in restricted lane,Approaching junction or waiting/parked at junction approach,None,None,Did not leave carriageway,None,Front,No,Not known,Male,NA,16 - 20,Data missing or out of range,Undefined,-1,Data missing or out of range,Most deprived 10%,Urban area
20191364B2077,2019,1364B2077,2,Car,No tow/articulation,Turning left,East,South East,On main c'way - not in restricted lane,Approaching junction or waiting/parked at junction approach,None,None,Did not leave carriageway,None,Offside,No,Not known,Male,NA,21 - 25,NA,Heavy oil,5,Data missing or out of range,Less deprived 20-30%,Urban area
20191364C0881,2019,1364C0881,1,Car,No tow/articulation,Going ahead other,West,East,On main c'way - not in restricted lane,Not at or within 20 metres of junction,None,None,Did not leave carriageway,None,Front,No,Not known,Female,NA,26 - 35,NA,Heavy oil,11,Data missing or out of range,More deprived 10-20%,Urban area
20191364C0881,2019,1364C0881,2,Van / Goods 3.5 tonnes mgw or under,No tow/articulation,Parked,Parked,Parked,On main c'way - not in restricted lane,Not at or within 20 metres of junction,None,None,Did not leave carriageway,None,Did not impact,No,Not known,Male,NA,36 - 45,NA,Heavy oil,6,Data missing or out of range,More deprived 30-40%,Urban area
20191364C1076,2019,1364C1076,1,Bus or coach (17 or more pass seats),No tow/articulation,Going ahead other,East,West,On main c'way - not in restricted lane,Approaching junction or waiting/parked at junction approach,None,None,Did not leave carriageway,None,Front,No,Journey as part of work,Male,NA,21 - 25,NA,Heavy oil,4,Data missing or out of range,Most deprived 10%,Urban area
20191364C1076,2019,1364C1076,2,Car,No tow/articulation,Turning left,East,South East,On main c'way - not in restricted lane,Approaching junction or waiting/parked at junction approach,None,None,Did not leave carriageway,None,Nearside,No,Not known,Female,NA,36 - 45,NA,Heavy oil,3,Data missing or out of range,More deprived 40-50%,Urban area
20191364C1846,2019,1364C1846,1,Car,No tow/articulation,Going ahead other,North,South East,On main c'way - not in restricted lane,Not at or within 20 metres of junction,None,None,Did not leave carriageway,None,Front,No,Not known,Male,NA,36 - 45,NA,Heavy oil,9,Data missing or out of range,Most deprived 10%,Urban area
20191364C1846,2019,1364C1846,2,Car,No tow/articulation,Parked,Parked,Parked,On main c'way - not in restricted lane,Not at or within 20 metres of junction,None,None,Did not leave carriageway,None,Back,No,Not known,Male,NA,21 - 25,NA,Heavy oil,6,Data missing or out of range,More deprived 30-40%,Urban area
20191364C2107,2019,1364C2107,1,Car,No tow/articulation,Turning left,South West,North East,On main c'way - not in restricted lane,Mid Junction - on roundabout or on main road,None,None,Did not leave carriageway,None,Nearside,No,Not known,Male,NA,46 - 55,NA,Petrol,18,Data missing or out of range,More deprived 40-50%,Urban area
20191364C2107,2019,1364C2107,2,Car,No tow/articulation,Going ahead other,North West,South East,On main c'way - not in restricted lane,Mid Junction - on roundabout or on main road,None,None,Did not leave carriageway,None,Offside,No,Not known,Male,NA,26 - 35,NA,Petrol,13,Data missing or out of range,Most deprived 10%,Urban area
20191364D1175,2019,1364D1175,1,Motorcycle 125cc and under,No tow/articulation,Going ahead other,East,West,On main c'way - not in restricted lane,Not at or within 20 metres of junction,Skidded,None,Did not leave carriageway,None,Nearside,No,Not known,Male,NA,46 - 55,NA,Petrol,7,Data missing or out of range,Most deprived 10%,Urban area
20191364D1288,2019,1364D1288,1,Car,No tow/articulation,Going ahead other,East,West,On main c'way - not in restricted lane,Not at or within 20 metres of junction,None,None,Did not leave carriageway,None,Offside,No,Not known,Male,NA,21 - 25,NA,Heavy oil,1,Data missing or out of range,Most deprived 10%,Urban area
20191364D1288,2019,1364D1288,2,Car,No tow/articulation,Going ahead other,East,West,On main c'way - not in restricted lane,Not at or within 20 metres of junction,Skidded,Parked vehicle,Did not leave carriageway,None,Nearside,No,Not known,Female,NA,21 - 25,NA,Petrol,9,Data missing or out of range,Most deprived 10%,Urban area
20191364D1288,2019,1364D1288,3,Car,No tow/articulation,Parked,Parked,Parked,On main c'way - not in restricted lane,Not at or within 20 metres of junction,None,None,Did not leave carriageway,None,Front,No,Not known,Not known,Data missing or out of range,Data missing or out of range,NA,Heavy oil,10,Data missing or out of range,Most deprived 10%,Urban area
20191364E1919,2019,1364E1919,1,Car,No tow/articulation,Going ahead other,South East,North West,On main c'way - not in restricted lane,Not at or within 20 metres of junction,Skidded and overturned,Parked vehicle,Offside,Lamp post,Front,No,Not known,Male,NA,16 - 20,NA,Heavy oil,11,Data missing or out of range,Most deprived 10%,Urban area
20191364G1067,2019,1364G1067,1,Van / Goods 3.5 tonnes mgw or under,No tow/articulation,Going ahead other,South East,North,On main c'way - not in restricted lane,Mid Junction - on roundabout or on main road,Overturned,None,Did not leave carriageway,None,Offside,No,Journey as part of work,Male,NA,26 - 35,NA,Heavy oil,3,Data missing or out of range,More deprived 20-30%,Urban area
20191364G1067,2019,1364G1067,2,Car,No tow/articulation,Going ahead other,East,West,On main c'way - not in restricted lane,Mid Junction - on roundabout or on main road,None,None,Did not leave carriageway,None,Front,No,Not known,Male,NA,16 - 20,NA,Petrol,3,Data missing or out of range,Least deprived 10%,Small town
20191364H1357,2019,1364H1357,1,Car,No tow/articulation,Going ahead other,North East,South West,On main c'way - not in restricted lane,Mid Junction - on roundabout or on main road,None,None,Did not leave carriageway,None,Front,No,Not known,Female,NA,36 - 45,NA,Heavy oil,1,Data missing or out of range,More deprived 20-30%,Urban area
20191364H1357,2019,1364H1357,2,Car,No tow/articulation,Parked,Parked,Parked,On main c'way - not in restricted lane,Cleared junction or waiting/parked at junction exit,None,None,Did not leave carriageway,None,Back,No,Not known,Male,NA,46 - 55,NA,Heavy oil,13,Data missing or out of range,Data missing or out of range,Data missing or out of range
20191364H1357,2019,1364H1357,3,Van / Goods 3.5 tonnes mgw or under,No tow/articulation,Going ahead other,North West,South East,On main c'way - not in restricted lane,Entering main road,None,None,Did not leave carriageway,None,Front,No,Not known,Not known,Data missing or out of range,Data missing or out of range,Data missing or out of range,Undefined,-1,Data missing or out of range,Data missing or out of range,Data missing or out of range
20191364H2044,2019,1364H2044,1,Car,No tow/articulation,Going ahead other,West,East,On main c'way - not in restricted lane,Approaching junction or waiting/parked at junction approach,None,None,Did not leave carriageway,None,Nearside,No,Not known,Male,NA,46 - 55,NA,Heavy oil,8,Data missing or out of range,Most deprived 10%,Urban area
20191364H2044,2019,1364H2044,2,Car,No tow/articulation,Going ahead other,North,South East,On main c'way - not in restricted lane,Mid Junction - on roundabout or on main road,None,None,Did not leave carriageway,None,Front,No,Not known,Male,NA,36 - 45,NA,Heavy oil,11,Data missing or out of range,More deprived 10-20%,Urban area
20191364I0671,2019,1364I0671,1,Taxi/Private hire car,No tow/articulation,Going ahead other,North East,South West,On main c'way - not in restricted lane,Not at or within 20 metres of junction,None,None,Did not leave carriageway,None,Front,No,Journey as part of work,Male,NA,46 - 55,NA,Heavy oil,9,Data missing or out of range,Most deprived 10%,Urban area