accident_index,accident_year,accident_reference,vehicle_reference,vehicle_type,towing_and_articulation,vehicle_manoeuvre,vehicle_direction_from,vehicle_direction_to,vehicle_location_restricted_lane,junction_location,skidding_and_overturning,hit_object_in_carriageway,vehicle_leaving_carriageway,hit_object_off_carriageway,first_point_of_impact,vehicle_left_hand_drive,journey_purpose_of_driver,sex_of_driver,age_of_driver,age_band_of_driver,engine_capacity_cc,propulsion_code,age_of_vehicle,generic_make_model,driver_imd_decile,driver_home_area_type
20191365G1315,2019,1365G1315,3,Car,No tow/articulation,Parked,Parked,Parked,On main c'way - not in restricted lane,Not at or within 20 metres of junction,None,None,Did not leave carriageway,None,Back,No,Not known,Male,NA,26 - 35,NA,Petrol,16,Data missing or out of range,Data missing or out of range,Data missing or out of range
20191365I0863,2019,1365I0863,1,Car,No tow/articulation,Overtaking static vehicle - offside,North,South East,On main c'way - not in restricted lane,Not at or within 20 metres of junction,None,Parked vehicle,Did not leave carriageway,None,Nearside,No,Not known,Female,NA,26 - 35,Data missing or out of range,Undefined,-1,Data missing or out of range,More deprived 20-30%,Urban area
20191365I0863,2019,1365I0863,2,Car,No tow/articulation,Parked,Parked,Parked,On main c'way - not in restricted lane,Not at or within 20 metres of junction,None,None,Did not leave carriageway,None,Nearside,No,Not known,Not known,Data missing or out of range,Data missing or out of range,NA,Petrol,9,Data missing or out of range,Data missing or out of range,Data missing or out of range
20191365J0504,2019,1365J0504,1,Car,No tow/articulation,Turning right,West,East,On main c'way - not in restricted lane,Mid Junction - on roundabout or on main road,None,None,Did not leave carriageway,None,Back,No,Not known,Male,NA,26 - 35,NA,Petrol,1,Data missing or out of range,More deprived 20-30%,Urban area
20191365J0504,2019,1365J0504,2,Pedal cycle,No tow/articulation,Turning right,West,East,On main c'way - not in restricted lane,Mid Junction - on roundabout or on main road,None,None,Did not leave carriageway,None,Front,No,Not known,Male,NA,66 - 75,Data missing or out of range,Undefined,-1,Data missing or out of range,Less deprived 10-20%,Rural
20191365K0280,2019,1365K0280,1,Car,No tow/articulation,Turning left,South East,West,On main c'way - not in restricted lane,Mid Junction - on roundabout or on main road,None,None,Did not leave carriageway,None,Front,No,Not known,Male,NA,56 - 65,NA,Petrol,5,Data missing or out of range,Most deprived 10%,Urban area
20191365K0324,2019,1365K0324,1,Van / Goods 3.5 tonnes mgw or under,No tow/articulation,Going ahead other,East,West,On main c'way - not in restricted lane,Not at or within 20 metres of junction,None,None,Did not leave carriageway,None,Front,No,Not known,Female,NA,56 - 65,Data missing or out of range,Undefined,-1,Data missing or out of range,More deprived 40-50%,Urban area
20191365K0742,2019,1365K0742,1,Car,No tow/articulation,Turning right,North East,North West,On main c'way - not in restricted lane,Not at or within 20 metres of junction,None,None,Did not leave carriageway,None,Front,No,Not known,Female,NA,36 - 45,NA,Heavy oil,4,Data missing or out of range,More deprived 30-40%,Small town
20191365K0742,2019,1365K0742,2,Motorcycle 125cc and under,No tow/articulation,Turning right,South East,North East,On main c'way - not in restricted lane,Not at or within 20 metres of junction,None,None,Did not leave carriageway,None,Nearside,No,Not known,Male,NA,46 - 55,NA,Petrol,11,Data missing or out of range,More deprived 20-30%,Urban area
20191365L0110,2019,1365L0110,1,Motorcycle over 500cc,No tow/articulation,Going ahead left-hand bend,East,South West,On main c'way - not in restricted lane,Cleared junction or waiting/parked at junction exit,Skidded and overturned,None,Offside and rebounded,None,Offside,No,Not known,Male,NA,16 - 20,NA,Petrol,7,Data missing or out of range,More deprived 10-20%,Urban area
20191365L0252,2019,1365L0252,1,Car,No tow/articulation,Turning right,West,East,On main c'way - not in restricted lane,Entering main road,None,None,Did not leave carriageway,None,Front,No,Commuting to/from work,Male,NA,56 - 65,NA,Petrol,2,Data missing or out of range,More deprived 10-20%,Small town
20191365L0252,2019,1365L0252,2,Motorcycle over 500cc,No tow/articulation,Going ahead other,North,South East,On main c'way - not in restricted lane,Mid Junction - on roundabout or on main road,None,None,Did not leave carriageway,None,Nearside,No,Commuting to/from work,Male,NA,16 - 20,NA,Petrol,2,Data missing or out of range,Data missing or out of range,Data missing or out of range
20191365L1534,2019,1365L1534,1,Car,No tow/articulation,Going ahead other,South East,North West,On main c'way - not in restricted lane,Not at or within 20 metres of junction,None,None,Did not leave carriageway,None,Front,No,Not known,Not known,Data missing or out of range,Data missing or out of range,Data missing or out of range,Undefined,-1,Data missing or out of range,Data missing or out of range,Data missing or out of range
20191365L1789,2019,1365L1789,1,Car,No tow/articulation,Going ahead other,North West,South East,On main c'way - not in restricted lane,Entering roundabout,None,None,Did not leave carriageway,None,Front,No,Not known,Female,NA,46 - 55,NA,Heavy oil,3,Data missing or out of range,Less deprived 10-20%,Urban area
20191365L1789,2019,1365L1789,2,Pedal cycle,No tow/articulation,Going ahead other,South West,South East,On main c'way - not in restricted lane,Mid Junction - on roundabout or on main road,None,None,Did not leave carriageway,None,Nearside,No,Not known,Male,NA,26 - 35,Data missing or out of range,Undefined,-1,Data missing or out of range,Less deprived 10-20%,Small town
20191365M0290,2019,1365M0290,1,Car,No tow/articulation,Slowing or stopping,East,West,On main c'way - not in restricted lane,Not at or within 20 metres of junction,None,None,Did not leave carriageway,None,Front,No,Not known,Male,NA,36 - 45,NA,Petrol,10,Data missing or out of range,More deprived 30-40%,Urban area
20191365M0290,2019,1365M0290,2,Car,No tow/articulation,Slowing or stopping,East,West,On main c'way - not in restricted lane,Not at or within 20 metres of junction,None,None,Did not leave carriageway,None,Back,No,Not known,Female,NA,26 - 35,NA,Petrol,13,Data missing or out of range,Data missing or out of range,Data missing or out of range
20191365M0511,2019,1365M0511,1,Goods 7.5 tonnes mgw and over,No tow/articulation,Going ahead other,South East,North,On main c'way - not in restricted lane,Mid Junction - on roundabout or on main road,None,None,Did not leave carriageway,None,Offside,No,Journey as part of work,Male,NA,21 - 25,NA,Heavy oil,11,Data missing or out of range,Data missing or out of range,Data missing or out of range
20191365M0511,2019,1365M0511,2,Car,No tow/articulation,Going ahead other,South East,North,On main c'way - not in restricted lane,Mid Junction - on roundabout or on main road,None,None,Did not leave carriageway,None,Nearside,No,Journey as part of work,Male,NA,36 - 45,NA,Petrol,10,Data missing or out of range,Data missing or out of range,Data missing or out of range
20191365N0276,2019,1365N0276,1,Car,No tow/articulation,Slowing or stopping,North,South East,On main c'way - not in restricted lane,Approaching junction or waiting/parked at junction approach,None,None,Did not leave carriageway,None,Back,No,Commuting to/from work,Male,NA,26 - 35,NA,Heavy oil,2,Data missing or out of range,Most deprived 10%,Urban area
20191365N0276,2019,1365N0276,2,Car,No tow/articulation,Slowing or stopping,North,South East,On main c'way - not in restricted lane,Approaching junction or waiting/parked at junction approach,None,None,Did not leave carriageway,None,Back,No,Commuting to/from work,Male,NA,26 - 35,NA,Heavy oil,3,Data missing or out of range,Data missing or out of range,Data missing or out of range
20191365N0276,2019,1365N0276,3,Car,No tow/articulation,Going ahead other,North,South East,On main c'way - not in restricted lane,Approaching junction or waiting/parked at junction approach,None,None,Did not leave carriageway,None,Front,No,Not known,Not known,Data missing or out of range,Data missing or out of range,NA,Heavy oil,12,Data missing or out of range,Data missing or out of range,Data missing or out of range
20191365N0403,2019,1365N0403,1,Car,No tow/articulation,Turning left,West,North,On main c'way - not in restricted lane,Mid Junction - on roundabout or on main road,None,None,Did not leave carriageway,None,Front,No,Not known,Female,NA,26 - 35,NA,Heavy oil,15,Data missing or out of range,Most deprived 10%,Urban area
20191365N0871,2019,1365N0871,1,Car,No tow/articulation,Going ahead other,North West,South East,On main c'way - not in restricted lane,Approaching junction or waiting/parked at junction approach,None,None,Did not leave carriageway,None,Front,No,Pupil riding to/from school,Male,NA,16 - 20,NA,Petrol,13,Data missing or out of range,Most deprived 10%,Urban area
20191365N0871,2019,1365N0871,2,Car,No tow/articulation,Turning right,West,East,On main c'way - not in restricted lane,Approaching junction or waiting/parked at junction approach,None,None,Did not leave carriageway,None,Front,No,Not known,Male,NA,56 - 65,NA,Heavy oil,6,Data missing or out of range,Most deprived 10%,Urban area
20191365N1421,2019,1365N1421,1,Motorcycle 125cc and under,No tow/articulation,Overtaking moving vehicle - offside,East,West,On main c'way - not in restricted lane,Approaching junction or waiting/parked at junction approach,Overturned,None,Did not leave carriageway,None,Front,No,Commuting to/from work,Female,NA,46 - 55,NA,Petrol,1,Data missing or out of range,Most deprived 10%,Urban area
20191365N1421,2019,1365N1421,2,Car,No tow/articulation,Turning right,East,North,On main c'way - not in restricted lane,Leaving main road,None,None,Did not leave carriageway,None,Offside,No,Commuting to/from work,Male,NA,36 - 45,NA,Heavy oil,4,Data missing or out of range,Most deprived 10%,Urban area
20191365N1785,2019,1365N1785,1,Car,No tow/articulation,Going ahead other,North,South East,On main c'way - not in restricted lane,Not at or within 20 metres of junction,None,None,Did not leave carriageway,None,Front,No,Not known,Male,NA,21 - 25,NA,Heavy oil,12,Data missing or out of range,Most deprived 10%,Urban area
20191365O1083,2019,1365O1083,1,Car,No tow/articulation,Going ahead other,South East,North West,On main c'way - not in restricted lane,Not at or within 20 metres of junction,None,None,Nearside,Near/Offside crash barrier,Nearside,No,Not known,Male,NA,26 - 35,NA,Petrol,13,Data missing or out of range,Most deprived 10%,Urban area
20191365O1084,2019,1365O1084,1,Motorcycle 125cc and under,No tow/articulation,Going ahead other,North East,South West,On main c'way - not in restricted lane,Not at or within 20 metres of junction,Overturned,Parked vehicle,Did not leave carriageway,None,Front,No,Not known,Male,NA,21 - 25,NA,Petrol,4,Data missing or out of range,More deprived 30-40%,Urban area
20191365O1084,2019,1365O1084,2,Car,No tow/articulation,Parked,Parked,Parked,On main c'way - not in restricted lane,Not at or within 20 metres of junction,None,None,Did not leave carriageway,None,Back,No,Not known,Male,NA,26 - 35,NA,Heavy oil,8,Data missing or out of range,Data missing or out of range,Data missing or out of range
20191365O1537,2019,1365O1537,1,Car,No tow/articulation,Going ahead other,North,South East,On main c'way - not in restricted lane,Cleared junction or waiting/parked at junction exit,None,None,Did not leave carriageway,None,Front,No,Not known,Female,NA,16 - 20,NA,Petrol,8,Data missing or out of range,More deprived 10-20%,Urban area
20191365O1537,2019,1365O1537,2,Car,No tow/articulation,Going ahead other,South West,North East,On main c'way - not in restricted lane,Mid Junction - on roundabout or on main road,None,Bollard or refuge,Did not leave carriageway,Road sign or traffic signal,Back,No,Not known,Female,NA,36 - 45,NA,Petrol,5,Data missing or out of range,Most deprived 10%,Urban area
20191365O1925,2019,1365O1925,1,Car,No tow/articulation,Waiting to turn right,North West,South East,On main c'way - not in restricted lane,Approaching junction or waiting/parked at junction approach,None,None,Did not leave carriageway,None,Nearside,No,Not known,Male,NA,36 - 45,NA,Petrol,13,Data missing or out of range,Less deprived 30-40%,Rural
20191365O1925,2019,1365O1925,2,Car,No tow/articulation,Going ahead other,South East,North West,On main c'way - not in restricted lane,Approaching junction or waiting/parked at junction approach,Skidded,Bollard or refuge,Did not leave carriageway,None,Front,No,Not known,Male,NA,26 - 35,NA,Heavy oil,14,Data missing or out of range,Most deprived 10%,Urban area
20191365P0128,2019,1365P0128,1,Car,No tow/articulation,Going ahead other,East,West,On main c'way - not in restricted lane,Not at or within 20 metres of junction,None,None,Did not leave carriageway,None,Nearside,No,Not known,Female,Data missing or out of range,Data missing or out of range,Data missing or out of range,Undefined,-1,Data missing or out of range,Data missing or out of range,Data missing or out of range
20191365P0612,2019,1365P0612,1,Car,No tow/articulation,Waiting to turn right,West,East,On main c'way - not in restricted lane,Approaching junction or waiting/parked at junction approach,None,None,Did not leave carriageway,None,Offside,No,Not known,Male,NA,66 - 75,NA,Heavy oil,10,Data missing or out of range,Less deprived 40-50%,Urban area
20191365P0612,2019,1365P0612,2,Pedal cycle,No tow/articulation,Going ahead other,South East,North,On main c'way - not in restricted lane,Approaching junction or waiting/parked at junction approach,None,None,Did not leave carriageway,None,Front,No,Not known,Male,NA,26 - 35,Data missing or out of range,Undefined,-1,Data missing or out of range,Less deprived 30-40%,Urban area
20191365R0356,2019,1365R0356,1,Car,No tow/articulation,Going ahead right-hand bend,South West,North East,On main c'way - not in restricted lane,Not at or within 20 metres of junction,Skidded and overturned,None,Did not leave carriageway,None,Did not impact,No,Journey as part of work,Male,NA,21 - 25,NA,Petrol,20,Data missing or out of range,Most deprived 10%,Urban area
20191365R1242,2019,1365R1242,1,Car,No tow/articulation,Turning left,North East,South East,On main c'way - not in restricted lane,Leaving main road,None,None,Did not leave carriageway,None,Front,No,Not known,Not known,Data missing or out of range,Data missing or out of range,NA,Heavy oil,21,Data missing or out of range,Data missing or out of range,Data missing or out of range
20191365R1242,2019,1365R1242,2,Car,No tow/articulation,Parked,Parked,Parked,On main c'way - not in restricted lane,Cleared junction or waiting/parked at junction exit,None,None,Did not leave carriageway,None,Offside,No,Not known,Female,NA,26 - 35,NA,Heavy oil,17,Data missing or out of range,More deprived 10-20%,Urban area
20191365T0746,2019,1365T0746,1,Taxi/Private hire car,No tow/articulation,Going ahead other,North East,South West,On main c'way - not in restricted lane,Not at or within 20 metres of junction,None,None,Did not leave carriageway,None,Front,No,Journey as part of work,Male,NA,46 - 55,NA,Hybrid electric,9,Data missing or out of range,More deprived 30-40%,Urban area
20191365T1152,2019,1365T1152,1,Car,No tow/articulation,Going ahead other,South East,North West,On main c'way - not in restricted lane,Not at or within 20 metres of junction,None,None,Did not leave carriageway,None,Front,No,Not known,Male,NA,26 - 35,NA,Petrol,14,Data missing or out of range,Most deprived 10%,Urban area
20191365T1256,2019,1365T1256,1,Car,Other tow,Going ahead other,North,South East,On main c'way - not in restricted lane,Not at or within 20 metres of junction,None,None,Did not leave carriageway,None,Offside,No,Not known,Male,NA,66 - 75,NA,Heavy oil,12,Data missing or out of range,Least deprived 10%,Urban area
20191365T1256,2019,1365T1256,2,Van / Goods 3.5 tonnes mgw or under,No tow/articulation,Going ahead other,South East,North,On main c'way - not in restricted lane,Not at or within 20 metres of junction,None,None,Did not leave carriageway,None,Offside,No,Journey as part of work,Male,NA,26 - 35,NA,Heavy oil,13,Data missing or out of range,More deprived 10-20%,Urban area
20191365T1463,2019,1365T1463,1,Car,No tow/articulation,Slowing or stopping,North,South East,On main c'way - not in restricted lane,Not at or within 20 metres of junction,Skidded and overturned,None,Nearside and rebounded,None,Front,No,Journey as part of work,Male,NA,21 - 25,Data missing or out of range,Undefined,-1,Data missing or out of range,Less deprived 40-50%,Small town
20191365T1463,2019,1365T1463,2,Car,No tow/articulation,Slowing or stopping,North,South East,On main c'way - not in restricted lane,Not at or within 20 metres of junction,None,None,Did not leave carriageway,None,Back,No,Not known,Female,NA,36 - 45,NA,Heavy oil,4,Data missing or out of range,Less deprived 10-20%,Urban area
20191365T1471,2019,1365T1471,1,Van / Goods 3.5 tonnes mgw or under,No tow/articulation,Going ahead other,North,South East,On main c'way - not in restricted lane,Approaching junction or waiting/parked at junction approach,None,None,Did not leave carriageway,None,Offside,No,Not known,Male,Data missing or out of range,Data missing or out of range,NA,Heavy oil,5,Data missing or out of range,Data missing or out of range,Data missing or out of range
20191365T1471,2019,1365T1471,2,Car,No tow/articulation,Turning right,West,South East,On main c'way - not in restricted lane,Entering main road,None,None,Did not leave carriageway,None,Front,No,Not known,Female,NA,36 - 45,NA,Heavy oil,2,Data missing or out of range,Data missing or out of range,Data missing or out of range
20191365U0177,2019,1365U0177,1,Car,No tow/articulation,Going ahead right-hand bend,South West,East,On main c'way - not in restricted lane,Mid Junction - on roundabout or on main road,Skidded,Other object,Did not leave carriageway,None,Nearside,No,Commuting to/from work,Male,NA,21 - 25,NA,Heavy oil,13,Data missing or out of range,Most deprived 10%,Urban area
20191365U0177,2019,1365U0177,2,Van / Goods 3.5 tonnes mgw or under,No tow/articulation,Parked,Parked,Parked,On main c'way - not in restricted lane,Mid Junction - on roundabout or on main road,Skidded,None,Did not leave carriageway,None,Front,No,Not known,Not known,Data missing or out of range,Data missing or out of range,NA,Heavy oil,3,Data missing or out of range,Data missing or out of range,Data missing or out of range
20191365U0177,2019,1365U0177,3,Car,No tow/articulation,Parked,Parked,Parked,On main c'way - not in restricted lane,Mid Junction - on roundabout or on main road,Skidded,None,Did not leave carriageway,None,Front,No,Not known,Not known,Data missing or out of range,Data missing or out of range,NA,Petrol,11,Data missing or out of range,Data missing or out of range,Data missing or out of range
20191365U0836,2019,1365U0836,1,Car,No tow/articulation,Turning right,South East,East,On main c'way - not in restricted lane,Leaving main road,None,None,Did not leave carriageway,None,Front,No,Not known,Female,NA,16 - 20,NA,Petrol,10,Data missing or out of range,Most deprived 10%,Urban area
20191365U0836,2019,1365U0836,2,Car,No tow/articulation,Going ahead other,North,South East,On main c'way - not in restricted lane,Mid Junction - on roundabout or on main road,None,None,Did not leave carriageway,None,Front,No,Not known,Male,NA,36 - 45,NA,Heavy oil,8,Data missing or out of range,Most deprived 10%,Urban area
20191365U1055,2019,1365U1055,1,Goods 7.5 tonnes mgw and over,Articulated vehicle,Reversing,North West,South East,On main c'way - not in restricted lane,Not at or within 20 metres of junction,None,None,Did not leave carriageway,None,Back,No,Journey as part of work,Male,NA,46 - 55,NA,Heavy oil,2,Data missing or out of range,Most deprived 10%,Urban area
20191365U1055,2019,1365U1055,2,Car,No tow/articulation,Going ahead other,North West,South East,On main c'way - not in restricted lane,Not at or within 20 metres of junction,None,None,Did not leave carriageway,None,Front,No,Not known,Male,NA,46 - 55,NA,Heavy oil,15,Data missing or out of range,Most deprived 10%,Urban area
20191365U1204,2019,1365U1204,1,Car,No tow/articulation,Going ahead other,North West,South East,On main c'way - not in restricted lane,Not at or within 20 metres of junction,None,None,Did not leave carriageway,None,Front,No,Not known,Male,NA,16 - 20,NA,Petrol,13,Data missing or out of range,Most deprived 10%,Urban area
20191365U1204,2019,1365U1204,2,Car,No tow/articulation,Parked,Parked,Parked,On main c'way - not in restricted lane,Not at or within 20 metres of junction,None,None,Did not leave carriageway,None,Nearside,No,Not known,Female,NA,36 - 45,NA,Petrol,1,Data missing or out of range,Less deprived 20-30%,Urban area
20191365U1415,2019,1365U1415,1,Pedal cycle,No tow/articulation,Going ahead other,West,East,On main c'way - not in restricted lane,Entering roundabout,None,None,Did not leave carriageway,None,Front,No,Commuting to/from work,Male,NA,26 - 35,Data missing or out of range,Undefined,-1,Data missing or out of range,Less deprived 30-40%,Urban area
20191365U1415,2019,1365U1415,2,Car,No tow/articulation,Turning right,East,North,On main c'way - not in restricted lane,Mid Junction - on roundabout or on main road,None,None,Did not leave carriageway,None,Nearside,No,Commuting to/from work,Female,NA,21 - 25,NA,Petrol,1,Data missing or out of range,Less deprived 10-20%,Urban area
20191365V1242,2019,1365V1242,1,Goods 7.5 tonnes mgw and over,Articulated vehicle,Waiting to go - held up,Parked,Parked,On main c'way - not in restricted lane,Approaching junction or waiting/parked at junction approach,None,None,Did not leave carriageway,None,Offside,No,Not known,Male,NA,36 - 45,Data missing or out of range,Undefined,-1,Data missing or out of range,Data missing or out of range,Data missing or out of range
20191365V2099,2019,1365V2099,1,Taxi/Private hire car,No tow/articulation,Turning right,North,West,On main c'way - not in restricted lane,Entering main road,None,None,Did not leave carriageway,None,Front,No,Journey as part of work,Male,NA,46 - 55,NA,Heavy oil,8,Data missing or out of range,Most deprived 10%,Urban area
20191365V2099,2019,1365V2099,2,Car,No tow/articulation,Going ahead other,West,East,On main c'way - not in restricted lane,Mid Junction - on roundabout or on main road,None,None,Did not leave carriageway,None,Nearside,No,Not known,Male,NA,56 - 65,NA,Heavy oil,9,Data missing or out of range,More deprived 10-20%,Urban area
2019136610440,2019,136610440,1,Van / Goods 3.5 tonnes mgw or under,No tow/articulation,Going ahead other,North,South East,On main c'way - not in restricted lane,Not at or within 20 metres of junction,None,None,Offside on to centrl res + rebounded,Central crash barrier,Offside,No,Journey as part of work,Male,NA,26 - 35,NA,Heavy oil,16,Data missing or out of range,Most deprived 10%,Urban area
2019136611750,2019,136611750,1,Car,No tow/articulation,Turning right,East,North,On main c'way - not in restricted lane,Mid Junction - on roundabout or on main road,None,None,Nearside,None,Front,No,Not known,Not known,Data missing or out of range,Data missing or out of range,Data missing or out of range,Undefined,-1,Data missing or out of range,Data missing or out of range,Data missing or out of range
2019136621193,2019,136621193,1,Car,No tow/articulation,Slowing or stopping,West,East,On main c'way - not in restricted lane,Not at or within 20 metres of junction,None,None,Did not leave carriageway,None,Back,No,Not known,Female,NA,26 - 35,NA,Heavy oil,3,Data missing or out of range,More deprived 40-50%,Urban area
2019136621193,2019,136621193,2,Car,No tow/articulation,Going ahead other,West,East,On main c'way - not in restricted lane,Not at or within 20 metres of junction,None,None,Did not leave carriageway,None,Front,No,Not known,Female,NA,26 - 35,NA,Petrol,5,Data missing or out of range,More deprived 30-40%,Urban area
2019136621479,2019,136621479,1,Car,No tow/articulation,Turning right,West,East,On main c'way - not in restricted lane,Mid Junction - on roundabout or on main road,None,None,Did not leave carriageway,None,Front,No,Not known,Male,NA,21 - 25,NA,Petrol,12,Data missing or out of range,Most deprived 10%,Urban area
2019136621479,2019,136621479,2,Car,No tow/articulation,Going ahead other,East,North,On main c'way - not in restricted lane,Mid Junction - on roundabout or on main road,None,None,Did not leave carriageway,None,Nearside,No,Not known,Female,NA,16 - 20,NA,Petrol,5,Data missing or out of range,Most deprived 10%,Urban area
2019136621604,2019,136621604,1,Car,No tow/articulation,Going ahead other,North,South East,On main c'way - not in restricted lane,Approaching junction or waiting/parked at junction approach,None,None,Did not leave carriageway,None,Front,No,Not known,Male,NA,21 - 25,NA,Petrol,10,Data missing or out of range,Data missing or out of range,Data missing or out of range
2019136630447,2019,136630447,1,Taxi/Private hire car,No tow/articulation,Reversing,South East,North,On main c'way - not in restricted lane,Not at or within 20 metres of junction,None,None,Did not leave carriageway,None,Back,No,Journey as part of work,Male,NA,36 - 45,Data missing or out of range,Undefined,-1,Data missing or out of range,Data missing or out of range,Data missing or out of range
2019136631364,2019,136631364,1,Car,No tow/articulation,Going ahead other,North East,South West,On main c'way - not in restricted lane,Mid Junction - on roundabout or on main road,None,None,Did not leave carriageway,None,Offside,No,Not known,Male,NA,46 - 55,NA,Heavy oil,9,Data missing or out of range,Most deprived 10%,Urban area
2019136631417,2019,136631417,1,Car,No tow/articulation,Going ahead other,South East,North,On main c'way - not in restricted lane,Not at or within 20 metres of junction,None,None,Did not leave carriageway,Other permanent object,Front,No,Commuting to/from work,Female,NA,46 - 55,NA,Petrol,0,Data missing or out of range,More deprived 20-30%,Urban area
2019136641023,2019,136641023,1,Motorcycle 50cc and under,No tow/articulation,Going ahead other,East,West,On main c'way - not in restricted lane,Not at or within 20 metres of junction,None,None,Did not leave carriageway,None,Front,No,Not known,Male,NA,56 - 65,NA,Petrol,4,Data missing or out of range,More deprived 20-30%,Urban area
2019136651245,2019,136651245,1,Motorcycle over 500cc,No tow/articulation,Going ahead other,West,East,On main c'way - not in restricted lane,Approaching junction or waiting/parked at junction approach,None,None,Did not leave carriageway,None,Front,No,Not known,Male,NA,16 - 20,Data missing or out of range,Undefined,-1,Data missing or out of range,Less deprived 40-50%,Urban area
2019136651245,2019,136651245,2,Car,No tow/articulation,Going ahead other,North,South East,On main c'way - not in restricted lane,Approaching junction or waiting/parked at junction approach,None,None,Did not leave carriageway,None,Front,No,Not known,Male,NA,21 - 25,Data missing or out of range,Undefined,-1,Data missing or out of range,Less deprived 30-40%,Urban area
2019136660009,2019,136660009,1,Car,No tow/articulation,Going ahead other,North East,South West,On main c'way - not in restricted lane,Not at or within 20 metres of junction,None,None,Did not leave carriageway,None,Front,No,Not known,Female,NA,21 - 25,NA,Heavy oil,9,Data missing or out of range,More deprived 20-30%,Urban area
2019136660009,2019,136660009,2,Taxi/Private hire car,No tow/articulation,Parked,Parked,Parked,On main c'way - not in restricted lane,Not at or within 20 metres of junction,None,None,Nearside,Other permanent object,Nearside,No,Not known,Male,Data missing or out of range,Data missing or out of range,NA,Hybrid electric,5,Data missing or out of range,Data missing or out of range,Data missing or out of range
2019136660376,2019,136660376,1,Car,No tow/articulation,U-turn,North East,South East,On main c'way - not in restricted lane,Approaching junction or waiting/parked at junction approach,None,None,Did not leave carriageway,None,Front,No,Journey as part of work,Female,NA,36 - 45,NA,Heavy oil,8,Data missing or out of range,More deprived 10-20%,Urban area
2019136660376,2019,136660376,2,Pedal cycle,No tow/articulation,Going ahead other,North East,South West,Cycle lane (on main carriageway),Approaching junction or waiting/parked at junction approach,None,None,Did not leave carriageway,None,Offside,No,Not known,Male,NA,26 - 35,Data missing or out of range,Undefined,-1,Data missing or out of range,Less deprived 20-30%,Urban area
2019136660499,2019,136660499,1,Car,No tow/articulation,Going ahead other,East,West,On main c'way - not in restricted lane,Not at or within 20 metres of junction,None,None,Nearside and rebounded,None,Front,No,Not known,Male,NA,26 - 35,NA,Hybrid electric,0,Data missing or out of range,More deprived 10-20%,Urban area
2019136660499,2019,136660499,2,Car,No tow/articulation,Going ahead other,East,West,On main c'way - not in restricted lane,Not at or within 20 metres of junction,None,None,Did not leave carriageway,None,Back,No,Not known,Female,NA,46 - 55,NA,Heavy oil,3,Data missing or out of range,Less deprived 30-40%,Urban area
2019136660499,2019,136660499,3,Car,No tow/articulation,Going ahead other,East,West,On main c'way - not in restricted lane,Not at or within 20 metres of junction,None,None,Did not leave carriageway,None,Back,No,Not known,Male,NA,56 - 65,NA,Heavy oil,12,Data missing or out of range,More deprived 20-30%,Urban area
2019136661010,2019,136661010,1,Car,No tow/articulation,Going ahead other,South East,North,On main c'way - not in restricted lane,Not at or within 20 metres of junction,None,Parked vehicle,Did not leave carriageway,None,Front,No,Not known,Female,NA,56 - 65,NA,Hybrid electric,4,Data missing or out of range,More deprived 10-20%,Urban area
2019136661010,2019,136661010,2,Car,No tow/articulation,Parked,Parked,Parked,On main c'way - not in restricted lane,Not at or within 20 metres of junction,None,None,Did not leave carriageway,None,Offside,No,Not known,Not known,Data missing or out of range,Data missing or out of range,NA,Heavy oil,7,Data missing or out of range,Data missing or out of range,Data missing or out of range
2019136661010,2019,136661010,3,Car,No tow/articulation,Parked,Parked,Parked,On main c'way - not in restricted lane,Not at or within 20 metres of junction,None,None,Did not leave carriageway,None,Offside,No,Not known,Not known,Data missing or out of range,Data missing or out of range,NA,Heavy oil,11,Data missing or out of range,Data missing or out of range,Data missing or out of range
2019136661437,2019,136661437,1,Car,No tow/articulation,Turning right,South East,North East,On main c'way - not in restricted lane,Leaving main road,None,None,Did not leave carriageway,None,Front,No,Not known,Female,NA,36 - 45,NA,Heavy oil,11,Data missing or out of range,More deprived 20-30%,Urban area
2019136671287,2019,136671287,1,Taxi/Private hire car,No tow/articulation,Going ahead other,South East,North,On main c'way - not in restricted lane,Mid Junction - on roundabout or on main road,None,None,Straight ahead at junction,Wall or fence,Front,No,Not known,Male,NA,Over 75,Data missing or out of range,Electric,1,Data missing or out of range,Less deprived 40-50%,Urban area
2019136671321,2019,136671321,1,Car,No tow/articulation,Going ahead other,South East,North,On main c'way - not in restricted lane,Approaching junction or waiting/parked at junction approach,None,None,Did not leave carriageway,None,Front,No,Not known,Not known,Data missing or out of range,Data missing or out of range,Data missing or out of range,Undefined,-1,Data missing or out of range,Data missing or out of range,Data missing or out of range