accident_index,accident_year,accident_reference,vehicle_reference,vehicle_type,towing_and_articulation,vehicle_manoeuvre,vehicle_direction_from,vehicle_direction_to,vehicle_location_restricted_lane,junction_location,skidding_and_overturning,hit_object_in_carriageway,vehicle_leaving_carriageway,hit_object_off_carriageway,first_point_of_impact,vehicle_left_hand_drive,journey_purpose_of_driver,sex_of_driver,age_of_driver,age_band_of_driver,engine_capacity_cc,propulsion_code,age_of_vehicle,generic_make_model,driver_imd_decile,driver_home_area_type
20191366S0523,2019,1366S0523,1,Car,No tow/articulation,Turning left,South East,South West,On main c'way - not in restricted lane,Entering main road,None,None,Did not leave carriageway,None,Back,No,Not known,Male,Data missing or out of range,Data missing or out of range,Data missing or out of range,Undefined,-1,Data missing or out of range,Data missing or out of range,Data missing or out of range
20191366S0523,2019,1366S0523,2,Car,No tow/articulation,Going ahead other,North East,South West,On main c'way - not in restricted lane,Mid Junction - on roundabout or on main road,None,None,Did not leave carriageway,None,Front,No,Not known,Male,NA,21 - 25,NA,Petrol,13,Data missing or out of range,Less deprived 30-40%,Urban area
20191366S0694,2019,1366S0694,1,Car,No tow/articulation,Going ahead other,West,East,On main c'way - not in restricted lane,Not at or within 20 metres of junction,None,None,Did not leave carriageway,None,Nearside,No,Not known,Female,NA,46 - 55,NA,Heavy oil,4,Data missing or out of range,More deprived 20-30%,Urban area
20191366S0754,2019,1366S0754,1,Van / Goods 3.5 tonnes mgw or under,No tow/articulation,Reversing,West,East,On main c'way - not in restricted lane,Cleared junction or waiting/parked at junction exit,None,None,Did not leave carriageway,None,Back,No,Journey as part of work,Male,NA,26 - 35,NA,Heavy oil,1,Data missing or out of range,More deprived 20-30%,Urban area
20191366S1199,2019,1366S1199,1,Car,No tow/articulation,Going ahead other,West,East,On main c'way - not in restricted lane,Mid Junction - on roundabout or on main road,None,None,Did not leave carriageway,None,Offside,No,Not known,Male,NA,Over 75,NA,Petrol,12,Data missing or out of range,Less deprived 40-50%,Urban area
20191366S1248,2019,1366S1248,1,Car,No tow/articulation,Slowing or stopping,South West,North East,On main c'way - not in restricted lane,Entering main road,None,None,Did not leave carriageway,None,Front,No,Commuting to/from work,Female,NA,26 - 35,NA,Petrol,12,Data missing or out of range,More deprived 30-40%,Urban area
20191366S1248,2019,1366S1248,2,Car,No tow/articulation,Going ahead other,North West,South East,On main c'way - not in restricted lane,Approaching junction or waiting/parked at junction approach,None,None,Did not leave carriageway,None,Front,No,Commuting to/from work,Female,NA,56 - 65,NA,Petrol,7,Data missing or out of range,Less deprived 20-30%,Urban area
20191366S1336,2019,1366S1336,1,Car,No tow/articulation,Turning right,South East,North East,On main c'way - not in restricted lane,Cleared junction or waiting/parked at junction exit,None,None,Did not leave carriageway,None,Offside,No,Not known,Female,NA,36 - 45,NA,Heavy oil,12,Data missing or out of range,Less deprived 30-40%,Urban area
20191366S1336,2019,1366S1336,2,Motorcycle over 500cc,No tow/articulation,Overtaking moving vehicle - offside,North East,South West,On main c'way - not in restricted lane,Approaching junction or waiting/parked at junction approach,None,None,Did not leave carriageway,None,Front,No,Not known,Male,NA,36 - 45,NA,Petrol,0,Data missing or out of range,Less deprived 10-20%,Urban area
20191366S1375,2019,1366S1375,1,Car,No tow/articulation,Going ahead other,South East,North,On main c'way - not in restricted lane,Not at or within 20 metres of junction,None,None,Did not leave carriageway,None,Front,No,Not known,Male,NA,26 - 35,Data missing or out of range,Undefined,-1,Data missing or out of range,Data missing or out of range,Data missing or out of range
20191366S1523,2019,1366S1523,1,Car,No tow/articulation,Going ahead other,West,East,On main c'way - not in restricted lane,Not at or within 20 metres of junction,None,None,Did not leave carriageway,None,Front,No,Not known,Male,NA,36 - 45,NA,Petrol,1,Data missing or out of range,Data missing or out of range,Data missing or out of range
20191366T1728,2019,1366T1728,1,Car,No tow/articulation,Going ahead other,South East,East,On main c'way - not in restricted lane,Approaching junction or waiting/parked at junction approach,None,None,Did not leave carriageway,None,Front,No,Not known,Male,Data missing or out of range,Data missing or out of range,NA,Heavy oil,16,Data missing or out of range,Data missing or out of range,Data missing or out of range
20191366T2300,2019,1366T2300,1,Car,No tow/articulation,Going ahead other,East,West,On main c'way - not in restricted lane,Not at or within 20 metres of junction,None,None,Did not leave carriageway,None,Front,No,Not known,Not known,Data missing or out of range,Data missing or out of range,Data missing or out of range,Undefined,-1,Data missing or out of range,Data missing or out of range,Data missing or out of range
20191366U0475,2019,1366U0475,1,Motorcycle over 500cc,No tow/articulation,Going ahead other,North West,South West,On main c'way - not in restricted lane,Mid Junction - on roundabout or on main road,None,None,Nearside,Other permanent object,Front,No,Not known,Male,NA,36 - 45,NA,Petrol,20,Data missing or out of range,Most deprived 10%,Urban area
20191366U1260,2019,1366U1260,1,Taxi/Private hire car,No tow/articulation,Reversing,West,East,On main c'way - not in restricted lane,Not at or within 20 metres of junction,None,None,Did not leave carriageway,None,Back,No,Journey as part of work,Not known,Data missing or out of range,Data missing or out of range,Data missing or out of range,Undefined,-1,Data missing or out of range,Data missing or out of range,Data missing or out of range
2019136710299,2019,136710299,1,Car,No tow/articulation,Going ahead other,North East,South West,On main c'way - not in restricted lane,Approaching junction or waiting/parked at junction approach,None,None,Did not leave carriageway,None,Nearside,No,Journey as part of work,Male,NA,46 - 55,NA,Petrol,12,Data missing or out of range,Less deprived 10-20%,Small town
2019136720426,2019,136720426,1,Car,No tow/articulation,Reversing,South East,North West,On main c'way - not in restricted lane,Mid Junction - on roundabout or on main road,Skidded,None,Did not leave carriageway,None,Back,No,Not known,Female,NA,Over 75,NA,Petrol,2,Data missing or out of range,More deprived 30-40%,Urban area
2019136720426,2019,136720426,2,Car,No tow/articulation,Going ahead other,South West,North East,On main c'way - not in restricted lane,Mid Junction - on roundabout or on main road,None,None,Did not leave carriageway,None,Offside,No,Commuting to/from work,Male,NA,46 - 55,NA,Heavy oil,1,Data missing or out of range,Less deprived 30-40%,Urban area
2019136721083,2019,136721083,1,Car,No tow/articulation,Overtaking moving vehicle - offside,South East,North,On main c'way - not in restricted lane,Approaching junction or waiting/parked at junction approach,Skidded,Parked vehicle,Did not leave carriageway,None,Nearside,No,Not known,Male,NA,16 - 20,NA,Heavy oil,13,Data missing or out of range,Most deprived 10%,Urban area
2019136721083,2019,136721083,2,Car,No tow/articulation,Turning right,South East,South East,On main c'way - not in restricted lane,Leaving main road,None,None,Did not leave carriageway,None,Offside,No,Not known,Male,NA,26 - 35,NA,Petrol,17,Data missing or out of range,Most deprived 10%,Urban area
2019136721083,2019,136721083,3,Car,No tow/articulation,Parked,Parked,Parked,On main c'way - not in restricted lane,Approaching junction or waiting/parked at junction approach,None,Parked vehicle,Did not leave carriageway,None,Back,No,Not known,Male,NA,26 - 35,NA,Heavy oil,9,Data missing or out of range,Data missing or out of range,Data missing or out of range
2019136721083,2019,136721083,4,Car,No tow/articulation,Parked,Parked,Parked,On main c'way - not in restricted lane,Approaching junction or waiting/parked at junction approach,None,Parked vehicle,Did not leave carriageway,None,Back,No,Not known,Female,NA,26 - 35,NA,Hybrid electric,6,Data missing or out of range,Data missing or out of range,Data missing or out of range
2019136721083,2019,136721083,5,Car,No tow/articulation,Parked,Parked,Parked,On main c'way - not in restricted lane,Approaching junction or waiting/parked at junction approach,None,None,Did not leave carriageway,None,Back,No,Not known,Male,NA,26 - 35,NA,Heavy oil,13,Data missing or out of range,Data missing or out of range,Data missing or out of range
2019136721186,2019,136721186,1,Car,No tow/articulation,Going ahead other,South East,North,On main c'way - not in restricted lane,Mid Junction - on roundabout or on main road,None,None,Did not leave carriageway,None,Nearside,No,Not known,Male,Data missing or out of range,Data missing or out of range,Data missing or out of range,Undefined,-1,Data missing or out of range,Data missing or out of range,Data missing or out of range
2019136722146,2019,136722146,1,Car,No tow/articulation,Going ahead other,South West,North East,On main c'way - not in restricted lane,Not at or within 20 metres of junction,None,None,Did not leave carriageway,None,Front,No,Not known,Male,NA,26 - 35,NA,Petrol,3,Data missing or out of range,More deprived 10-20%,Urban area
2019136722146,2019,136722146,2,Car,No tow/articulation,Going ahead other,North East,South West,On main c'way - not in restricted lane,Not at or within 20 metres of junction,None,None,Did not leave carriageway,None,Front,No,Not known,Male,NA,46 - 55,NA,Petrol,15,Data missing or out of range,Most deprived 10%,Urban area
2019136731141,2019,136731141,1,Pedal cycle,No tow/articulation,Going ahead other,South West,North East,On main c'way - not in restricted lane,Approaching junction or waiting/parked at junction approach,Overturned,None,Did not leave carriageway,None,Front,No,Not known,Male,NA,11 - 15,Data missing or out of range,Undefined,-1,Data missing or out of range,More deprived 10-20%,Urban area
2019136731141,2019,136731141,2,Car,No tow/articulation,Waiting to go - held up,East,West,On main c'way - not in restricted lane,Approaching junction or waiting/parked at junction approach,None,None,Did not leave carriageway,None,Nearside,No,Not known,Female,NA,36 - 45,NA,Petrol,14,Data missing or out of range,Most deprived 10%,Urban area
2019136741272,2019,136741272,1,Car,No tow/articulation,Going ahead other,East,West,On main c'way - not in restricted lane,Cleared junction or waiting/parked at junction exit,Overturned,Parked vehicle,Did not leave carriageway,None,Front,No,Not known,Female,NA,36 - 45,NA,Heavy oil,12,Data missing or out of range,More deprived 20-30%,Urban area
2019136741272,2019,136741272,2,Car,No tow/articulation,Parked,Parked,Parked,On main c'way - not in restricted lane,Cleared junction or waiting/parked at junction exit,None,None,Did not leave carriageway,None,Back,No,Not known,Not known,Data missing or out of range,Data missing or out of range,NA,Petrol,9,Data missing or out of range,Data missing or out of range,Data missing or out of range
2019136741352,2019,136741352,1,Motorcycle 125cc and under,No tow/articulation,Going ahead other,South West,North East,On main c'way - not in restricted lane,Mid Junction - on roundabout or on main road,Overturned,None,Did not leave carriageway,None,Front,No,Commuting to/from work,Male,NA,26 - 35,NA,Petrol,3,Data missing or out of range,Most deprived 10%,Urban area
2019136741352,2019,136741352,2,Car,No tow/articulation,Turning right,South West,South East,On main c'way - not in restricted lane,Mid Junction - on roundabout or on main road,None,None,Did not leave carriageway,None,Offside,No,Not known,Female,NA,46 - 55,NA,Petrol,5,Data missing or out of range,More deprived 30-40%,Urban area
2019136741588,2019,136741588,1,Car,No tow/articulation,Going ahead other,South East,North West,On main c'way - not in restricted lane,Mid Junction - on roundabout or on main road,None,None,Did not leave carriageway,None,Nearside,No,Journey as part of work,Male,NA,26 - 35,NA,Heavy oil,6,Data missing or out of range,More deprived 40-50%,Urban area
2019136741588,2019,136741588,2,Car,No tow/articulation,Turning right,West,South East,On main c'way - not in restricted lane,Mid Junction - on roundabout or on main road,None,None,Did not leave carriageway,None,Front,No,Not known,Not known,Data missing or out of range,Data missing or out of range,NA,Heavy oil,13,Data missing or out of range,Data missing or out of range,Data missing or out of range
2019136750836,2019,136750836,1,Car,No tow/articulation,Turning right,West,North,On main c'way - not in restricted lane,Approaching junction or waiting/parked at junction approach,None,None,Did not leave carriageway,None,Nearside,No,Not known,Male,NA,36 - 45,NA,Heavy oil,13,Data missing or out of range,More deprived 10-20%,Urban area
2019136750836,2019,136750836,2,Motorcycle 125cc and under,No tow/articulation,Overtaking - nearside,West,East,On main c'way - not in restricted lane,Approaching junction or waiting/parked at junction approach,None,None,Did not leave carriageway,None,Front,No,Not known,Male,NA,21 - 25,Data missing or out of range,Undefined,-1,Data missing or out of range,Data missing or out of range,Data missing or out of range
2019136751011,2019,136751011,1,Car,No tow/articulation,Going ahead other,West,East,On main c'way - not in restricted lane,Not at or within 20 metres of junction,None,None,Did not leave carriageway,Wall or fence,Front,No,Not known,Male,NA,21 - 25,NA,Petrol,12,Data missing or out of range,Less deprived 20-30%,Urban area
2019136760572,2019,136760572,1,Car,No tow/articulation,Turning right,North West,South West,On main c'way - not in restricted lane,Cleared junction or waiting/parked at junction exit,None,None,Did not leave carriageway,None,Front,No,Not known,Male,NA,16 - 20,NA,Petrol,12,Data missing or out of range,Less deprived 20-30%,Urban area
2019136760572,2019,136760572,2,Pedal cycle,No tow/articulation,Going ahead other,South West,North East,On main c'way - not in restricted lane,Approaching junction or waiting/parked at junction approach,None,None,Did not leave carriageway,None,Front,No,Not known,Male,NA,21 - 25,Data missing or out of range,Undefined,-1,Data missing or out of range,Less deprived 30-40%,Urban area
2019136760928,2019,136760928,1,Car,No tow/articulation,Turning left,North West,North East,On main c'way - not in restricted lane,Approaching junction or waiting/parked at junction approach,None,None,Did not leave carriageway,None,Nearside,No,Not known,Male,NA,46 - 55,NA,Heavy oil,5,Data missing or out of range,More deprived 20-30%,Urban area
2019136760928,2019,136760928,2,Pedal cycle,No tow/articulation,Going ahead other,North West,South East,On main c'way - not in restricted lane,Mid Junction - on roundabout or on main road,None,None,Did not leave carriageway,None,Front,No,Commuting to/from work,Male,NA,36 - 45,Data missing or out of range,Undefined,-1,Data missing or out of range,Data missing or out of range,Data missing or out of range
2019136761795,2019,136761795,1,Car,No tow/articulation,Going ahead other,South East,North,On main c'way - not in restricted lane,Approaching junction or waiting/parked at junction approach,None,None,Did not leave carriageway,None,Offside,No,Not known,Male,NA,46 - 55,NA,Heavy oil,14,Data missing or out of range,More deprived 40-50%,Urban area
2019136761795,2019,136761795,2,Car,No tow/articulation,Turning left,North East,South East,On main c'way - not in restricted lane,Entering main road,None,None,Did not leave carriageway,None,Front,No,Not known,Female,NA,26 - 35,NA,Heavy oil,13,Data missing or out of range,More deprived 20-30%,Urban area
2019136761899,2019,136761899,1,Car,No tow/articulation,Going ahead other,North West,South East,On main c'way - not in restricted lane,Mid Junction - on roundabout or on main road,None,None,Did not leave carriageway,None,Nearside,No,Not known,Female,NA,16 - 20,NA,Heavy oil,12,Data missing or out of range,Most deprived 10%,Urban area
2019136761899,2019,136761899,2,Car,No tow/articulation,Going ahead other,North West,South East,On main c'way - not in restricted lane,Mid Junction - on roundabout or on main road,Skidded,Kerb,Offside and rebounded,Wall or fence,Offside,No,Not known,Female,NA,26 - 35,NA,Petrol,12,Data missing or out of range,Most deprived 10%,Urban area
2019136771141,2019,136771141,1,Taxi/Private hire car,No tow/articulation,Reversing,East,West,On main c'way - not in restricted lane,Mid Junction - on roundabout or on main road,None,None,Did not leave carriageway,None,Nearside,No,Journey as part of work,Male,NA,26 - 35,NA,Heavy oil,9,Data missing or out of range,Less deprived 40-50%,Urban area
2019136780284,2019,136780284,1,Other vehicle,No tow/articulation,Going ahead other,South East,North,On main c'way - not in restricted lane,Mid Junction - on roundabout or on main road,None,None,Did not leave carriageway,None,Nearside,No,Journey as part of work,Female,NA,21 - 25,NA,Heavy oil,0,Data missing or out of range,Less deprived 20-30%,Urban area
2019136780284,2019,136780284,2,Car,No tow/articulation,Going ahead other,West,East,On main c'way - not in restricted lane,Mid Junction - on roundabout or on main road,None,None,Did not leave carriageway,None,Front,No,Commuting to/from work,Female,NA,56 - 65,NA,Hybrid electric,0,Data missing or out of range,More deprived 40-50%,Urban area
2019136780691,2019,136780691,1,Car,No tow/articulation,Turning right,North,West,On main c'way - not in restricted lane,Mid Junction - on roundabout or on main road,None,None,Did not leave carriageway,None,Nearside,No,Not known,Male,NA,46 - 55,NA,Heavy oil,6,Data missing or out of range,Most deprived 10%,Urban area
2019136780691,2019,136780691,2,Taxi/Private hire car,No tow/articulation,Going ahead other,South East,North,On main c'way - not in restricted lane,Mid Junction - on roundabout or on main road,None,None,Did not leave carriageway,None,Nearside,No,Journey as part of work,Male,NA,26 - 35,NA,Hybrid electric,1,Data missing or out of range,Most deprived 10%,Urban area
2019136781221,2019,136781221,1,Car,No tow/articulation,Turning left,East,South East,Footway (pavement),Entering main road,None,None,Nearside,Other permanent object,Nearside,No,Not known,Male,NA,Over 75,NA,Heavy oil,10,Data missing or out of range,More deprived 30-40%,Small town
2019136781687,2019,136781687,1,Car,No tow/articulation,Going ahead other,South East,East,On main c'way - not in restricted lane,Mid Junction - on roundabout or on main road,None,None,Did not leave carriageway,None,Front,No,Not known,Male,NA,21 - 25,NA,Petrol,11,Data missing or out of range,Data missing or out of range,Data missing or out of range
2019136781738,2019,136781738,1,Car,No tow/articulation,Going ahead other,South East,West,On main c'way - not in restricted lane,Not at or within 20 metres of junction,None,None,Did not leave carriageway,None,Front,No,Not known,Male,NA,21 - 25,NA,Heavy oil,7,Data missing or out of range,Most deprived 10%,Urban area
2019136781866,2019,136781866,1,Car,No tow/articulation,Going ahead other,North East,South West,On main c'way - not in restricted lane,Not at or within 20 metres of junction,None,None,Did not leave carriageway,None,Front,No,Not known,Male,NA,21 - 25,NA,Heavy oil,7,Data missing or out of range,Most deprived 10%,Urban area
2019136781866,2019,136781866,2,Car,No tow/articulation,Waiting to go - held up,North East,South West,On main c'way - not in restricted lane,Not at or within 20 metres of junction,None,None,Did not leave carriageway,None,Back,No,Not known,Female,NA,56 - 65,NA,Petrol,12,Data missing or out of range,Less deprived 40-50%,Urban area
2019136791086,2019,136791086,1,Taxi/Private hire car,No tow/articulation,Going ahead other,South West,North East,On main c'way - not in restricted lane,Not at or within 20 metres of junction,None,None,Did not leave carriageway,None,Front,No,Journey as part of work,Male,NA,46 - 55,NA,Petrol,9,Data missing or out of range,More deprived 10-20%,Urban area
20191367A1066,2019,1367A1066,1,Car,No tow/articulation,Turning right,North,West,On main c'way - not in restricted lane,Mid Junction - on roundabout or on main road,None,None,Did not leave carriageway,None,Front,No,Not known,Male,NA,46 - 55,NA,Heavy oil,5,Data missing or out of range,Most deprived 10%,Urban area
20191367A1066,2019,1367A1066,2,Car,No tow/articulation,Going ahead other,South East,North West,On main c'way - not in restricted lane,Mid Junction - on roundabout or on main road,None,None,Did not leave carriageway,None,Front,No,Not known,Female,NA,36 - 45,NA,Petrol,6,Data missing or out of range,Least deprived 10%,Urban area
20191367A1239,2019,1367A1239,1,Pedal cycle,No tow/articulation,Moving off,South West,North East,On main c'way - not in restricted lane,Not at or within 20 metres of junction,None,None,Did not leave carriageway,None,Offside,No,Not known,Male,NA,6 - 10,Data missing or out of range,Undefined,-1,Data missing or out of range,Most deprived 10%,Urban area
20191367A1239,2019,1367A1239,2,Goods 7.5 tonnes mgw and over,No tow/articulation,Going ahead other,South West,North East,On main c'way - not in restricted lane,Not at or within 20 metres of junction,None,None,Did not leave carriageway,None,Nearside,No,Journey as part of work,Male,NA,66 - 75,NA,Heavy oil,6,Data missing or out of range,More deprived 20-30%,Urban area
20191367A1456,2019,1367A1456,1,Motorcycle over 125cc and up to 500cc,No tow/articulation,Going ahead other,North,South East,On main c'way - not in restricted lane,Mid Junction - on roundabout or on main road,None,None,Did not leave carriageway,None,Front,No,Not known,Male,NA,16 - 20,Data missing or out of range,Undefined,-1,Data missing or out of range,Data missing or out of range,Data missing or out of range
20191367A1456,2019,1367A1456,2,Car,No tow/articulation,Turning right,North,West,On main c'way - not in restricted lane,Leaving main road,None,None,Did not leave carriageway,None,Offside,No,Commuting to/from work,Female,NA,46 - 55,NA,Electric diesel,4,Data missing or out of range,Less deprived 20-30%,Urban area
20191367A2161,2019,1367A2161,1,Car,No tow/articulation,Going ahead other,West,East,On main c'way - not in restricted lane,Cleared junction or waiting/parked at junction exit,Skidded,None,Nearside,Tree,Offside,No,Not known,Male,NA,21 - 25,NA,Heavy oil,12,Data missing or out of range,Most deprived 10%,Urban area
20191367B1654,2019,1367B1654,1,Car,No tow/articulation,Going ahead other,South East,North,On main c'way - not in restricted lane,Approaching junction or waiting/parked at junction approach,None,None,Did not leave carriageway,None,Nearside,No,Not known,Male,NA,36 - 45,NA,Heavy oil,2,Data missing or out of range,More deprived 20-30%,Urban area
20191367B1654,2019,1367B1654,2,Pedal cycle,No tow/articulation,Going ahead other,West,East,On main c'way - not in restricted lane,Approaching junction or waiting/parked at junction approach,Overturned,None,Did not leave carriageway,None,Front,No,Not known,Male,NA,46 - 55,Data missing or out of range,Undefined,-1,Data missing or out of range,Less deprived 10-20%,Small town
20191367B1814,2019,1367B1814,1,Car,No tow/articulation,Turning right,South West,South East,On main c'way - not in restricted lane,Mid Junction - on roundabout or on main road,None,None,Did not leave carriageway,None,Nearside,No,Not known,Male,NA,46 - 55,NA,Petrol,15,Data missing or out of range,Less deprived 30-40%,Urban area
20191367B1814,2019,1367B1814,2,Car,No tow/articulation,Parked,Parked,Parked,On main c'way - not in restricted lane,Cleared junction or waiting/parked at junction exit,None,None,Did not leave carriageway,None,Offside,No,Not known,Not known,Data missing or out of range,Data missing or out of range,NA,Heavy oil,5,Data missing or out of range,Data missing or out of range,Data missing or out of range
20191367C1391,2019,1367C1391,1,Car,No tow/articulation,Going ahead other,South East,North,On main c'way - not in restricted lane,Mid Junction - on roundabout or on main road,None,None,Did not leave carriageway,None,Front,No,Not known,Male,Data missing or out of range,Data missing or out of range,Data missing or out of range,Undefined,-1,Data missing or out of range,Data missing or out of range,Data missing or out of range
20191367C1391,2019,1367C1391,2,Car,No tow/articulation,Turning right,South East,East,On main c'way - not in restricted lane,Leaving main road,None,None,Did not leave carriageway,None,Offside,No,Not known,Female,NA,21 - 25,NA,Petrol,3,Data missing or out of range,More deprived 40-50%,Urban area
20191367D0367,2019,1367D0367,1,Car,No tow/articulation,Going ahead other,South West,North East,On main c'way - not in restricted lane,Cleared junction or waiting/parked at junction exit,None,None,Did not leave carriageway,None,Front,Yes,Journey as part of work,Male,NA,46 - 55,NA,Heavy oil,2,Data missing or out of range,Most deprived 10%,Urban area
20191367D0367,2019,1367D0367,2,Car,No tow/articulation,Going ahead other,South West,North East,On main c'way - not in restricted lane,Cleared junction or waiting/parked at junction exit,None,None,Did not leave carriageway,None,Back,Yes,Journey as part of work,Male,NA,36 - 45,NA,Heavy oil,2,Data missing or out of range,Most deprived 10%,Urban area
20191367E0365,2019,1367E0365,1,Car,No tow/articulation,Going ahead other,East,West,On main c'way - not in restricted lane,Not at or within 20 metres of junction,Skidded and overturned,None,Nearside,Wall or fence,Front,No,Not known,Male,NA,26 - 35,NA,Heavy oil,19,Data missing or out of range,Less deprived 30-40%,Small town
20191367E0365,2019,1367E0365,2,Car,No tow/articulation,Parked,Parked,Parked,On main c'way - not in restricted lane,Not at or within 20 metres of junction,None,None,Did not leave carriageway,None,Front,No,Not known,Male,NA,26 - 35,Data missing or out of range,Undefined,-1,Data missing or out of range,Most deprived 10%,Urban area
20191367E0365,2019,1367E0365,3,Car,No tow/articulation,Parked,Parked,Parked,On main c'way - not in restricted lane,Not at or within 20 metres of junction,None,None,Did not leave carriageway,None,Nearside,No,Not known,Not known,Data missing or out of range,Data missing or out of range,NA,Petrol,4,Data missing or out of range,Most deprived 10%,Urban area
20191367E0456,2019,1367E0456,1,Van / Goods 3.5 tonnes mgw or under,No tow/articulation,Going ahead other,North West,South East,On main c'way - not in restricted lane,Mid Junction - on roundabout or on main road,None,None,Did not leave carriageway,None,Offside,No,Not known,Male,NA,21 - 25,Data missing or out of range,Undefined,-1,Data missing or out of range,More deprived 10-20%,Urban area
20191367E0456,2019,1367E0456,2,Van / Goods 3.5 tonnes mgw or under,No tow/articulation,Going ahead other,South East,North,On main c'way - not in restricted lane,Mid Junction - on roundabout or on main road,None,None,Nearside,None,Front,No,Journey as part of work,Male,NA,66 - 75,NA,Heavy oil,8,Data missing or out of range,More deprived 10-20%,Urban area
20191367E0915,2019,1367E0915,1,Car,No tow/articulation,Going ahead other,West,East,On main c'way - not in restricted lane,Approaching junction or waiting/parked at junction approach,None,None,Did not leave carriageway,None,Front,No,Not known,Male,NA,66 - 75,NA,Petrol,2,Data missing or out of range,Most deprived 10%,Urban area
20191367F0276,2019,1367F0276,1,Car,No tow/articulation,Going ahead left-hand bend,North,West,On main c'way - not in restricted lane,Approaching junction or waiting/parked at junction approach,None,None,Nearside,Tree,Front,No,Commuting to/from work,Female,NA,26 - 35,NA,Petrol,1,Data missing or out of range,Less deprived 30-40%,Urban area
20191367F0276,2019,1367F0276,2,Car,No tow/articulation,Waiting to go - held up,North,South East,On main c'way - not in restricted lane,Approaching junction or waiting/parked at junction approach,None,None,Did not leave carriageway,None,Back,No,Commuting to/from work,Female,NA,46 - 55,NA,Petrol,13,Data missing or out of range,More deprived 10-20%,Urban area
20191367G0777,2019,1367G0777,1,Taxi/Private hire car,No tow/articulation,Reversing,South East,North West,On main c'way - not in restricted lane,Approaching junction or waiting/parked at junction approach,None,None,Did not leave carriageway,None,Back,No,Not known,Male,NA,46 - 55,NA,Heavy oil,3,Data missing or out of range,More deprived 30-40%,Urban area
20191367H1500,2019,1367H1500,1,Car,No tow/articulation,Turning right,South West,North West,On main c'way - not in restricted lane,Entering main road,None,None,Did not leave carriageway,None,Offside,No,Not known,Male,NA,36 - 45,NA,Heavy oil,5,Data missing or out of range,Less deprived 20-30%,Urban area
20191367H1500,2019,1367H1500,2,Car,No tow/articulation,Going ahead other,South East,North West,On main c'way - not in restricted lane,Mid Junction - on roundabout or on main road,None,None,Nearside,Tree,Front,No,Not known,Male,NA,26 - 35,NA,Heavy oil,0,Data missing or out of range,Less deprived 20-30%,Urban area
20191367I1571,2019,1367I1571,1,Car,No tow/articulation,Turning left,West,North,On main c'way - not in restricted lane,Leaving main road,None,None,Did not leave carriageway,None,Front,No,Not known,Male,Data missing or out of range,Data missing or out of range,NA,Petrol,2,Data missing or out of range,Data missing or out of range,Data missing or out of range
20191367I1571,2019,1367I1571,2,Car,No tow/articulation,Waiting to go - held up,North,West,On main c'way - not in restricted lane,Entering main road,None,None,Did not leave carriageway,None,Front,No,Not known,Male,NA,26 - 35,NA,Heavy oil,2,Data missing or out of range,Data missing or out of range,Data missing or out of range
20191367J1797,2019,1367J1797,1,Car,No tow/articulation,Going ahead other,North,South East,On main c'way - not in restricted lane,Not at or within 20 metres of junction,None,None,Did not leave carriageway,None,Front,No,Not known,Male,NA,21 - 25,NA,Petrol,15,Data missing or out of range,Most deprived 10%,Urban area
20191367K0938,2019,1367K0938,1,Car,No tow/articulation,Going ahead other,West,East,On main c'way - not in restricted lane,Not at or within 20 metres of junction,None,None,Did not leave carriageway,None,Front,No,Not known,Female,NA,Over 75,NA,Heavy oil,11,Data missing or out of range,Least deprived 10%,Urban area
20191367K1310,2019,1367K1310,1,Car,No tow/articulation,Turning right,North West,South West,On main c'way - not in restricted lane,Entering main road,None,None,Straight ahead at junction,None,Front,No,Not known,Male,NA,16 - 20,NA,Heavy oil,11,Data missing or out of range,Most deprived 10%,Urban area
20191367K1310,2019,1367K1310,2,Car,No tow/articulation,Going ahead other,South West,North East,On main c'way - not in restricted lane,Mid Junction - on roundabout or on main road,None,None,Did not leave carriageway,None,Nearside,No,Not known,Female,NA,26 - 35,NA,Heavy oil,5,Data missing or out of range,More deprived 40-50%,Urban area
20191367L0347,2019,1367L0347,1,Car,No tow/articulation,Going ahead other,North,South East,On main c'way - not in restricted lane,Not at or within 20 metres of junction,Skidded,None,Offside,Tree,Front,No,Not known,Male,NA,21 - 25,NA,Petrol,11,Data missing or out of range,Most deprived 10%,Urban area