accident_index,accident_year,accident_reference,vehicle_reference,vehicle_type,towing_and_articulation,vehicle_manoeuvre,vehicle_direction_from,vehicle_direction_to,vehicle_location_restricted_lane,junction_location,skidding_and_overturning,hit_object_in_carriageway,vehicle_leaving_carriageway,hit_object_off_carriageway,first_point_of_impact,vehicle_left_hand_drive,journey_purpose_of_driver,sex_of_driver,age_of_driver,age_band_of_driver,engine_capacity_cc,propulsion_code,age_of_vehicle,generic_make_model,driver_imd_decile,driver_home_area_type
20191368D1093,2019,1368D1093,1,Bus or coach (17 or more pass seats),No tow/articulation,Parked,South East,North,On main c'way - not in restricted lane,Not at or within 20 metres of junction,None,None,Did not leave carriageway,None,Nearside,No,Journey as part of work,Male,NA,56 - 65,NA,Heavy oil,2,Data missing or out of range,More deprived 10-20%,Urban area
20191368D1406,2019,1368D1406,1,Van / Goods 3.5 tonnes mgw or under,No tow/articulation,Turning right,East,North,On main c'way - not in restricted lane,Mid Junction - on roundabout or on main road,None,None,Did not leave carriageway,None,Nearside,No,Not known,Male,NA,26 - 35,NA,Heavy oil,8,Data missing or out of range,Less deprived 40-50%,Urban area
20191368D1406,2019,1368D1406,2,Car,No tow/articulation,Going ahead other,West,East,On main c'way - not in restricted lane,Approaching junction or waiting/parked at junction approach,None,None,Did not leave carriageway,None,Front,No,Not known,Male,NA,16 - 20,NA,Petrol,5,Data missing or out of range,More deprived 10-20%,Urban area
20191368E0938,2019,1368E0938,1,Bus or coach (17 or more pass seats),No tow/articulation,Going ahead right-hand bend,South East,West,On main c'way - not in restricted lane,Not at or within 20 metres of junction,None,None,Did not leave carriageway,None,Nearside,No,Journey as part of work,Male,NA,46 - 55,NA,Heavy oil,11,Data missing or out of range,Most deprived 10%,Urban area
20191368G0084,2019,1368G0084,1,Car,No tow/articulation,Going ahead other,South East,North,On main c'way - not in restricted lane,Not at or within 20 metres of junction,None,None,Did not leave carriageway,None,Front,No,Not known,Female,NA,36 - 45,NA,Petrol,14,Data missing or out of range,Most deprived 10%,Urban area
20191368G0084,2019,1368G0084,2,Car,No tow/articulation,Going ahead other,South East,North,On main c'way - not in restricted lane,Not at or within 20 metres of junction,None,None,Did not leave carriageway,None,Back,No,Not known,Male,NA,46 - 55,NA,Petrol,4,Data missing or out of range,Most deprived 10%,Urban area
20191368G1405,2019,1368G1405,1,Car,No tow/articulation,Going ahead other,South East,North West,On main c'way - not in restricted lane,Cleared junction or waiting/parked at junction exit,None,None,Did not leave carriageway,None,Front,No,Not known,Male,NA,21 - 25,NA,Petrol,12,Data missing or out of range,More deprived 40-50%,Urban area
20191368G1689,2019,1368G1689,1,Car,No tow/articulation,Going ahead other,North,South East,On main c'way - not in restricted lane,Mid Junction - on roundabout or on main road,None,None,Did not leave carriageway,None,Front,No,Not known,Not known,Data missing or out of range,Data missing or out of range,NA,Heavy oil,12,Data missing or out of range,Data missing or out of range,Data missing or out of range
20191368G1689,2019,1368G1689,2,Car,No tow/articulation,Going ahead other,West,East,On main c'way - not in restricted lane,Mid Junction - on roundabout or on main road,None,None,Offside,Road sign or traffic signal,Nearside,No,Not known,Male,NA,36 - 45,NA,Heavy oil,3,Data missing or out of range,More deprived 20-30%,Urban area
20191368H0066,2019,1368H0066,1,Car,No tow/articulation,Moving off,North,South East,On main c'way - not in restricted lane,Entering main road,None,None,Did not leave carriageway,None,Did not impact,No,Not known,Male,NA,26 - 35,NA,Petrol,12,Data missing or out of range,Data missing or out of range,Data missing or out of range
20191368H0066,2019,1368H0066,2,Car,No tow/articulation,Going ahead other,West,East,On main c'way - not in restricted lane,Mid Junction - on roundabout or on main road,None,None,Did not leave carriageway,Road sign or traffic signal,Nearside,No,Not known,Male,NA,26 - 35,NA,Heavy oil,4,Data missing or out of range,Data missing or out of range,Data missing or out of range
20191368H0187,2019,1368H0187,1,Car,No tow/articulation,Going ahead other,North,South East,On main c'way - not in restricted lane,Not at or within 20 metres of junction,None,None,Did not leave carriageway,None,Nearside,No,Not known,Male,NA,46 - 55,NA,Heavy oil,13,Data missing or out of range,More deprived 20-30%,Urban area
20191368H0490,2019,1368H0490,1,Car,No tow/articulation,Going ahead other,West,East,On main c'way - not in restricted lane,Not at or within 20 metres of junction,None,None,Did not leave carriageway,None,Offside,No,Not known,Male,NA,46 - 55,NA,Petrol,22,Data missing or out of range,Data missing or out of range,Data missing or out of range
20191368H0490,2019,1368H0490,2,Car,No tow/articulation,Going ahead other,East,West,On main c'way - not in restricted lane,Not at or within 20 metres of junction,None,None,Did not leave carriageway,None,Nearside,No,Not known,Male,NA,56 - 65,NA,Petrol,6,Data missing or out of range,Data missing or out of range,Data missing or out of range
20191368H2047,2019,1368H2047,1,Car,No tow/articulation,Overtaking static vehicle - offside,North West,South East,On main c'way - not in restricted lane,Approaching junction or waiting/parked at junction approach,None,None,Did not leave carriageway,None,Front,No,Not known,Male,NA,36 - 45,NA,Petrol,11,Data missing or out of range,Most deprived 10%,Urban area
20191368I0490,2019,1368I0490,1,Motorcycle 125cc and under,No tow/articulation,Going ahead right-hand bend,South East,North East,On main c'way - not in restricted lane,Not at or within 20 metres of junction,Skidded,None,Nearside,Other permanent object,Front,No,Not known,Male,NA,16 - 20,NA,Petrol,3,Data missing or out of range,More deprived 10-20%,Urban area
20191368I0878,2019,1368I0878,1,Pedal cycle,No tow/articulation,Going ahead other,West,East,On main c'way - not in restricted lane,Not at or within 20 metres of junction,None,Parked vehicle,Did not leave carriageway,None,Back,No,Not known,Male,NA,16 - 20,Data missing or out of range,Undefined,-1,Data missing or out of range,More deprived 30-40%,Urban area
20191368I0878,2019,1368I0878,2,Car,No tow/articulation,Going ahead other,West,East,On main c'way - not in restricted lane,Not at or within 20 metres of junction,None,None,Did not leave carriageway,None,Front,No,Not known,Not known,Data missing or out of range,Data missing or out of range,Data missing or out of range,Undefined,-1,Data missing or out of range,Data missing or out of range,Data missing or out of range
20191368I0878,2019,1368I0878,3,Car,No tow/articulation,Parked,Parked,Parked,On main c'way - not in restricted lane,Not at or within 20 metres of junction,None,None,Did not leave carriageway,None,Offside,No,Not known,Male,Data missing or out of range,Data missing or out of range,NA,Heavy oil,2,Data missing or out of range,More deprived 30-40%,Urban area
20191368I0878,2019,1368I0878,4,Car,No tow/articulation,Parked,Parked,Parked,On main c'way - not in restricted lane,Not at or within 20 metres of junction,None,None,Did not leave carriageway,None,Offside,No,Not known,Female,Data missing or out of range,Data missing or out of range,NA,Petrol,6,Data missing or out of range,More deprived 10-20%,Urban area
20191368J0534,2019,1368J0534,1,Car,No tow/articulation,Changing lane to left,West,East,On main c'way - not in restricted lane,Approaching junction or waiting/parked at junction approach,None,None,Did not leave carriageway,None,Nearside,No,Not known,Not known,Data missing or out of range,Data missing or out of range,NA,Heavy oil,3,Data missing or out of range,Data missing or out of range,Data missing or out of range
20191368J0534,2019,1368J0534,2,Car,No tow/articulation,Going ahead other,West,East,On main c'way - not in restricted lane,Approaching junction or waiting/parked at junction approach,None,None,Did not leave carriageway,None,Offside,No,Not known,Male,NA,26 - 35,NA,Petrol,1,Data missing or out of range,More deprived 20-30%,Urban area
20191368J0823,2019,1368J0823,1,Car,No tow/articulation,Reversing,North East,South West,On main c'way - not in restricted lane,Mid Junction - on roundabout or on main road,None,None,Did not leave carriageway,None,Back,No,Not known,Male,NA,36 - 45,NA,Heavy oil,2,Data missing or out of range,Less deprived 20-30%,Urban area
20191368J0951,2019,1368J0951,1,Car,No tow/articulation,Going ahead other,North,South East,On main c'way - not in restricted lane,Approaching junction or waiting/parked at junction approach,None,None,Did not leave carriageway,None,Front,No,Not known,Female,NA,36 - 45,NA,Heavy oil,13,Data missing or out of range,More deprived 20-30%,Urban area
20191368J0951,2019,1368J0951,2,Car,No tow/articulation,Waiting to go - held up,North,South East,On main c'way - not in restricted lane,Approaching junction or waiting/parked at junction approach,None,None,Did not leave carriageway,None,Back,No,Not known,Male,NA,36 - 45,NA,Heavy oil,7,Data missing or out of range,Most deprived 10%,Urban area
20191368J0951,2019,1368J0951,3,Car,No tow/articulation,Waiting to go - held up,North,South East,On main c'way - not in restricted lane,Approaching junction or waiting/parked at junction approach,None,None,Did not leave carriageway,None,Back,No,Not known,Male,NA,Over 75,NA,Petrol,12,Data missing or out of range,Most deprived 10%,Urban area
20191368J1266,2019,1368J1266,1,Car,No tow/articulation,Turning right,North,West,On main c'way - not in restricted lane,Entering main road,None,None,Did not leave carriageway,None,Front,No,Not known,Female,NA,56 - 65,NA,Petrol,16,Data missing or out of range,Most deprived 10%,Urban area
20191368J1266,2019,1368J1266,2,Motorcycle 125cc and under,No tow/articulation,Going ahead other,West,East,On main c'way - not in restricted lane,Approaching junction or waiting/parked at junction approach,None,None,Did not leave carriageway,None,Front,No,Not known,Male,NA,21 - 25,NA,Petrol,7,Data missing or out of range,More deprived 30-40%,Urban area
20191368J2091,2019,1368J2091,1,Car,No tow/articulation,Going ahead other,North West,South East,On main c'way - not in restricted lane,Mid Junction - on roundabout or on main road,None,None,Did not leave carriageway,None,Front,No,Not known,Male,NA,16 - 20,Data missing or out of range,Undefined,-1,Data missing or out of range,More deprived 10-20%,Urban area
20191368J2091,2019,1368J2091,2,Car,No tow/articulation,U-turn,North West,North West,On main c'way - not in restricted lane,Mid Junction - on roundabout or on main road,None,None,Did not leave carriageway,None,Offside,No,Not known,Male,Data missing or out of range,Data missing or out of range,NA,Petrol,3,Data missing or out of range,Data missing or out of range,Data missing or out of range
20191368K1249,2019,1368K1249,1,Car,No tow/articulation,Going ahead other,South East,North,On main c'way - not in restricted lane,Not at or within 20 metres of junction,None,None,Did not leave carriageway,None,Front,No,Not known,Female,NA,36 - 45,NA,Petrol,1,Data missing or out of range,Less deprived 20-30%,Urban area
20191368K1615,2019,1368K1615,1,Car,No tow/articulation,Going ahead other,North West,South East,On main c'way - not in restricted lane,Not at or within 20 metres of junction,None,None,Nearside and rebounded,Tree,Front,No,Not known,Male,NA,36 - 45,Data missing or out of range,Undefined,-1,Data missing or out of range,Data missing or out of range,Data missing or out of range
20191368M0542,2019,1368M0542,1,Car,No tow/articulation,Going ahead other,North West,South East,On main c'way - not in restricted lane,Not at or within 20 metres of junction,None,None,Did not leave carriageway,None,Front,No,Not known,Male,NA,36 - 45,NA,Petrol,13,Data missing or out of range,Most deprived 10%,Urban area
20191368M0542,2019,1368M0542,2,Van / Goods 3.5 tonnes mgw or under,No tow/articulation,Going ahead other,North West,South East,On main c'way - not in restricted lane,Not at or within 20 metres of junction,None,None,Did not leave carriageway,None,Back,No,Journey as part of work,Male,NA,56 - 65,Data missing or out of range,Undefined,-1,Data missing or out of range,Most deprived 10%,Urban area
20191368M1167,2019,1368M1167,1,Car,No tow/articulation,Going ahead other,South East,North West,On main c'way - not in restricted lane,Not at or within 20 metres of junction,Skidded,None,Did not leave carriageway,None,Front,No,Commuting to/from work,Female,NA,16 - 20,NA,Petrol,10,Data missing or out of range,More deprived 20-30%,Urban area
20191368M1167,2019,1368M1167,2,Car,No tow/articulation,Going ahead other,North West,South East,On main c'way - not in restricted lane,Not at or within 20 metres of junction,None,None,Did not leave carriageway,None,Front,No,Not known,Female,NA,Over 75,NA,Petrol,16,Data missing or out of range,Least deprived 10%,Urban area
20191368N1136,2019,1368N1136,1,Car,No tow/articulation,Moving off,East,West,On main c'way - not in restricted lane,Mid Junction - on roundabout or on main road,None,None,Did not leave carriageway,None,Front,No,Not known,Female,NA,36 - 45,NA,Heavy oil,3,Data missing or out of range,More deprived 40-50%,Small town
20191368N1136,2019,1368N1136,2,Pedal cycle,No tow/articulation,Going ahead other,South East,North,On main c'way - not in restricted lane,Mid Junction - on roundabout or on main road,None,None,Did not leave carriageway,None,Front,No,Not known,Male,NA,36 - 45,Data missing or out of range,Undefined,-1,Data missing or out of range,Less deprived 10-20%,Small town
20191368N1200,2019,1368N1200,1,Car,No tow/articulation,Going ahead other,East,West,On main c'way - not in restricted lane,Not at or within 20 metres of junction,None,None,Did not leave carriageway,None,Front,No,Not known,Male,NA,26 - 35,NA,Heavy oil,9,Data missing or out of range,More deprived 10-20%,Urban area
20191368N1435,2019,1368N1435,1,Car,No tow/articulation,Moving off,West,East,On main c'way - not in restricted lane,Cleared junction or waiting/parked at junction exit,None,None,Did not leave carriageway,None,Did not impact,No,Not known,Male,NA,46 - 55,NA,Heavy oil,24,Data missing or out of range,Less deprived 40-50%,Rural
20191368N1435,2019,1368N1435,2,Motorcycle over 125cc and up to 500cc,No tow/articulation,Going ahead other,North,East,On main c'way - not in restricted lane,Approaching junction or waiting/parked at junction approach,None,None,Did not leave carriageway,None,Did not impact,No,Not known,Male,NA,21 - 25,NA,Petrol,13,Data missing or out of range,Most deprived 10%,Urban area
20191368O1069,2019,1368O1069,1,Motorcycle 125cc and under,No tow/articulation,Moving off,West,East,On main c'way - not in restricted lane,Not at or within 20 metres of junction,None,None,Did not leave carriageway,None,Nearside,No,Not known,Not known,Data missing or out of range,Data missing or out of range,Data missing or out of range,Undefined,-1,Data missing or out of range,Data missing or out of range,Data missing or out of range
20191368O1276,2019,1368O1276,1,Car,No tow/articulation,Going ahead right-hand bend,South East,North West,On main c'way - not in restricted lane,Not at or within 20 metres of junction,Skidded and overturned,None,Nearside,Tree,Offside,No,Not known,Male,NA,16 - 20,NA,Petrol,2,Data missing or out of range,Data missing or out of range,Data missing or out of range
20191368P0311,2019,1368P0311,1,Car,No tow/articulation,Moving off,South West,North East,On main c'way - not in restricted lane,Entering main road,Skidded,None,Did not leave carriageway,None,Offside,No,Not known,Female,NA,21 - 25,NA,Heavy oil,15,Data missing or out of range,Most deprived 10%,Urban area
20191368P0311,2019,1368P0311,2,Car,No tow/articulation,Going ahead other,South East,North West,On main c'way - not in restricted lane,Mid Junction - on roundabout or on main road,None,None,Did not leave carriageway,None,Front,No,Journey as part of work,Male,NA,36 - 45,NA,Hybrid electric,6,Data missing or out of range,More deprived 30-40%,Urban area
20191368P0583,2019,1368P0583,1,Car,No tow/articulation,Turning right,South East,East,On main c'way - not in restricted lane,Mid Junction - on roundabout or on main road,None,None,Did not leave carriageway,None,Front,No,Not known,Male,NA,46 - 55,Data missing or out of range,Undefined,-1,Data missing or out of range,More deprived 40-50%,Small town
20191368P0583,2019,1368P0583,2,Car,No tow/articulation,Going ahead other,East,West,On main c'way - not in restricted lane,Mid Junction - on roundabout or on main road,None,None,Did not leave carriageway,None,Front,No,Not known,Female,NA,Over 75,NA,Petrol,1,Data missing or out of range,More deprived 40-50%,Urban area
20191368Q1798,2019,1368Q1798,1,Car,No tow/articulation,Going ahead other,East,North West,On main c'way - not in restricted lane,Not at or within 20 metres of junction,None,None,Did not leave carriageway,None,Offside,No,Not known,Male,NA,26 - 35,NA,Heavy oil,12,Data missing or out of range,Most deprived 10%,Urban area
20191368Q1798,2019,1368Q1798,2,Pedal cycle,No tow/articulation,Going ahead other,North,South East,On main c'way - not in restricted lane,Not at or within 20 metres of junction,None,None,Did not leave carriageway,None,Nearside,No,Not known,Male,NA,0 - 5,Data missing or out of range,Undefined,-1,Data missing or out of range,More deprived 10-20%,Urban area
20191368R0394,2019,1368R0394,1,Car,No tow/articulation,Going ahead other,East,West,On main c'way - not in restricted lane,Mid Junction - on roundabout or on main road,None,None,Did not leave carriageway,None,Front,No,Not known,Female,NA,Over 75,NA,Petrol,2,Data missing or out of range,Less deprived 20-30%,Urban area
20191368R0394,2019,1368R0394,2,Car,No tow/articulation,Waiting to go - held up,East,West,On main c'way - not in restricted lane,Mid Junction - on roundabout or on main road,None,None,Did not leave carriageway,None,Back,No,Not known,Male,NA,56 - 65,NA,Petrol,7,Data missing or out of range,More deprived 40-50%,Urban area
20191368R1583,2019,1368R1583,1,Car,No tow/articulation,Going ahead other,North West,South East,On main c'way - not in restricted lane,Leaving roundabout,None,None,Did not leave carriageway,None,Nearside,No,Not known,Male,NA,26 - 35,Data missing or out of range,Undefined,-1,Data missing or out of range,Data missing or out of range,Data missing or out of range
20191368R1583,2019,1368R1583,2,Car,No tow/articulation,Going ahead other,North West,South East,On main c'way - not in restricted lane,Leaving roundabout,None,None,Did not leave carriageway,None,Offside,No,Journey as part of work,Female,NA,36 - 45,NA,Petrol,12,Data missing or out of range,More deprived 20-30%,Urban area
20191368R1699,2019,1368R1699,1,Car,No tow/articulation,Going ahead other,North,South East,On main c'way - not in restricted lane,Not at or within 20 metres of junction,None,None,Did not leave carriageway,None,Front,No,Not known,Male,NA,26 - 35,NA,Petrol,8,Data missing or out of range,Less deprived 20-30%,Urban area
20191368R1699,2019,1368R1699,2,Car,No tow/articulation,Slowing or stopping,North,South East,On main c'way - not in restricted lane,Not at or within 20 metres of junction,None,None,Did not leave carriageway,None,Back,No,Not known,Male,NA,21 - 25,NA,Heavy oil,8,Data missing or out of range,Data missing or out of range,Data missing or out of range
20191368R1775,2019,1368R1775,1,Car,No tow/articulation,Going ahead other,North East,South West,On main c'way - not in restricted lane,Not at or within 20 metres of junction,None,None,Did not leave carriageway,None,Nearside,No,Not known,Male,NA,36 - 45,NA,Petrol,16,Data missing or out of range,Most deprived 10%,Urban area
20191368S0358,2019,1368S0358,1,Car,No tow/articulation,Overtaking - nearside,West,East,On main c'way - not in restricted lane,Not at or within 20 metres of junction,None,None,Did not leave carriageway,None,Nearside,No,Not known,Male,NA,36 - 45,NA,Petrol,3,Data missing or out of range,Data missing or out of range,Data missing or out of range
20191368S0358,2019,1368S0358,2,Pedal cycle,No tow/articulation,Going ahead other,West,East,On main c'way - not in restricted lane,Not at or within 20 metres of junction,None,None,Did not leave carriageway,None,Offside,No,Not known,Male,NA,26 - 35,Data missing or out of range,Undefined,-1,Data missing or out of range,Data missing or out of range,Data missing or out of range
20191368T0296,2019,1368T0296,1,Car,No tow/articulation,Turning right,South East,East,On main c'way - not in restricted lane,Mid Junction - on roundabout or on main road,None,None,Did not leave carriageway,None,Front,No,Journey as part of work,Male,NA,56 - 65,NA,Heavy oil,6,Data missing or out of range,Data missing or out of range,Data missing or out of range
20191368T0296,2019,1368T0296,2,Pedal cycle,No tow/articulation,Going ahead other,North,South East,On main c'way - not in restricted lane,Mid Junction - on roundabout or on main road,None,None,Did not leave carriageway,None,Offside,No,Journey as part of work,Male,NA,46 - 55,Data missing or out of range,Undefined,-1,Data missing or out of range,Less deprived 30-40%,Rural
20191368T0326,2019,1368T0326,1,Car,No tow/articulation,Going ahead other,North East,South West,On main c'way - not in restricted lane,Approaching junction or waiting/parked at junction approach,None,None,Did not leave carriageway,None,Nearside,No,Journey as part of work,Male,NA,66 - 75,Data missing or out of range,Undefined,-1,Data missing or out of range,More deprived 10-20%,Urban area
20191368T0326,2019,1368T0326,2,Car,No tow/articulation,Turning right,South East,North East,On main c'way - not in restricted lane,Approaching junction or waiting/parked at junction approach,None,None,Did not leave carriageway,None,Front,No,Not known,Male,NA,26 - 35,NA,Heavy oil,8,Data missing or out of range,Most deprived 10%,Urban area
20191368T0482,2019,1368T0482,1,Goods 7.5 tonnes mgw and over,No tow/articulation,Going ahead other,North West,South East,On main c'way - not in restricted lane,Not at or within 20 metres of junction,None,None,Did not leave carriageway,None,Back,No,Not known,Not known,Data missing or out of range,Data missing or out of range,Data missing or out of range,Undefined,-1,Data missing or out of range,Data missing or out of range,Data missing or out of range
20191368T0482,2019,1368T0482,2,Pedal cycle,No tow/articulation,Going ahead other,North West,South East,On main c'way - not in restricted lane,Not at or within 20 metres of junction,None,None,Did not leave carriageway,None,Offside,No,Not known,Male,NA,26 - 35,Data missing or out of range,Undefined,-1,Data missing or out of range,Most deprived 10%,Urban area
20191368T1544,2019,1368T1544,1,Car,No tow/articulation,Changing lane to right,West,East,On main c'way - not in restricted lane,Not at or within 20 metres of junction,None,None,Did not leave carriageway,None,Did not impact,No,Not known,Not known,Data missing or out of range,Data missing or out of range,Data missing or out of range,Undefined,-1,Data missing or out of range,Data missing or out of range,Data missing or out of range
20191368T1544,2019,1368T1544,2,Bus or coach (17 or more pass seats),No tow/articulation,Going ahead other,West,East,On main c'way - not in restricted lane,Not at or within 20 metres of junction,None,None,Did not leave carriageway,None,Did not impact,No,Journey as part of work,Male,NA,36 - 45,NA,Heavy oil,7,Data missing or out of range,More deprived 20-30%,Urban area
20191368U0339,2019,1368U0339,1,Car,No tow/articulation,Going ahead other,North,South West,On main c'way - not in restricted lane,Not at or within 20 metres of junction,None,None,Did not leave carriageway,Wall or fence,Front,No,Not known,Male,NA,26 - 35,NA,Heavy oil,11,Data missing or out of range,Most deprived 10%,Urban area
20191368U1291,2019,1368U1291,1,Goods 7.5 tonnes mgw and over,Articulated vehicle,Going ahead other,South East,North West,On main c'way - not in restricted lane,Mid Junction - on roundabout or on main road,None,None,Did not leave carriageway,None,Offside,Yes,Journey as part of work,Male,NA,36 - 45,Data missing or out of range,Undefined,-1,Data missing or out of range,Data missing or out of range,Data missing or out of range
20191368U1291,2019,1368U1291,2,Car,No tow/articulation,Going ahead other,South East,North West,On main c'way - not in restricted lane,Mid Junction - on roundabout or on main road,None,None,Did not leave carriageway,None,Nearside,No,Commuting to/from work,Female,NA,46 - 55,NA,Petrol,1,Data missing or out of range,Least deprived 10%,Urban area
20191368V0727,2019,1368V0727,1,Car,No tow/articulation,Turning right,South West,North East,On main c'way - not in restricted lane,Leaving main road,None,None,Did not leave carriageway,None,Front,No,Not known,Male,NA,26 - 35,NA,Heavy oil,6,Data missing or out of range,More deprived 30-40%,Urban area
20191368V0727,2019,1368V0727,2,Car,No tow/articulation,Going ahead other,North West,South East,On main c'way - not in restricted lane,Mid Junction - on roundabout or on main road,None,None,Did not leave carriageway,None,Front,No,Not known,Male,NA,21 - 25,NA,Petrol,5,Data missing or out of range,Most deprived 10%,Urban area
20191368V1639,2019,1368V1639,1,Car,No tow/articulation,Going ahead other,North,South East,On main c'way - not in restricted lane,Not at or within 20 metres of junction,None,None,Did not leave carriageway,None,Nearside,No,Not known,Male,NA,26 - 35,NA,Heavy oil,15,Data missing or out of range,Most deprived 10%,Urban area
2019136910680,2019,136910680,1,Car,No tow/articulation,Turning right,North West,South West,On main c'way - not in restricted lane,Mid Junction - on roundabout or on main road,None,None,Did not leave carriageway,None,Offside,No,Not known,Female,NA,26 - 35,NA,Petrol,5,Data missing or out of range,Most deprived 10%,Urban area
2019136910680,2019,136910680,2,Car,No tow/articulation,Going ahead other,South West,North East,On main c'way - not in restricted lane,Mid Junction - on roundabout or on main road,None,None,Did not leave carriageway,None,Front,No,Not known,Male,NA,26 - 35,NA,Heavy oil,7,Data missing or out of range,Less deprived 20-30%,Urban area
2019136911164,2019,136911164,1,Car,No tow/articulation,Going ahead other,South East,North,On main c'way - not in restricted lane,Approaching junction or waiting/parked at junction approach,None,None,Did not leave carriageway,None,Back,No,Not known,Male,NA,36 - 45,NA,Petrol,17,Data missing or out of range,Less deprived 30-40%,Urban area
2019136911164,2019,136911164,2,Car,No tow/articulation,Going ahead other,South East,North,On main c'way - not in restricted lane,Approaching junction or waiting/parked at junction approach,None,None,Did not leave carriageway,None,Front,No,Not known,Not known,Data missing or out of range,Data missing or out of range,Data missing or out of range,Undefined,-1,Data missing or out of range,Data missing or out of range,Data missing or out of range
2019136911164,2019,136911164,3,Car,No tow/articulation,Going ahead other,South East,North,On main c'way - not in restricted lane,Approaching junction or waiting/parked at junction approach,None,None,Did not leave carriageway,None,Back,No,Not known,Female,NA,36 - 45,Data missing or out of range,Undefined,-1,Data missing or out of range,Most deprived 10%,Urban area
2019136920343,2019,136920343,1,Car,No tow/articulation,Slowing or stopping,South West,North East,On main c'way - not in restricted lane,Not at or within 20 metres of junction,None,None,Did not leave carriageway,None,Front,No,Not known,Female,NA,46 - 55,NA,Heavy oil,4,Data missing or out of range,Data missing or out of range,Data missing or out of range
2019136920343,2019,136920343,2,Car,No tow/articulation,Slowing or stopping,South West,North East,On main c'way - not in restricted lane,Not at or within 20 metres of junction,None,None,Did not leave carriageway,None,Back,No,Not known,Male,NA,36 - 45,Data missing or out of range,Undefined,-1,Data missing or out of range,Most deprived 10%,Urban area
2019136940772,2019,136940772,1,Car,No tow/articulation,Overtaking moving vehicle - offside,West,East,On main c'way - not in restricted lane,Mid Junction - on roundabout or on main road,None,None,Did not leave carriageway,None,Front,No,Not known,Female,NA,16 - 20,NA,Heavy oil,1,Data missing or out of range,More deprived 30-40%,Urban area
2019136940772,2019,136940772,2,Car,No tow/articulation,Turning right,West,South East,On main c'way - not in restricted lane,Mid Junction - on roundabout or on main road,None,None,Did not leave carriageway,None,Offside,No,Not known,Male,NA,21 - 25,NA,Heavy oil,4,Data missing or out of range,Less deprived 30-40%,Small town
2019136941225,2019,136941225,1,Motorcycle 125cc and under,No tow/articulation,Going ahead other,North West,South East,On main c'way - not in restricted lane,Not at or within 20 metres of junction,Skidded,None,Did not leave carriageway,None,Offside,No,Commuting to/from work,Male,NA,26 - 35,NA,Petrol,15,Data missing or out of range,Most deprived 10%,Urban area
2019136951157,2019,136951157,1,Car,No tow/articulation,Turning right,East,North,On main c'way - not in restricted lane,Mid Junction - on roundabout or on main road,None,None,Did not leave carriageway,None,Nearside,No,Not known,Female,NA,46 - 55,NA,Heavy oil,12,Data missing or out of range,Most deprived 10%,Urban area
2019136951157,2019,136951157,2,Car,No tow/articulation,Going ahead other,West,East,On main c'way - not in restricted lane,Mid Junction - on roundabout or on main road,None,None,Did not leave carriageway,None,Front,No,Journey as part of work,Male,NA,46 - 55,Data missing or out of range,Undefined,-1,Data missing or out of range,More deprived 40-50%,Urban area
2019136951234,2019,136951234,1,Car,No tow/articulation,Going ahead other,South East,North,On main c'way - not in restricted lane,Not at or within 20 metres of junction,None,None,Did not leave carriageway,None,Back,No,Not known,Not known,Data missing or out of range,Data missing or out of range,Data missing or out of range,Undefined,-1,Data missing or out of range,Data missing or out of range,Data missing or out of range
2019136951234,2019,136951234,2,Car,No tow/articulation,Going ahead other,South East,North,On main c'way - not in restricted lane,Not at or within 20 metres of junction,None,None,Did not leave carriageway,None,Front,No,Not known,Male,NA,56 - 65,NA,Heavy oil,16,Data missing or out of range,Most deprived 10%,Urban area
2019136960537,2019,136960537,1,Car,No tow/articulation,Turning right,East,North,On main c'way - not in restricted lane,Approaching junction or waiting/parked at junction approach,None,None,Did not leave carriageway,None,Front,No,Not known,Male,Data missing or out of range,Data missing or out of range,Data missing or out of range,Undefined,-1,Data missing or out of range,Data missing or out of range,Data missing or out of range
2019136960537,2019,136960537,2,Car,No tow/articulation,Turning right,South West,East,On main c'way - not in restricted lane,Approaching junction or waiting/parked at junction approach,None,None,Did not leave carriageway,None,Offside,No,Not known,Male,NA,26 - 35,NA,Petrol,0,Data missing or out of range,Less deprived 40-50%,Urban area