accident_index,accident_year,accident_reference,vehicle_reference,vehicle_type,towing_and_articulation,vehicle_manoeuvre,vehicle_direction_from,vehicle_direction_to,vehicle_location_restricted_lane,junction_location,skidding_and_overturning,hit_object_in_carriageway,vehicle_leaving_carriageway,hit_object_off_carriageway,first_point_of_impact,vehicle_left_hand_drive,journey_purpose_of_driver,sex_of_driver,age_of_driver,age_band_of_driver,engine_capacity_cc,propulsion_code,age_of_vehicle,generic_make_model,driver_imd_decile,driver_home_area_type
2019136970432,2019,136970432,1,Car,No tow/articulation,Going ahead other,North East,South West,On main c'way - not in restricted lane,Mid Junction - on roundabout or on main road,None,None,Did not leave carriageway,None,Front,No,Journey as part of work,Male,NA,21 - 25,NA,Petrol,0,Data missing or out of range,Data missing or out of range,Data missing or out of range
2019136971380,2019,136971380,1,Car,No tow/articulation,Going ahead other,West,North East,On main c'way - not in restricted lane,Leaving roundabout,None,None,Did not leave carriageway,None,Front,No,Commuting to/from work,Female,NA,36 - 45,NA,Heavy oil,4,Data missing or out of range,More deprived 40-50%,Urban area
2019136972196,2019,136972196,1,Car,No tow/articulation,U-turn,West,East,On main c'way - not in restricted lane,Not at or within 20 metres of junction,None,None,Did not leave carriageway,None,Back,No,Not known,Female,NA,21 - 25,NA,Petrol,7,Data missing or out of range,Less deprived 30-40%,Urban area
2019136972196,2019,136972196,2,Car,No tow/articulation,Going ahead other,South East,North,On main c'way - not in restricted lane,Not at or within 20 metres of junction,None,None,Did not leave carriageway,None,Front,No,Not known,Male,NA,16 - 20,Data missing or out of range,Undefined,-1,Data missing or out of range,Most deprived 10%,Urban area
2019136981224,2019,136981224,1,Car,No tow/articulation,Reversing,East,West,On main c'way - not in restricted lane,Not at or within 20 metres of junction,None,None,Did not leave carriageway,None,Back,No,Not known,Male,NA,26 - 35,NA,Petrol,12,Data missing or out of range,More deprived 20-30%,Urban area
2019136981767,2019,136981767,1,Car,No tow/articulation,Going ahead other,South East,North,On main c'way - not in restricted lane,Approaching junction or waiting/parked at junction approach,None,None,Did not leave carriageway,None,Front,No,Not known,Male,NA,26 - 35,NA,Petrol,4,Data missing or out of range,Most deprived 10%,Urban area
2019136981767,2019,136981767,2,Car,No tow/articulation,Turning right,West,South East,On main c'way - not in restricted lane,Mid Junction - on roundabout or on main road,None,None,Did not leave carriageway,None,Offside,No,Not known,Female,NA,21 - 25,NA,Petrol,12,Data missing or out of range,More deprived 20-30%,Urban area
2019136991810,2019,136991810,1,Car,No tow/articulation,Going ahead other,East,West,On main c'way - not in restricted lane,Mid Junction - on roundabout or on main road,None,None,Did not leave carriageway,None,Front,No,Not known,Male,NA,21 - 25,NA,Heavy oil,11,Data missing or out of range,More deprived 30-40%,Urban area
2019136991810,2019,136991810,2,Car,No tow/articulation,Turning right,West,South East,On main c'way - not in restricted lane,Approaching junction or waiting/parked at junction approach,None,None,Did not leave carriageway,None,Offside,No,Not known,Male,NA,46 - 55,NA,Petrol,8,Data missing or out of range,More deprived 30-40%,Urban area
2019136991810,2019,136991810,3,Car,No tow/articulation,Turning right,South East,East,On main c'way - not in restricted lane,Approaching junction or waiting/parked at junction approach,None,None,Did not leave carriageway,None,Did not impact,No,Not known,Female,NA,26 - 35,NA,Heavy oil,8,Data missing or out of range,Less deprived 30-40%,Urban area
2019136991810,2019,136991810,4,Car,No tow/articulation,Parked,Parked,Parked,On main c'way - not in restricted lane,Approaching junction or waiting/parked at junction approach,None,None,Did not leave carriageway,None,Back,No,Not known,Not known,Data missing or out of range,Data missing or out of range,NA,Heavy oil,4,Data missing or out of range,Data missing or out of range,Data missing or out of range
20191369A0248,2019,1369A0248,1,Taxi/Private hire car,No tow/articulation,Going ahead other,South East,North,On main c'way - not in restricted lane,Cleared junction or waiting/parked at junction exit,None,None,Did not leave carriageway,None,Nearside,No,Journey as part of work,Male,NA,36 - 45,NA,Heavy oil,8,Data missing or out of range,Most deprived 10%,Urban area
20191369A0741,2019,1369A0741,1,Car,No tow/articulation,Going ahead other,North,South East,On main c'way - not in restricted lane,Not at or within 20 metres of junction,None,None,Did not leave carriageway,None,Nearside,No,Not known,Female,Data missing or out of range,Data missing or out of range,NA,Petrol,4,Data missing or out of range,More deprived 30-40%,Urban area
20191369A2002,2019,1369A2002,1,Car,No tow/articulation,Going ahead other,South East,North West,On main c'way - not in restricted lane,Not at or within 20 metres of junction,Skidded,None,Nearside,Other permanent object,Offside,No,Not known,Male,NA,16 - 20,NA,Petrol,18,Data missing or out of range,Data missing or out of range,Data missing or out of range
20191369A2002,2019,1369A2002,2,Minibus (8 - 16 passenger seats),No tow/articulation,Going ahead other,South East,North West,On main c'way - not in restricted lane,Not at or within 20 metres of junction,None,None,Did not leave carriageway,None,Back,No,Not known,Male,NA,46 - 55,Data missing or out of range,Undefined,-1,Data missing or out of range,Less deprived 30-40%,Urban area
20191369A2002,2019,1369A2002,3,Van / Goods 3.5 tonnes mgw or under,No tow/articulation,Going ahead other,South East,North West,On main c'way - not in restricted lane,Not at or within 20 metres of junction,None,None,Did not leave carriageway,None,Back,No,Not known,Male,NA,56 - 65,NA,Heavy oil,6,Data missing or out of range,Most deprived 10%,Urban area
20191369B1565,2019,1369B1565,1,Car,No tow/articulation,Moving off,East,West,On main c'way - not in restricted lane,Not at or within 20 metres of junction,None,None,Did not leave carriageway,None,Front,No,Not known,Male,NA,26 - 35,NA,Petrol,13,Data missing or out of range,More deprived 10-20%,Urban area
20191369C0643,2019,1369C0643,1,Car,No tow/articulation,Going ahead other,South East,North West,On main c'way - not in restricted lane,Not at or within 20 metres of junction,None,None,Did not leave carriageway,None,Nearside,No,Not known,Female,Data missing or out of range,Data missing or out of range,Data missing or out of range,Undefined,-1,Data missing or out of range,Data missing or out of range,Data missing or out of range
20191369C0643,2019,1369C0643,2,Van / Goods 3.5 tonnes mgw or under,No tow/articulation,Parked,South East,North West,Footway (pavement),Not at or within 20 metres of junction,None,None,Did not leave carriageway,None,Did not impact,No,Not known,Male,NA,16 - 20,NA,Heavy oil,11,Data missing or out of range,More deprived 20-30%,Urban area
20191369C0817,2019,1369C0817,1,Pedal cycle,No tow/articulation,Going ahead other,East,West,On main c'way - not in restricted lane,Mid Junction - on roundabout or on main road,None,Parked vehicle,Did not leave carriageway,None,Front,No,Commuting to/from work,Male,NA,36 - 45,Data missing or out of range,Undefined,-1,Data missing or out of range,Least deprived 10%,Small town
20191369C0817,2019,1369C0817,2,Car,No tow/articulation,Parked,Parked,Parked,On main c'way - not in restricted lane,Mid Junction - on roundabout or on main road,None,None,Did not leave carriageway,None,Back,No,Not known,Male,NA,Over 75,NA,Heavy oil,5,Data missing or out of range,More deprived 30-40%,Urban area
20191369C1713,2019,1369C1713,1,Car,No tow/articulation,Turning right,South East,North,On main c'way - not in restricted lane,Mid Junction - on roundabout or on main road,None,None,Did not leave carriageway,None,Nearside,No,Not known,Female,NA,36 - 45,NA,Heavy oil,12,Data missing or out of range,Data missing or out of range,Data missing or out of range
20191369C1713,2019,1369C1713,2,Car,No tow/articulation,Going ahead other,North West,South East,On main c'way - not in restricted lane,Mid Junction - on roundabout or on main road,None,None,Did not leave carriageway,None,Front,No,Not known,Male,NA,26 - 35,NA,Heavy oil,15,Data missing or out of range,Most deprived 10%,Urban area
20191369C1863,2019,1369C1863,1,Car,No tow/articulation,Going ahead other,South East,North West,On main c'way - not in restricted lane,Not at or within 20 metres of junction,None,None,Did not leave carriageway,None,Front,No,Not known,Not known,Data missing or out of range,Data missing or out of range,Data missing or out of range,Undefined,-1,Data missing or out of range,Data missing or out of range,Data missing or out of range
20191369C1863,2019,1369C1863,2,Car,No tow/articulation,Going ahead other,South East,North West,On main c'way - not in restricted lane,Not at or within 20 metres of junction,None,None,Did not leave carriageway,None,Back,No,Not known,Male,NA,26 - 35,NA,Petrol,14,Data missing or out of range,Most deprived 10%,Urban area
20191369C2015,2019,1369C2015,1,Car,No tow/articulation,Turning right,South East,North West,On main c'way - not in restricted lane,Mid Junction - on roundabout or on main road,None,None,Did not leave carriageway,None,Front,No,Not known,Female,NA,26 - 35,NA,Heavy oil,8,Data missing or out of range,Most deprived 10%,Urban area
20191369C2015,2019,1369C2015,2,Car,No tow/articulation,Going ahead other,North East,South West,On main c'way - not in restricted lane,Mid Junction - on roundabout or on main road,None,None,Did not leave carriageway,None,Front,No,Not known,Female,NA,66 - 75,NA,Petrol,6,Data missing or out of range,More deprived 20-30%,Urban area
20191369D0707,2019,1369D0707,1,Car,No tow/articulation,Going ahead other,East,West,On main c'way - not in restricted lane,Not at or within 20 metres of junction,None,None,Did not leave carriageway,None,Front,No,Not known,Male,NA,16 - 20,NA,Heavy oil,5,Data missing or out of range,Data missing or out of range,Data missing or out of range
20191369D1782,2019,1369D1782,1,Car,No tow/articulation,Going ahead other,South West,North East,On main c'way - not in restricted lane,Not at or within 20 metres of junction,None,None,Did not leave carriageway,None,Front,No,Not known,Female,NA,21 - 25,NA,Petrol,9,Data missing or out of range,More deprived 20-30%,Urban area
20191369E1038,2019,1369E1038,1,Car,No tow/articulation,Turning right,South West,South East,On main c'way - not in restricted lane,Mid Junction - on roundabout or on main road,None,None,Did not leave carriageway,None,Front,No,Not known,Female,NA,26 - 35,NA,Heavy oil,13,Data missing or out of range,More deprived 30-40%,Urban area
20191369E1038,2019,1369E1038,2,Car,No tow/articulation,Going ahead other,South East,North,On main c'way - not in restricted lane,Approaching junction or waiting/parked at junction approach,None,None,Did not leave carriageway,None,Front,No,Not known,Male,NA,46 - 55,NA,Heavy oil,15,Data missing or out of range,Most deprived 10%,Urban area
20191369E1326,2019,1369E1326,1,Car,No tow/articulation,Slowing or stopping,East,West,On main c'way - not in restricted lane,Approaching junction or waiting/parked at junction approach,None,None,Did not leave carriageway,None,Front,No,Not known,Male,NA,36 - 45,NA,Heavy oil,13,Data missing or out of range,Most deprived 10%,Urban area
20191369E1326,2019,1369E1326,2,Car,No tow/articulation,Slowing or stopping,East,West,On main c'way - not in restricted lane,Approaching junction or waiting/parked at junction approach,None,None,Did not leave carriageway,None,Back,No,Not known,Male,NA,21 - 25,NA,Petrol,13,Data missing or out of range,More deprived 20-30%,Urban area
20191369F0963,2019,1369F0963,1,Car,No tow/articulation,Going ahead other,North,South East,On main c'way - not in restricted lane,Mid Junction - on roundabout or on main road,Skidded and overturned,None,Offside,Wall or fence,Front,No,Not known,Male,NA,16 - 20,NA,Petrol,12,Data missing or out of range,Most deprived 10%,Urban area
20191369F0963,2019,1369F0963,2,Car,No tow/articulation,Going ahead other,East,West,On main c'way - not in restricted lane,Mid Junction - on roundabout or on main road,Skidded,None,Did not leave carriageway,None,Offside,No,Not known,Male,NA,46 - 55,NA,Heavy oil,5,Data missing or out of range,Less deprived 20-30%,Urban area
20191369F1165,2019,1369F1165,1,Car,No tow/articulation,Going ahead other,West,East,On main c'way - not in restricted lane,Approaching junction or waiting/parked at junction approach,None,None,Did not leave carriageway,None,Nearside,No,Not known,Female,NA,26 - 35,NA,Heavy oil,7,Data missing or out of range,Most deprived 10%,Urban area
20191369F1165,2019,1369F1165,2,Car,No tow/articulation,Going ahead other,North West,South East,On main c'way - not in restricted lane,Approaching junction or waiting/parked at junction approach,None,None,Did not leave carriageway,None,Offside,No,Not known,Female,NA,36 - 45,NA,Petrol,16,Data missing or out of range,More deprived 30-40%,Urban area
20191369G0873,2019,1369G0873,1,Taxi/Private hire car,No tow/articulation,Going ahead other,South East,North,On main c'way - not in restricted lane,Mid Junction - on roundabout or on main road,None,None,Did not leave carriageway,None,Front,No,Journey as part of work,Male,NA,36 - 45,NA,Heavy oil,8,Data missing or out of range,More deprived 10-20%,Urban area
20191369G0873,2019,1369G0873,2,Car,No tow/articulation,Waiting to go - held up,South East,North,On main c'way - not in restricted lane,Mid Junction - on roundabout or on main road,None,None,Did not leave carriageway,None,Back,No,Not known,Female,NA,46 - 55,NA,Heavy oil,6,Data missing or out of range,Least deprived 10%,Urban area
20191369H0283,2019,1369H0283,1,Car,No tow/articulation,Going ahead other,North West,South East,On main c'way - not in restricted lane,Mid Junction - on roundabout or on main road,None,None,Straight ahead at junction,Road sign or traffic signal,Front,No,Not known,Not known,Data missing or out of range,Data missing or out of range,NA,Heavy oil,6,Data missing or out of range,Data missing or out of range,Data missing or out of range
20191369H0283,2019,1369H0283,2,Car,No tow/articulation,Turning right,South East,North East,On main c'way - not in restricted lane,Mid Junction - on roundabout or on main road,None,None,Did not leave carriageway,None,Nearside,No,Not known,Female,NA,36 - 45,NA,Heavy oil,9,Data missing or out of range,Less deprived 40-50%,Urban area
20191369H0874,2019,1369H0874,1,Car,No tow/articulation,Going ahead other,North,South East,On main c'way - not in restricted lane,Mid Junction - on roundabout or on main road,None,None,Did not leave carriageway,None,Nearside,No,Not known,Male,NA,36 - 45,NA,Heavy oil,11,Data missing or out of range,Data missing or out of range,Data missing or out of range
20191369H0874,2019,1369H0874,2,Car,No tow/articulation,Moving off,West,East,On main c'way - not in restricted lane,Mid Junction - on roundabout or on main road,None,None,Did not leave carriageway,None,Front,No,Not known,Male,NA,26 - 35,NA,Heavy oil,9,Data missing or out of range,Data missing or out of range,Data missing or out of range
20191369H1108,2019,1369H1108,1,Taxi/Private hire car,No tow/articulation,Going ahead other,East,West,On main c'way - not in restricted lane,Not at or within 20 metres of junction,None,None,Did not leave carriageway,None,Front,No,Journey as part of work,Male,NA,36 - 45,NA,Hybrid electric,10,Data missing or out of range,Most deprived 10%,Urban area
20191369H1652,2019,1369H1652,1,Taxi/Private hire car,No tow/articulation,Turning right,South East,East,On main c'way - not in restricted lane,Mid Junction - on roundabout or on main road,None,None,Did not leave carriageway,None,Front,No,Journey as part of work,Male,NA,21 - 25,NA,Hybrid electric,4,Data missing or out of range,Most deprived 10%,Urban area
20191369H1817,2019,1369H1817,1,Car,No tow/articulation,Reversing,North,South East,On main c'way - not in restricted lane,Not at or within 20 metres of junction,None,None,Did not leave carriageway,None,Back,No,Not known,Male,Data missing or out of range,Data missing or out of range,NA,Petrol,12,Data missing or out of range,Data missing or out of range,Data missing or out of range
20191369H1817,2019,1369H1817,2,Car,No tow/articulation,Waiting to go - held up,South East,North,On main c'way - not in restricted lane,Not at or within 20 metres of junction,None,None,Did not leave carriageway,None,Front,No,Not known,Female,NA,36 - 45,NA,Heavy oil,11,Data missing or out of range,Less deprived 20-30%,Rural
20191369H2103,2019,1369H2103,1,Car,No tow/articulation,Going ahead other,South East,North,On main c'way - not in restricted lane,Approaching junction or waiting/parked at junction approach,None,None,Did not leave carriageway,None,Did not impact,No,Not known,Male,NA,26 - 35,NA,Heavy oil,11,Data missing or out of range,Most deprived 10%,Urban area
20191369H2103,2019,1369H2103,2,Car,No tow/articulation,Waiting to turn right,South East,North,On main c'way - not in restricted lane,Approaching junction or waiting/parked at junction approach,None,None,Did not leave carriageway,None,Did not impact,No,Not known,Female,NA,36 - 45,NA,Heavy oil,9,Data missing or out of range,Data missing or out of range,Data missing or out of range
20191369I0234,2019,1369I0234,1,Car,No tow/articulation,Going ahead other,South East,North East,On main c'way - not in restricted lane,Mid Junction - on roundabout or on main road,None,None,Did not leave carriageway,None,Front,No,Not known,Male,NA,26 - 35,NA,Heavy oil,14,Data missing or out of range,Most deprived 10%,Urban area
20191369I0234,2019,1369I0234,2,Car,No tow/articulation,Going ahead other,North East,South West,On main c'way - not in restricted lane,Mid Junction - on roundabout or on main road,None,None,Did not leave carriageway,None,Front,No,Not known,Female,NA,56 - 65,NA,Petrol,0,Data missing or out of range,More deprived 40-50%,Urban area
20191369I0298,2019,1369I0298,1,Car,No tow/articulation,Turning right,North,West,On main c'way - not in restricted lane,Entering main road,None,None,Did not leave carriageway,None,Offside,No,Not known,Male,NA,26 - 35,NA,Heavy oil,6,Data missing or out of range,More deprived 20-30%,Urban area
20191369I0298,2019,1369I0298,2,Pedal cycle,No tow/articulation,Going ahead other,West,East,On main c'way - not in restricted lane,Approaching junction or waiting/parked at junction approach,None,None,Did not leave carriageway,None,Front,No,Not known,Male,NA,46 - 55,Data missing or out of range,Undefined,-1,Data missing or out of range,Less deprived 40-50%,Small town
20191369I0701,2019,1369I0701,1,Car,No tow/articulation,Turning left,North East,South East,On main c'way - not in restricted lane,Approaching junction or waiting/parked at junction approach,None,None,Did not leave carriageway,None,Nearside,No,Not known,Male,NA,46 - 55,NA,Petrol,5,Data missing or out of range,More deprived 10-20%,Urban area
20191369I1464,2019,1369I1464,1,Car,No tow/articulation,Changing lane to right,North,South East,On main c'way - not in restricted lane,Not at or within 20 metres of junction,None,None,Did not leave carriageway,None,Offside,No,Journey as part of work,Male,NA,66 - 75,NA,Heavy oil,14,Data missing or out of range,More deprived 10-20%,Urban area
20191369I1464,2019,1369I1464,2,Car,No tow/articulation,Going ahead other,North,South East,On main c'way - not in restricted lane,Not at or within 20 metres of junction,None,None,Did not leave carriageway,None,Nearside,No,Not known,Female,NA,21 - 25,NA,Heavy oil,9,Data missing or out of range,More deprived 30-40%,Rural
20191369I1687,2019,1369I1687,1,Car,No tow/articulation,Going ahead other,South East,North West,On main c'way - not in restricted lane,Approaching junction or waiting/parked at junction approach,None,None,Did not leave carriageway,None,Nearside,No,Not known,Female,NA,66 - 75,NA,Hybrid electric,12,Data missing or out of range,More deprived 10-20%,Urban area
20191369J0760,2019,1369J0760,1,Car,No tow/articulation,Parked,Parked,Parked,On main c'way - not in restricted lane,Not at or within 20 metres of junction,None,None,Did not leave carriageway,None,Offside,No,Not known,Male,Data missing or out of range,Data missing or out of range,NA,Heavy oil,9,Data missing or out of range,Data missing or out of range,Data missing or out of range
20191369J0760,2019,1369J0760,2,Pedal cycle,No tow/articulation,Going ahead other,South East,North West,On main c'way - not in restricted lane,Not at or within 20 metres of junction,Overturned,None,Did not leave carriageway,None,Front,No,Not known,Male,NA,36 - 45,Data missing or out of range,Undefined,-1,Data missing or out of range,Most deprived 10%,Urban area
20191369K0314,2019,1369K0314,1,Car,No tow/articulation,Turning right,North,South West,On main c'way - not in restricted lane,Entering main road,None,None,Did not leave carriageway,None,Offside,No,Not known,Male,NA,36 - 45,NA,Heavy oil,12,Data missing or out of range,Most deprived 10%,Urban area
20191369K0314,2019,1369K0314,2,Pedal cycle,No tow/articulation,Going ahead other,South West,East,On main c'way - not in restricted lane,Mid Junction - on roundabout or on main road,Overturned,None,Did not leave carriageway,None,Front,No,Not known,Male,NA,36 - 45,Data missing or out of range,Undefined,-1,Data missing or out of range,Less deprived 30-40%,Urban area
20191369K0364,2019,1369K0364,1,Car,No tow/articulation,Going ahead other,East,West,On main c'way - not in restricted lane,Approaching junction or waiting/parked at junction approach,None,None,Did not leave carriageway,None,Back,No,Commuting to/from work,Male,NA,26 - 35,Data missing or out of range,Electric,0,Data missing or out of range,Less deprived 20-30%,Urban area
20191369K0364,2019,1369K0364,2,Goods 7.5 tonnes mgw and over,Articulated vehicle,Going ahead other,East,West,On main c'way - not in restricted lane,Approaching junction or waiting/parked at junction approach,None,None,Did not leave carriageway,None,Front,Yes,Journey as part of work,Male,Data missing or out of range,Data missing or out of range,Data missing or out of range,Undefined,-1,Data missing or out of range,Data missing or out of range,Data missing or out of range
20191369K1604,2019,1369K1604,1,Car,No tow/articulation,Going ahead other,East,North,On main c'way - not in restricted lane,Not at or within 20 metres of junction,Overturned,Bollard or refuge,Did not leave carriageway,None,Front,No,Not known,Male,NA,26 - 35,NA,Petrol,17,Data missing or out of range,Most deprived 10%,Urban area
20191369K1799,2019,1369K1799,1,Car,No tow/articulation,Turning right,South East,East,On main c'way - not in restricted lane,Leaving main road,None,None,Did not leave carriageway,None,Front,No,Not known,Male,NA,36 - 45,NA,Petrol,13,Data missing or out of range,More deprived 10-20%,Urban area
20191369K1799,2019,1369K1799,2,Pedal cycle,No tow/articulation,Going ahead other,North,South East,On main c'way - not in restricted lane,Mid Junction - on roundabout or on main road,None,None,Did not leave carriageway,None,Offside,No,Not known,Female,NA,46 - 55,Data missing or out of range,Undefined,-1,Data missing or out of range,Most deprived 10%,Urban area
20191369M0515,2019,1369M0515,1,Car,No tow/articulation,Going ahead other,North East,South West,On main c'way - not in restricted lane,Not at or within 20 metres of junction,None,None,Did not leave carriageway,None,Did not impact,No,Not known,Male,Data missing or out of range,Data missing or out of range,Data missing or out of range,Undefined,-1,Data missing or out of range,Data missing or out of range,Data missing or out of range
20191369M0515,2019,1369M0515,2,Car,No tow/articulation,U-turn,North East,South West,On main c'way - not in restricted lane,Not at or within 20 metres of junction,None,None,Did not leave carriageway,None,Did not impact,No,Not known,Male,NA,46 - 55,NA,Hybrid electric,4,Data missing or out of range,More deprived 20-30%,Urban area
20191369M1864,2019,1369M1864,1,Car,No tow/articulation,Going ahead other,South East,North,On main c'way - not in restricted lane,Approaching junction or waiting/parked at junction approach,None,Other object,Did not leave carriageway,Road sign or traffic signal,Front,No,Not known,Female,NA,21 - 25,NA,Heavy oil,8,Data missing or out of range,Most deprived 10%,Urban area
20191369M1864,2019,1369M1864,2,Car,No tow/articulation,Turning right,South East,East,On main c'way - not in restricted lane,Approaching junction or waiting/parked at junction approach,None,None,Did not leave carriageway,None,Back,No,Not known,Female,NA,21 - 25,NA,Petrol,15,Data missing or out of range,Most deprived 10%,Urban area
20191369N0003,2019,1369N0003,1,Car,No tow/articulation,Going ahead other,South East,North,On main c'way - not in restricted lane,Mid Junction - on roundabout or on main road,None,None,Nearside,Near/Offside crash barrier,Front,No,Not known,Male,NA,36 - 45,NA,Petrol,12,Data missing or out of range,Most deprived 10%,Urban area
20191369N0003,2019,1369N0003,2,Car,No tow/articulation,Going ahead other,West,East,On main c'way - not in restricted lane,Mid Junction - on roundabout or on main road,None,None,Did not leave carriageway,None,Offside,No,Journey as part of work,Male,NA,56 - 65,NA,Heavy oil,5,Data missing or out of range,More deprived 20-30%,Urban area
20191369O1206,2019,1369O1206,1,Car,No tow/articulation,Turning right,South East,North East,On main c'way - not in restricted lane,Not at or within 20 metres of junction,None,None,Nearside,Tree,Front,No,Not known,Male,NA,26 - 35,NA,Petrol,2,Data missing or out of range,Less deprived 30-40%,Urban area
20191369O1217,2019,1369O1217,1,Car,No tow/articulation,Going ahead other,North West,South East,On main c'way - not in restricted lane,Not at or within 20 metres of junction,None,None,Did not leave carriageway,None,Offside,No,Not known,Male,Data missing or out of range,Data missing or out of range,NA,Heavy oil,15,Data missing or out of range,Data missing or out of range,Data missing or out of range
20191369O1217,2019,1369O1217,2,Car,No tow/articulation,Going ahead other,North West,South East,On main c'way - not in restricted lane,Not at or within 20 metres of junction,None,None,Did not leave carriageway,None,Nearside,No,Not known,Male,NA,26 - 35,NA,Heavy oil,0,Data missing or out of range,Less deprived 40-50%,Urban area
20191369O1218,2019,1369O1218,1,Car,No tow/articulation,Going ahead other,West,East,On main c'way - not in restricted lane,Mid Junction - on roundabout or on main road,None,None,Did not leave carriageway,None,Front,No,Not known,Male,NA,26 - 35,NA,Hybrid electric,2,Data missing or out of range,Data missing or out of range,Data missing or out of range
20191369O1218,2019,1369O1218,2,Car,No tow/articulation,Turning right,East,North,On main c'way - not in restricted lane,Mid Junction - on roundabout or on main road,None,None,Did not leave carriageway,None,Front,No,Not known,Female,NA,56 - 65,NA,Petrol,10,Data missing or out of range,Data missing or out of range,Data missing or out of range
20191369O1703,2019,1369O1703,1,Car,No tow/articulation,Going ahead right-hand bend,South West,North East,On main c'way - not in restricted lane,Not at or within 20 metres of junction,Overturned,None,Did not leave carriageway,None,Nearside,No,Not known,Male,NA,21 - 25,NA,Petrol,4,Data missing or out of range,More deprived 20-30%,Urban area
20191369P1068,2019,1369P1068,1,Car,No tow/articulation,Waiting to go - held up,South West,North East,On main c'way - not in restricted lane,Entering roundabout,None,None,Did not leave carriageway,None,Front,No,Not known,Male,Data missing or out of range,Data missing or out of range,NA,Heavy oil,14,Data missing or out of range,Data missing or out of range,Data missing or out of range
20191369P1068,2019,1369P1068,2,Car,No tow/articulation,Waiting to go - held up,South West,North East,On main c'way - not in restricted lane,Entering roundabout,None,None,Did not leave carriageway,None,Back,No,Not known,Female,NA,26 - 35,NA,Petrol,14,Data missing or out of range,Most deprived 10%,Urban area
20191369P1068,2019,1369P1068,3,Car,No tow/articulation,Waiting to go - held up,South West,North East,On main c'way - not in restricted lane,Entering roundabout,None,None,Did not leave carriageway,None,Front,No,Not known,Female,NA,36 - 45,NA,Petrol,12,Data missing or out of range,Most deprived 10%,Urban area
20191369P2242,2019,1369P2242,1,Car,No tow/articulation,Going ahead other,North,South East,On main c'way - not in restricted lane,Mid Junction - on roundabout or on main road,None,Kerb,Offside,Lamp post,Front,No,Not known,Male,NA,26 - 35,Data missing or out of range,Undefined,-1,Data missing or out of range,Data missing or out of range,Data missing or out of range
20191369P2242,2019,1369P2242,2,Car,No tow/articulation,Moving off,West,South East,On main c'way - not in restricted lane,Entering main road,None,None,Did not leave carriageway,None,Front,No,Not known,Male,NA,46 - 55,NA,Petrol,5,Data missing or out of range,Data missing or out of range,Data missing or out of range
20191369Q0672,2019,1369Q0672,1,Pedal cycle,No tow/articulation,Overtaking moving vehicle - offside,West,East,On main c'way - not in restricted lane,Leaving roundabout,None,None,Did not leave carriageway,None,Front,No,Not known,Male,NA,26 - 35,Data missing or out of range,Undefined,-1,Data missing or out of range,Data missing or out of range,Data missing or out of range
20191369Q0672,2019,1369Q0672,2,Car,No tow/articulation,Turning right,West,South East,On main c'way - not in restricted lane,Leaving roundabout,None,None,Did not leave carriageway,None,Offside,No,Not known,Female,NA,26 - 35,NA,Heavy oil,8,Data missing or out of range,More deprived 30-40%,Urban area
20191369Q0922,2019,1369Q0922,1,Car,No tow/articulation,Going ahead other,South East,North West,On main c'way - not in restricted lane,Not at or within 20 metres of junction,None,None,Did not leave carriageway,None,Front,No,Not known,Male,NA,26 - 35,NA,Petrol,10,Data missing or out of range,Most deprived 10%,Urban area
20191369Q1079,2019,1369Q1079,1,Car,No tow/articulation,Going ahead other,West,East,On main c'way - not in restricted lane,Mid Junction - on roundabout or on main road,None,None,Did not leave carriageway,None,Front,No,Not known,Female,NA,66 - 75,NA,Petrol,14,Data missing or out of range,Most deprived 10%,Urban area
20191369Q1079,2019,1369Q1079,2,Van / Goods 3.5 tonnes mgw or under,No tow/articulation,Going ahead other,West,East,On main c'way - not in restricted lane,Mid Junction - on roundabout or on main road,None,None,Did not leave carriageway,None,Back,No,Journey as part of work,Male,Data missing or out of range,Data missing or out of range,NA,Heavy oil,3,Data missing or out of range,Data missing or out of range,Data missing or out of range
20191369R0286,2019,1369R0286,1,Car,No tow/articulation,Going ahead other,West,East,On main c'way - not in restricted lane,Mid Junction - on roundabout or on main road,None,None,Did not leave carriageway,None,Front,No,Not known,Female,NA,26 - 35,NA,Petrol,1,Data missing or out of range,Data missing or out of range,Data missing or out of range
20191369R0286,2019,1369R0286,2,Car,No tow/articulation,Going ahead other,East,West,On main c'way - not in restricted lane,Mid Junction - on roundabout or on main road,None,None,Did not leave carriageway,None,Front,No,Not known,Male,NA,36 - 45,NA,Heavy oil,6,Data missing or out of range,Data missing or out of range,Data missing or out of range