accident_index,accident_year,accident_reference,vehicle_reference,vehicle_type,towing_and_articulation,vehicle_manoeuvre,vehicle_direction_from,vehicle_direction_to,vehicle_location_restricted_lane,junction_location,skidding_and_overturning,hit_object_in_carriageway,vehicle_leaving_carriageway,hit_object_off_carriageway,first_point_of_impact,vehicle_left_hand_drive,journey_purpose_of_driver,sex_of_driver,age_of_driver,age_band_of_driver,engine_capacity_cc,propulsion_code,age_of_vehicle,generic_make_model,driver_imd_decile,driver_home_area_type
20191369R0728,2019,1369R0728,1,Car,No tow/articulation,Going ahead other,West,East,On main c'way - not in restricted lane,Approaching junction or waiting/parked at junction approach,None,None,Did not leave carriageway,None,Front,No,Not known,Female,NA,56 - 65,NA,Petrol,10,Data missing or out of range,More deprived 30-40%,Urban area
20191369R0728,2019,1369R0728,2,Goods 7.5 tonnes mgw and over,No tow/articulation,Turning right,East,North,On main c'way - not in restricted lane,Approaching junction or waiting/parked at junction approach,None,None,Did not leave carriageway,None,Nearside,No,Journey as part of work,Not known,Data missing or out of range,Data missing or out of range,Data missing or out of range,Undefined,-1,Data missing or out of range,Data missing or out of range,Data missing or out of range
20191369R1189,2019,1369R1189,1,Taxi/Private hire car,No tow/articulation,Reversing,South East,North,On main c'way - not in restricted lane,Not at or within 20 metres of junction,None,None,Did not leave carriageway,None,Back,No,Not known,Male,NA,36 - 45,NA,Heavy oil,7,Data missing or out of range,Most deprived 10%,Urban area
20191369R1283,2019,1369R1283,1,Car,No tow/articulation,Slowing or stopping,North,South East,On main c'way - not in restricted lane,Approaching junction or waiting/parked at junction approach,None,None,Did not leave carriageway,None,Front,No,Not known,Male,NA,26 - 35,NA,Petrol,12,Data missing or out of range,More deprived 20-30%,Urban area
20191369R1283,2019,1369R1283,2,Car,No tow/articulation,Slowing or stopping,North,South East,On main c'way - not in restricted lane,Approaching junction or waiting/parked at junction approach,None,None,Did not leave carriageway,None,Front,No,Not known,Female,NA,26 - 35,NA,Heavy oil,15,Data missing or out of range,Most deprived 10%,Urban area
20191369S1357,2019,1369S1357,1,Car,No tow/articulation,Reversing,North,South East,On main c'way - not in restricted lane,Leaving main road,None,None,Did not leave carriageway,None,Back,No,Not known,Male,NA,36 - 45,NA,Petrol,4,Data missing or out of range,More deprived 40-50%,Urban area
20191369T0270,2019,1369T0270,1,Car,No tow/articulation,Going ahead other,North East,South West,On main c'way - not in restricted lane,Mid Junction - on roundabout or on main road,None,None,Did not leave carriageway,None,Offside,No,Journey as part of work,Not known,Data missing or out of range,Data missing or out of range,NA,Petrol,13,Data missing or out of range,Data missing or out of range,Data missing or out of range
20191369T0270,2019,1369T0270,2,Car,No tow/articulation,Going ahead other,North East,South West,On main c'way - not in restricted lane,Mid Junction - on roundabout or on main road,None,None,Did not leave carriageway,None,Nearside,No,Not known,Male,NA,36 - 45,NA,Heavy oil,7,Data missing or out of range,Most deprived 10%,Urban area
20191369T1501,2019,1369T1501,1,Car,No tow/articulation,Going ahead other,East,West,On main c'way - not in restricted lane,Not at or within 20 metres of junction,None,None,Did not leave carriageway,None,Nearside,No,Not known,Male,NA,16 - 20,NA,Petrol,13,Data missing or out of range,More deprived 10-20%,Urban area
20191369U1459,2019,1369U1459,1,Motorcycle over 500cc,No tow/articulation,Going ahead other,West,East,On main c'way - not in restricted lane,Approaching junction or waiting/parked at junction approach,None,None,Did not leave carriageway,None,Front,No,Not known,Male,NA,66 - 75,NA,Petrol,2,Data missing or out of range,More deprived 20-30%,Urban area
20191369U1459,2019,1369U1459,2,Car,No tow/articulation,Waiting to turn right,South East,North,On main c'way - not in restricted lane,Entering main road,None,None,Did not leave carriageway,None,Offside,No,Not known,Male,NA,36 - 45,NA,Hybrid electric,6,Data missing or out of range,More deprived 30-40%,Urban area
2019136A10513,2019,136A10513,1,Car,No tow/articulation,Going ahead other,South East,North,On main c'way - not in restricted lane,Not at or within 20 metres of junction,None,None,Did not leave carriageway,None,Front,No,Not known,Male,NA,46 - 55,NA,Heavy oil,1,Data missing or out of range,Less deprived 30-40%,Rural
2019136A10513,2019,136A10513,2,Agricultural vehicle,Single trailer,Going ahead other,South East,North,On main c'way - not in restricted lane,Not at or within 20 metres of junction,None,None,Did not leave carriageway,None,Back,No,Journey as part of work,Male,NA,66 - 75,Data missing or out of range,Heavy oil,17,Data missing or out of range,More deprived 40-50%,Rural
2019136A10759,2019,136A10759,1,Car,No tow/articulation,Going ahead right-hand bend,South West,East,On main c'way - not in restricted lane,Not at or within 20 metres of junction,None,None,Did not leave carriageway,None,Front,No,Not known,Female,NA,36 - 45,NA,Petrol,17,Data missing or out of range,More deprived 40-50%,Small town
2019136A10759,2019,136A10759,2,Car,No tow/articulation,Going ahead left-hand bend,North East,South East,On main c'way - not in restricted lane,Not at or within 20 metres of junction,None,None,Did not leave carriageway,None,Front,No,Not known,Male,NA,36 - 45,Data missing or out of range,Undefined,-1,Data missing or out of range,Less deprived 20-30%,Small town
2019136A11266,2019,136A11266,1,Car,No tow/articulation,Going ahead left-hand bend,South East,North,On main c'way - not in restricted lane,Not at or within 20 metres of junction,Skidded,None,Did not leave carriageway,None,Front,No,Commuting to/from work,Male,NA,16 - 20,NA,Petrol,10,Data missing or out of range,Less deprived 20-30%,Urban area
2019136A11266,2019,136A11266,2,Car,No tow/articulation,Going ahead right-hand bend,North,South East,On main c'way - not in restricted lane,Not at or within 20 metres of junction,Skidded,None,Did not leave carriageway,None,Front,No,Not known,Male,NA,26 - 35,NA,Petrol,4,Data missing or out of range,More deprived 40-50%,Urban area
2019136A11421,2019,136A11421,1,Car,No tow/articulation,Turning left,North East,South West,On main c'way - not in restricted lane,Leaving main road,None,None,Did not leave carriageway,None,Front,No,Journey as part of work,Male,NA,26 - 35,NA,Heavy oil,15,Data missing or out of range,Most deprived 10%,Urban area
2019136A11421,2019,136A11421,2,Car,No tow/articulation,Turning left,North East,South West,On main c'way - not in restricted lane,Leaving main road,None,None,Did not leave carriageway,None,Back,No,Commuting to/from work,Female,NA,26 - 35,NA,Heavy oil,5,Data missing or out of range,Most deprived 10%,Urban area
2019136A21158,2019,136A21158,1,Car,No tow/articulation,Going ahead right-hand bend,South East,North,On main c'way - not in restricted lane,Not at or within 20 metres of junction,None,None,Did not leave carriageway,None,Front,No,Not known,Not known,Data missing or out of range,Data missing or out of range,Data missing or out of range,Undefined,-1,Data missing or out of range,Data missing or out of range,Data missing or out of range
2019136A21158,2019,136A21158,2,Car,No tow/articulation,Going ahead other,North,West,On main c'way - not in restricted lane,Not at or within 20 metres of junction,None,None,Did not leave carriageway,None,Front,No,Not known,Male,NA,36 - 45,NA,Hybrid electric,13,Data missing or out of range,Data missing or out of range,Data missing or out of range
2019136A21917,2019,136A21917,1,Van / Goods 3.5 tonnes mgw or under,No tow/articulation,Overtaking moving vehicle - offside,East,South West,On main c'way - not in restricted lane,Approaching junction or waiting/parked at junction approach,None,None,Did not leave carriageway,None,Front,No,Not known,Male,NA,26 - 35,NA,Heavy oil,9,Data missing or out of range,Data missing or out of range,Data missing or out of range
2019136A21917,2019,136A21917,2,Car,No tow/articulation,Waiting to turn right,East,North,On main c'way - not in restricted lane,Approaching junction or waiting/parked at junction approach,None,None,Did not leave carriageway,None,Offside,No,Not known,Female,NA,36 - 45,NA,Heavy oil,9,Data missing or out of range,More deprived 30-40%,Urban area
2019136A30442,2019,136A30442,1,Car,No tow/articulation,Going ahead other,West,East,On main c'way - not in restricted lane,Not at or within 20 metres of junction,Overturned,Parked vehicle,Did not leave carriageway,None,Front,No,Not known,Male,NA,Over 75,NA,Petrol,16,Data missing or out of range,Less deprived 30-40%,Urban area
2019136A30442,2019,136A30442,2,Car,No tow/articulation,Parked,Parked,Parked,On main c'way - not in restricted lane,Not at or within 20 metres of junction,None,Parked vehicle,Did not leave carriageway,None,Front,No,Not known,Not known,Data missing or out of range,Data missing or out of range,NA,Petrol,13,Data missing or out of range,Data missing or out of range,Data missing or out of range
2019136A30442,2019,136A30442,3,Car,No tow/articulation,Parked,Parked,Parked,On main c'way - not in restricted lane,Not at or within 20 metres of junction,None,None,Did not leave carriageway,None,Back,No,Not known,Not known,Data missing or out of range,Data missing or out of range,NA,Petrol,8,Data missing or out of range,Data missing or out of range,Data missing or out of range
2019136A31275,2019,136A31275,1,Car,No tow/articulation,Going ahead other,South East,North West,On main c'way - not in restricted lane,Not at or within 20 metres of junction,None,Parked vehicle,Offside,Road sign or traffic signal,Offside,No,Not known,Male,NA,46 - 55,NA,Petrol,14,Data missing or out of range,More deprived 30-40%,Urban area
2019136A31275,2019,136A31275,2,Car,No tow/articulation,Parked,Parked,Parked,On main c'way - not in restricted lane,Not at or within 20 metres of junction,None,None,Did not leave carriageway,None,Nearside,No,Not known,Male,NA,36 - 45,NA,Petrol,1,Data missing or out of range,Most deprived 10%,Urban area
2019136A41962,2019,136A41962,1,Car,No tow/articulation,Going ahead other,North East,South West,On main c'way - not in restricted lane,Not at or within 20 metres of junction,None,None,Did not leave carriageway,None,Front,No,Not known,Male,NA,36 - 45,NA,Heavy oil,4,Data missing or out of range,Most deprived 10%,Urban area
2019136A61257,2019,136A61257,1,Car,No tow/articulation,Going ahead other,South East,North,On main c'way - not in restricted lane,Mid Junction - on roundabout or on main road,None,None,Did not leave carriageway,None,Front,No,Not known,Male,NA,46 - 55,NA,Heavy oil,9,Data missing or out of range,Most deprived 10%,Urban area
2019136A61257,2019,136A61257,2,Taxi/Private hire car,No tow/articulation,Going ahead other,East,West,On main c'way - not in restricted lane,Mid Junction - on roundabout or on main road,None,None,Did not leave carriageway,None,Offside,No,Journey as part of work,Male,NA,46 - 55,NA,Heavy oil,8,Data missing or out of range,More deprived 10-20%,Urban area
2019136A71671,2019,136A71671,1,Car,No tow/articulation,Overtaking moving vehicle - offside,East,South West,On main c'way - not in restricted lane,Not at or within 20 metres of junction,None,None,Did not leave carriageway,None,Front,No,Not known,Not known,Data missing or out of range,Data missing or out of range,Data missing or out of range,Undefined,-1,Data missing or out of range,Data missing or out of range,Data missing or out of range
2019136A81222,2019,136A81222,1,Car,No tow/articulation,Going ahead other,South East,North West,On main c'way - not in restricted lane,Not at or within 20 metres of junction,None,None,Did not leave carriageway,None,Front,No,Not known,Female,NA,66 - 75,NA,Heavy oil,2,Data missing or out of range,More deprived 30-40%,Urban area
2019136A90259,2019,136A90259,1,Pedal cycle,No tow/articulation,Going ahead other,South West,North East,On main c'way - not in restricted lane,Approaching junction or waiting/parked at junction approach,None,None,Did not leave carriageway,None,Nearside,No,Commuting to/from work,Male,NA,36 - 45,Data missing or out of range,Undefined,-1,Data missing or out of range,Data missing or out of range,Data missing or out of range
2019136A90259,2019,136A90259,2,Car,No tow/articulation,Turning right,South West,North East,On main c'way - not in restricted lane,Approaching junction or waiting/parked at junction approach,None,None,Did not leave carriageway,None,Front,No,Not known,Female,NA,46 - 55,NA,Heavy oil,10,Data missing or out of range,Most deprived 10%,Urban area
2019136A90312,2019,136A90312,1,Car,No tow/articulation,Slowing or stopping,North,South East,On main c'way - not in restricted lane,Not at or within 20 metres of junction,None,None,Did not leave carriageway,None,Back,No,Commuting to/from work,Male,NA,46 - 55,NA,Hybrid electric,10,Data missing or out of range,Most deprived 10%,Urban area
2019136A90312,2019,136A90312,2,Car,No tow/articulation,Going ahead other,North,South East,On main c'way - not in restricted lane,Not at or within 20 metres of junction,None,None,Did not leave carriageway,None,Front,No,Commuting to/from work,Male,NA,26 - 35,NA,Heavy oil,11,Data missing or out of range,Most deprived 10%,Urban area
2019136A90962,2019,136A90962,1,Car,No tow/articulation,Waiting to go - held up,East,West,On main c'way - not in restricted lane,Approaching junction or waiting/parked at junction approach,None,None,Did not leave carriageway,None,Front,No,Not known,Female,NA,21 - 25,NA,Petrol,2,Data missing or out of range,Less deprived 20-30%,Urban area
2019136A90962,2019,136A90962,2,Car,No tow/articulation,Waiting to go - held up,East,West,On main c'way - not in restricted lane,Approaching junction or waiting/parked at junction approach,None,None,Did not leave carriageway,None,Back,No,Not known,Female,NA,46 - 55,NA,Petrol,7,Data missing or out of range,Less deprived 20-30%,Urban area
2019136A90962,2019,136A90962,3,Car,No tow/articulation,Going ahead other,East,West,On main c'way - not in restricted lane,Approaching junction or waiting/parked at junction approach,None,None,Did not leave carriageway,None,Back,No,Not known,Male,NA,36 - 45,NA,Petrol,8,Data missing or out of range,Most deprived 10%,Urban area
2019136A91063,2019,136A91063,1,Car,No tow/articulation,Going ahead other,South East,North West,On main c'way - not in restricted lane,Not at or within 20 metres of junction,None,None,Did not leave carriageway,None,Front,No,Not known,Female,NA,46 - 55,NA,Heavy oil,4,Data missing or out of range,Most deprived 10%,Urban area
2019136A91063,2019,136A91063,2,Van / Goods 3.5 tonnes mgw or under,No tow/articulation,Going ahead other,North West,South East,On main c'way - not in restricted lane,Not at or within 20 metres of junction,None,None,Did not leave carriageway,None,Nearside,No,Not known,Male,NA,56 - 65,NA,Heavy oil,15,Data missing or out of range,More deprived 20-30%,Urban area
2019136A91063,2019,136A91063,3,Car,No tow/articulation,Parked,Parked,Parked,On main c'way - not in restricted lane,Not at or within 20 metres of junction,None,None,Did not leave carriageway,None,Back,No,Not known,Not known,Data missing or out of range,Data missing or out of range,NA,Petrol,9,Data missing or out of range,Data missing or out of range,Data missing or out of range
2019136A91295,2019,136A91295,1,Taxi/Private hire car,No tow/articulation,Going ahead other,East,West,On main c'way - not in restricted lane,Not at or within 20 metres of junction,None,None,Did not leave carriageway,None,Nearside,No,Journey as part of work,Male,NA,26 - 35,NA,Petrol,7,Data missing or out of range,Most deprived 10%,Urban area
2019136A91322,2019,136A91322,1,Car,No tow/articulation,Going ahead other,North West,South East,On main c'way - not in restricted lane,Not at or within 20 metres of junction,None,None,Did not leave carriageway,None,Front,No,Not known,Male,NA,36 - 45,NA,Heavy oil,8,Data missing or out of range,Most deprived 10%,Urban area
2019136A91322,2019,136A91322,2,Van / Goods 3.5 tonnes mgw or under,No tow/articulation,Going ahead other,North West,South East,On main c'way - not in restricted lane,Not at or within 20 metres of junction,None,Any animal (except ridden horse),Did not leave carriageway,None,Front,No,Not known,Male,NA,56 - 65,NA,Heavy oil,4,Data missing or out of range,Less deprived 40-50%,Urban area
2019136A91523,2019,136A91523,1,Car,No tow/articulation,Going ahead other,East,West,On main c'way - not in restricted lane,Approaching junction or waiting/parked at junction approach,None,None,Did not leave carriageway,None,Front,No,Not known,Female,NA,36 - 45,NA,Petrol,1,Data missing or out of range,More deprived 30-40%,Small town
2019136A91523,2019,136A91523,2,Car,No tow/articulation,Turning right,North,West,On main c'way - not in restricted lane,Approaching junction or waiting/parked at junction approach,None,None,Did not leave carriageway,None,Offside,No,Not known,Male,NA,66 - 75,NA,Petrol,12,Data missing or out of range,More deprived 40-50%,Rural
2019136A91714,2019,136A91714,1,Car,No tow/articulation,Going ahead other,South East,North,On main c'way - not in restricted lane,Not at or within 20 metres of junction,Skidded,None,Offside - crossed central reservation,Central crash barrier,Front,No,Commuting to/from work,Male,NA,26 - 35,NA,Petrol,12,Data missing or out of range,More deprived 20-30%,Urban area
2019136AA1793,2019,136AA1793,1,Car,No tow/articulation,Turning right,North West,South East,On main c'way - not in restricted lane,Mid Junction - on roundabout or on main road,None,None,Did not leave carriageway,None,Front,No,Not known,Male,NA,26 - 35,NA,Heavy oil,6,Data missing or out of range,Less deprived 10-20%,Small town
2019136AB0622,2019,136AB0622,1,Car,No tow/articulation,Going ahead other,North West,South East,On main c'way - not in restricted lane,Mid Junction - on roundabout or on main road,None,Parked vehicle,Did not leave carriageway,None,Front,No,Not known,Male,NA,16 - 20,NA,Petrol,3,Data missing or out of range,Most deprived 10%,Urban area
2019136AB0622,2019,136AB0622,2,Car,No tow/articulation,Turning right,South West,South East,On main c'way - not in restricted lane,Mid Junction - on roundabout or on main road,None,None,Did not leave carriageway,None,Back,No,Not known,Male,NA,46 - 55,NA,Heavy oil,5,Data missing or out of range,Most deprived 10%,Urban area
2019136AB0622,2019,136AB0622,3,Car,No tow/articulation,Parked,Parked,Parked,On main c'way - not in restricted lane,Cleared junction or waiting/parked at junction exit,None,None,Did not leave carriageway,None,Back,No,Not known,Not known,Data missing or out of range,Data missing or out of range,NA,Heavy oil,1,Data missing or out of range,Data missing or out of range,Data missing or out of range
2019136AB1026,2019,136AB1026,1,Car,No tow/articulation,Going ahead other,West,East,On main c'way - not in restricted lane,Mid Junction - on roundabout or on main road,None,None,Did not leave carriageway,None,Front,No,Not known,Male,NA,21 - 25,NA,Heavy oil,4,Data missing or out of range,Most deprived 10%,Urban area
2019136AB1026,2019,136AB1026,2,Car,No tow/articulation,Going ahead other,East,West,On main c'way - not in restricted lane,Mid Junction - on roundabout or on main road,None,None,Did not leave carriageway,None,Front,No,Not known,Male,NA,21 - 25,NA,Heavy oil,12,Data missing or out of range,Most deprived 10%,Urban area
2019136AB1026,2019,136AB1026,3,Van / Goods 3.5 tonnes mgw or under,No tow/articulation,Waiting to go - held up,South East,West,On main c'way - not in restricted lane,Approaching junction or waiting/parked at junction approach,None,None,Did not leave carriageway,None,Front,No,Journey as part of work,Male,NA,36 - 45,NA,Heavy oil,7,Data missing or out of range,More deprived 20-30%,Urban area
2019136AB1115,2019,136AB1115,1,Car,No tow/articulation,Going ahead other,South East,North,On main c'way - not in restricted lane,Not at or within 20 metres of junction,None,None,Did not leave carriageway,None,Offside,No,Commuting to/from work,Male,NA,21 - 25,NA,Heavy oil,8,Data missing or out of range,More deprived 40-50%,Urban area
2019136AB1788,2019,136AB1788,1,Car,No tow/articulation,Going ahead other,East,West,On main c'way - not in restricted lane,Mid Junction - on roundabout or on main road,None,None,Did not leave carriageway,None,Front,No,Not known,Male,NA,26 - 35,NA,Heavy oil,5,Data missing or out of range,More deprived 20-30%,Urban area
2019136AB1788,2019,136AB1788,2,Car,No tow/articulation,Going ahead other,North,South East,On main c'way - not in restricted lane,Entering main road,None,None,Did not leave carriageway,None,Nearside,No,Not known,Male,NA,26 - 35,NA,Heavy oil,9,Data missing or out of range,More deprived 10-20%,Urban area
2019136AC0238,2019,136AC0238,1,Car,No tow/articulation,Turning right,East,North,On main c'way - not in restricted lane,Approaching junction or waiting/parked at junction approach,None,None,Did not leave carriageway,None,Nearside,No,Commuting to/from work,Male,NA,46 - 55,NA,Heavy oil,7,Data missing or out of range,Most deprived 10%,Urban area
2019136AC0238,2019,136AC0238,2,Pedal cycle,No tow/articulation,Going ahead other,South East,North,On main c'way - not in restricted lane,Approaching junction or waiting/parked at junction approach,None,None,Did not leave carriageway,None,Front,No,Commuting to/from work,Male,NA,16 - 20,Data missing or out of range,Undefined,-1,Data missing or out of range,Most deprived 10%,Urban area
2019136AC0346,2019,136AC0346,1,Car,No tow/articulation,Turning right,West,East,On main c'way - not in restricted lane,Leaving roundabout,None,None,Straight ahead at junction,Wall or fence,Front,No,Not known,Male,NA,26 - 35,NA,Heavy oil,14,Data missing or out of range,More deprived 30-40%,Urban area
2019136AC1505,2019,136AC1505,1,Car,No tow/articulation,Going ahead other,North East,South West,On main c'way - not in restricted lane,Not at or within 20 metres of junction,None,None,Did not leave carriageway,None,Nearside,No,Not known,Not known,Data missing or out of range,Data missing or out of range,Data missing or out of range,Undefined,-1,Data missing or out of range,Data missing or out of range,Data missing or out of range
2019136AC1505,2019,136AC1505,2,Car,No tow/articulation,Parked,Parked,Parked,On main c'way - not in restricted lane,Not at or within 20 metres of junction,None,None,Did not leave carriageway,None,Offside,No,Not known,Male,NA,46 - 55,NA,Heavy oil,12,Data missing or out of range,Less deprived 40-50%,Urban area
2019136AD0978,2019,136AD0978,1,Car,No tow/articulation,Going ahead other,South East,North,On main c'way - not in restricted lane,Mid Junction - on roundabout or on main road,None,None,Did not leave carriageway,None,Nearside,No,Not known,Female,NA,36 - 45,NA,Petrol,5,Data missing or out of range,Most deprived 10%,Urban area
2019136AD0978,2019,136AD0978,2,Car,No tow/articulation,Going ahead other,West,East,On main c'way - not in restricted lane,Mid Junction - on roundabout or on main road,None,None,Did not leave carriageway,None,Front,No,Not known,Male,Data missing or out of range,Data missing or out of range,NA,Heavy oil,8,Data missing or out of range,More deprived 40-50%,Urban area
2019136AD1607,2019,136AD1607,1,Car,No tow/articulation,Going ahead other,South East,North,On main c'way - not in restricted lane,Not at or within 20 metres of junction,None,None,Did not leave carriageway,None,Front,No,Not known,Male,NA,26 - 35,NA,Petrol,1,Data missing or out of range,Most deprived 10%,Urban area
2019136AD1607,2019,136AD1607,2,Car,No tow/articulation,Parked,Parked,Parked,On main c'way - not in restricted lane,Not at or within 20 metres of junction,None,None,Did not leave carriageway,None,Front,No,Not known,Not known,Data missing or out of range,Data missing or out of range,NA,Petrol,3,Data missing or out of range,Data missing or out of range,Data missing or out of range
2019136AD1607,2019,136AD1607,3,Car,No tow/articulation,Going ahead other,North,South East,On main c'way - not in restricted lane,Not at or within 20 metres of junction,None,None,Did not leave carriageway,None,Front,No,Not known,Male,NA,36 - 45,NA,Petrol,17,Data missing or out of range,More deprived 30-40%,Urban area
2019136AD1905,2019,136AD1905,1,Car,No tow/articulation,Going ahead right-hand bend,South East,North,On main c'way - not in restricted lane,Not at or within 20 metres of junction,Skidded,Parked vehicle,Offside,Bus stop or bus shelter,Front,No,Not known,Male,NA,26 - 35,NA,Heavy oil,7,Data missing or out of range,Most deprived 10%,Urban area
2019136AD1905,2019,136AD1905,2,Car,No tow/articulation,Parked,Parked,Parked,On main c'way - not in restricted lane,Not at or within 20 metres of junction,None,None,Did not leave carriageway,None,Back,No,Not known,Female,Data missing or out of range,Data missing or out of range,NA,Heavy oil,8,Data missing or out of range,Data missing or out of range,Data missing or out of range
2019136AE0724,2019,136AE0724,1,Car,No tow/articulation,Going ahead other,South East,North,On main c'way - not in restricted lane,Mid Junction - on roundabout or on main road,None,None,Did not leave carriageway,None,Front,No,Not known,Male,NA,26 - 35,NA,Hybrid electric,15,Data missing or out of range,Most deprived 10%,Urban area
2019136AE0724,2019,136AE0724,2,Car,No tow/articulation,Turning right,West,South East,On main c'way - not in restricted lane,Mid Junction - on roundabout or on main road,None,None,Did not leave carriageway,None,Offside,No,Not known,Male,NA,21 - 25,NA,Petrol,3,Data missing or out of range,More deprived 40-50%,Urban area
2019136AE0984,2019,136AE0984,1,Car,No tow/articulation,Overtaking static vehicle - offside,West,East,On main c'way - not in restricted lane,Approaching junction or waiting/parked at junction approach,None,None,Did not leave carriageway,None,Front,No,Not known,Male,NA,36 - 45,NA,Heavy oil,3,Data missing or out of range,More deprived 20-30%,Urban area
2019136AE0984,2019,136AE0984,2,Car,No tow/articulation,U-turn,West,South East,On main c'way - not in restricted lane,Approaching junction or waiting/parked at junction approach,None,None,Did not leave carriageway,None,Offside,No,Not known,Male,NA,36 - 45,NA,Petrol,12,Data missing or out of range,More deprived 20-30%,Urban area
2019136AG0149,2019,136AG0149,1,Car,No tow/articulation,Turning left,North,South East,On main c'way - not in restricted lane,Approaching junction or waiting/parked at junction approach,Overturned,None,Nearside and rebounded,Road sign or traffic signal,Front,No,Not known,Male,NA,36 - 45,NA,Heavy oil,2,Data missing or out of range,Most deprived 10%,Urban area
2019136AG0381,2019,136AG0381,1,Car,No tow/articulation,Going ahead other,North,South East,On main c'way - not in restricted lane,Mid Junction - on roundabout or on main road,None,None,Did not leave carriageway,None,Front,No,Not known,Female,NA,26 - 35,NA,Petrol,11,Data missing or out of range,Data missing or out of range,Data missing or out of range
2019136AG0416,2019,136AG0416,1,Car,No tow/articulation,Going ahead other,West,East,On main c'way - not in restricted lane,Entering main road,None,None,Did not leave carriageway,None,Front,No,Not known,Male,NA,26 - 35,NA,Heavy oil,12,Data missing or out of range,Data missing or out of range,Data missing or out of range
2019136AG0416,2019,136AG0416,2,Car,No tow/articulation,Going ahead other,East,West,On main c'way - not in restricted lane,Mid Junction - on roundabout or on main road,None,None,Did not leave carriageway,None,Offside,No,Not known,Female,NA,26 - 35,NA,Heavy oil,7,Data missing or out of range,Data missing or out of range,Data missing or out of range
2019136AG1036,2019,136AG1036,1,Car,No tow/articulation,Turning right,North West,South West,On main c'way - not in restricted lane,Leaving main road,None,None,Did not leave carriageway,None,Nearside,No,Not known,Not known,Data missing or out of range,Data missing or out of range,Data missing or out of range,Undefined,-1,Data missing or out of range,Data missing or out of range,Data missing or out of range
2019136AG1547,2019,136AG1547,1,Car,No tow/articulation,Going ahead other,South East,North,On main c'way - not in restricted lane,Approaching junction or waiting/parked at junction approach,None,None,Did not leave carriageway,None,Front,No,Commuting to/from work,Male,NA,36 - 45,NA,Petrol,2,Data missing or out of range,Most deprived 10%,Urban area
2019136AG1547,2019,136AG1547,2,Taxi/Private hire car,No tow/articulation,Turning right,North,West,On main c'way - not in restricted lane,Leaving main road,None,None,Did not leave carriageway,None,Front,No,Journey as part of work,Male,NA,46 - 55,NA,Gas/Bi-fuel,8,Data missing or out of range,More deprived 30-40%,Urban area
2019136AH0338,2019,136AH0338,1,Car,No tow/articulation,Turning right,North,West,On main c'way - not in restricted lane,Mid Junction - on roundabout or on main road,None,None,Did not leave carriageway,None,Nearside,No,Not known,Male,NA,Over 75,Data missing or out of range,Undefined,-1,Data missing or out of range,Most deprived 10%,Urban area
2019136AH0338,2019,136AH0338,2,Pedal cycle,No tow/articulation,Going ahead other,South East,North,On main c'way - not in restricted lane,Mid Junction - on roundabout or on main road,None,None,Did not leave carriageway,None,Front,No,Commuting to/from work,Male,NA,36 - 45,Data missing or out of range,Undefined,-1,Data missing or out of range,More deprived 20-30%,Urban area
2019136AH0697,2019,136AH0697,1,Pedal cycle,No tow/articulation,Going ahead other,West,East,On main c'way - not in restricted lane,Not at or within 20 metres of junction,None,Parked vehicle,Did not leave carriageway,None,Front,No,Not known,Male,NA,16 - 20,Data missing or out of range,Undefined,-1,Data missing or out of range,More deprived 20-30%,Urban area
2019136AH0697,2019,136AH0697,2,Car,No tow/articulation,Parked,Parked,Parked,On main c'way - not in restricted lane,Not at or within 20 metres of junction,None,None,Did not leave carriageway,None,Back,No,Not known,Male,NA,26 - 35,NA,Heavy oil,3,Data missing or out of range,Data missing or out of range,Data missing or out of range
2019136AI0197,2019,136AI0197,1,Car,No tow/articulation,Going ahead other,North West,South East,On main c'way - not in restricted lane,Mid Junction - on roundabout or on main road,None,None,Did not leave carriageway,None,Front,No,Commuting to/from work,Male,NA,36 - 45,NA,Heavy oil,12,Data missing or out of range,More deprived 10-20%,Urban area
2019136AI0197,2019,136AI0197,2,Pedal cycle,No tow/articulation,Going ahead other,West,North East,On main c'way - not in restricted lane,Mid Junction - on roundabout or on main road,None,None,Did not leave carriageway,None,Nearside,No,Commuting to/from work,Male,NA,16 - 20,Data missing or out of range,Undefined,-1,Data missing or out of range,Most deprived 10%,Urban area
2019136AI0293,2019,136AI0293,1,Car,No tow/articulation,Going ahead other,North East,South West,On main c'way - not in restricted lane,Not at or within 20 metres of junction,None,None,Did not leave carriageway,None,Nearside,No,Commuting to/from work,Female,NA,26 - 35,NA,Petrol,16,Data missing or out of range,Most deprived 10%,Urban area
2019136AI0877,2019,136AI0877,1,Car,No tow/articulation,Going ahead other,South East,North,On main c'way - not in restricted lane,Not at or within 20 metres of junction,None,None,Did not leave carriageway,None,Front,No,Not known,Male,NA,Over 75,NA,Petrol,11,Data missing or out of range,More deprived 40-50%,Urban area