accident_index,accident_year,accident_reference,vehicle_reference,vehicle_type,towing_and_articulation,vehicle_manoeuvre,vehicle_direction_from,vehicle_direction_to,vehicle_location_restricted_lane,junction_location,skidding_and_overturning,hit_object_in_carriageway,vehicle_leaving_carriageway,hit_object_off_carriageway,first_point_of_impact,vehicle_left_hand_drive,journey_purpose_of_driver,sex_of_driver,age_of_driver,age_band_of_driver,engine_capacity_cc,propulsion_code,age_of_vehicle,generic_make_model,driver_imd_decile,driver_home_area_type
2019136AI1181,2019,136AI1181,1,Pedal cycle,No tow/articulation,Overtaking - nearside,South East,North West,On main c'way - not in restricted lane,Not at or within 20 metres of junction,None,None,Did not leave carriageway,None,Offside,No,Not known,Male,NA,36 - 45,Data missing or out of range,Undefined,-1,Data missing or out of range,More deprived 40-50%,Urban area
2019136AI1181,2019,136AI1181,2,Car,No tow/articulation,Waiting to go - held up,South East,North West,On main c'way - not in restricted lane,Not at or within 20 metres of junction,None,None,Did not leave carriageway,None,Nearside,No,Not known,Male,NA,56 - 65,NA,Petrol,12,Data missing or out of range,More deprived 10-20%,Urban area
2019136AI1181,2019,136AI1181,3,Car,No tow/articulation,Waiting to go - held up,South East,North West,On main c'way - not in restricted lane,Not at or within 20 metres of junction,None,None,Did not leave carriageway,None,Nearside,No,Not known,Male,NA,46 - 55,NA,Heavy oil,8,Data missing or out of range,More deprived 10-20%,Urban area
2019136AI1240,2019,136AI1240,1,Car,No tow/articulation,Turning left,South East,North West,On main c'way - not in restricted lane,Approaching junction or waiting/parked at junction approach,None,None,Nearside,None,Front,No,Not known,Male,NA,36 - 45,NA,Heavy oil,3,Data missing or out of range,More deprived 10-20%,Rural
2019136AI1240,2019,136AI1240,2,Car,No tow/articulation,Turning left,South East,South West,On main c'way - not in restricted lane,Approaching junction or waiting/parked at junction approach,None,None,Did not leave carriageway,Wall or fence,Back,No,Not known,Male,NA,21 - 25,NA,Petrol,4,Data missing or out of range,Less deprived 40-50%,Urban area
2019136AI1922,2019,136AI1922,1,Car,No tow/articulation,Reversing,West,East,On main c'way - not in restricted lane,Approaching junction or waiting/parked at junction approach,None,None,Did not leave carriageway,None,Offside,No,Not known,Female,NA,21 - 25,NA,Heavy oil,8,Data missing or out of range,Data missing or out of range,Data missing or out of range
2019136AK0781,2019,136AK0781,1,Pedal cycle,No tow/articulation,Going ahead other,West,East,On main c'way - not in restricted lane,Not at or within 20 metres of junction,None,None,Did not leave carriageway,None,Front,No,Not known,Male,NA,16 - 20,Data missing or out of range,Undefined,-1,Data missing or out of range,More deprived 10-20%,Urban area
2019136AK1897,2019,136AK1897,1,Car,No tow/articulation,Moving off,South West,North East,On main c'way - not in restricted lane,Approaching junction or waiting/parked at junction approach,Skidded,None,Did not leave carriageway,None,Back,No,Not known,Male,NA,21 - 25,NA,Heavy oil,11,Data missing or out of range,Most deprived 10%,Urban area
2019136AK1897,2019,136AK1897,2,Car,No tow/articulation,Waiting to go - held up,South West,North East,On main c'way - not in restricted lane,Approaching junction or waiting/parked at junction approach,None,None,Did not leave carriageway,None,Front,No,Not known,Female,NA,66 - 75,NA,Petrol,13,Data missing or out of range,Most deprived 10%,Urban area
2019136AK1897,2019,136AK1897,3,Car,No tow/articulation,Moving off,South West,North East,On main c'way - not in restricted lane,Cleared junction or waiting/parked at junction exit,None,None,Did not leave carriageway,None,Back,No,Not known,Male,NA,21 - 25,NA,Heavy oil,3,Data missing or out of range,Most deprived 10%,Urban area
2019136AK1897,2019,136AK1897,4,Car,No tow/articulation,Parked,Parked,Parked,On main c'way - not in restricted lane,Cleared junction or waiting/parked at junction exit,None,None,Did not leave carriageway,None,Front,No,Not known,Female,NA,26 - 35,NA,Heavy oil,3,Data missing or out of range,Less deprived 30-40%,Urban area
2019136AK1899,2019,136AK1899,1,Car,No tow/articulation,Going ahead other,South West,North East,On main c'way - not in restricted lane,Not at or within 20 metres of junction,None,Parked vehicle,Offside,Wall or fence,Front,No,Not known,Male,NA,21 - 25,NA,Petrol,5,Data missing or out of range,More deprived 10-20%,Urban area
2019136AK1899,2019,136AK1899,2,Car,No tow/articulation,Parked,Parked,Parked,On main c'way - not in restricted lane,Not at or within 20 metres of junction,None,None,Nearside,Lamp post,Back,No,Not known,Male,NA,46 - 55,NA,Petrol,4,Data missing or out of range,Data missing or out of range,Data missing or out of range
2019136AK1899,2019,136AK1899,3,Car,No tow/articulation,Going ahead other,South West,North East,On main c'way - not in restricted lane,Not at or within 20 metres of junction,None,None,Did not leave carriageway,None,Did not impact,No,Journey as part of work,Male,NA,46 - 55,NA,Heavy oil,3,Data missing or out of range,Most deprived 10%,Urban area
2019136AL1098,2019,136AL1098,1,Car,No tow/articulation,Going ahead other,South East,North,On main c'way - not in restricted lane,Not at or within 20 metres of junction,None,None,Did not leave carriageway,None,Nearside,No,Not known,Female,NA,66 - 75,NA,Petrol,6,Data missing or out of range,More deprived 40-50%,Urban area
2019136AL1137,2019,136AL1137,1,Car,No tow/articulation,Going ahead other,South East,North,On main c'way - not in restricted lane,Mid Junction - on roundabout or on main road,None,None,Did not leave carriageway,None,Front,No,Not known,Female,NA,46 - 55,NA,Petrol,6,Data missing or out of range,Most deprived 10%,Urban area
2019136AL1137,2019,136AL1137,2,Car,No tow/articulation,Parked,South East,North,On main c'way - not in restricted lane,Mid Junction - on roundabout or on main road,None,None,Did not leave carriageway,None,Back,No,Not known,Female,NA,21 - 25,NA,Heavy oil,9,Data missing or out of range,Less deprived 20-30%,Small town
2019136AL1945,2019,136AL1945,1,Car,No tow/articulation,Turning right,West,South East,On main c'way - not in restricted lane,Entering main road,None,None,Did not leave carriageway,None,Offside,No,Not known,Male,NA,16 - 20,NA,Petrol,12,Data missing or out of range,More deprived 30-40%,Small town
2019136AL1945,2019,136AL1945,2,Taxi/Private hire car,No tow/articulation,Going ahead other,South East,North,On main c'way - not in restricted lane,Mid Junction - on roundabout or on main road,None,None,Did not leave carriageway,None,Front,No,Journey as part of work,Male,NA,46 - 55,NA,Heavy oil,8,Data missing or out of range,More deprived 20-30%,Urban area
2019136AM0272,2019,136AM0272,1,Car,No tow/articulation,Turning right,East,West,On main c'way - not in restricted lane,Entering main road,None,None,Did not leave carriageway,None,Front,No,Taking pupil to/from school,Female,NA,26 - 35,NA,Petrol,13,Data missing or out of range,Most deprived 10%,Urban area
2019136AM0272,2019,136AM0272,2,Car,No tow/articulation,Going ahead other,North West,South East,On main c'way - not in restricted lane,Mid Junction - on roundabout or on main road,None,None,Did not leave carriageway,None,Offside,No,Commuting to/from work,Male,NA,26 - 35,NA,Petrol,13,Data missing or out of range,More deprived 40-50%,Urban area
2019136AM1251,2019,136AM1251,1,Bus or coach (17 or more pass seats),No tow/articulation,Going ahead other,North,South East,Bus lane,Not at or within 20 metres of junction,None,None,Did not leave carriageway,None,Front,No,Journey as part of work,Male,NA,36 - 45,NA,Heavy oil,15,Data missing or out of range,More deprived 30-40%,Urban area
2019136AM1683,2019,136AM1683,1,Car,No tow/articulation,Going ahead other,South East,North,On main c'way - not in restricted lane,Not at or within 20 metres of junction,None,None,Nearside,None,Nearside,No,Not known,Not known,Data missing or out of range,Data missing or out of range,NA,Petrol,17,Data missing or out of range,Data missing or out of range,Data missing or out of range
2019136AN0293,2019,136AN0293,1,Car,No tow/articulation,Going ahead other,North West,South East,On main c'way - not in restricted lane,Not at or within 20 metres of junction,None,None,Did not leave carriageway,None,Nearside,No,Journey as part of work,Male,NA,16 - 20,NA,Petrol,3,Data missing or out of range,More deprived 40-50%,Urban area
2019136AN0423,2019,136AN0423,1,Car,No tow/articulation,Moving off,North,South East,On main c'way - not in restricted lane,Not at or within 20 metres of junction,None,None,Did not leave carriageway,None,Front,No,Not known,Male,NA,Over 75,NA,Petrol,9,Data missing or out of range,More deprived 30-40%,Small town
2019136AN0848,2019,136AN0848,1,Car,No tow/articulation,Going ahead other,South East,North West,On main c'way - not in restricted lane,Approaching junction or waiting/parked at junction approach,None,None,Did not leave carriageway,None,Nearside,No,Not known,Female,NA,26 - 35,NA,Petrol,5,Data missing or out of range,Less deprived 40-50%,Urban area
2019136AN1064,2019,136AN1064,1,Car,No tow/articulation,Turning left,North West,West,On main c'way - not in restricted lane,Approaching junction or waiting/parked at junction approach,None,None,Did not leave carriageway,None,Offside,No,Not known,Female,NA,36 - 45,NA,Heavy oil,8,Data missing or out of range,More deprived 30-40%,Urban area
2019136AN1064,2019,136AN1064,2,Car,No tow/articulation,Going ahead other,East,West,On main c'way - not in restricted lane,Approaching junction or waiting/parked at junction approach,None,None,Did not leave carriageway,None,Nearside,No,Taking pupil to/from school,Male,NA,46 - 55,NA,Petrol,14,Data missing or out of range,More deprived 10-20%,Urban area
2019136AO0043,2019,136AO0043,1,Other vehicle,No tow/articulation,Going ahead other,South West,North East,On main c'way - not in restricted lane,Mid Junction - on roundabout or on main road,None,None,Did not leave carriageway,None,Front,No,Journey as part of work,Male,NA,21 - 25,Data missing or out of range,Undefined,-1,Data missing or out of range,Most deprived 10%,Urban area
2019136AO0043,2019,136AO0043,2,Taxi/Private hire car,No tow/articulation,Going ahead other,East,West,On main c'way - not in restricted lane,Mid Junction - on roundabout or on main road,Skidded and overturned,Kerb,Offside,None,Nearside,No,Not known,Male,NA,56 - 65,NA,Heavy oil,8,Data missing or out of range,More deprived 10-20%,Urban area
2019136AO1233,2019,136AO1233,1,Car,No tow/articulation,Going ahead other,South West,North East,On main c'way - not in restricted lane,Approaching junction or waiting/parked at junction approach,None,None,Did not leave carriageway,None,Front,No,Not known,Female,NA,21 - 25,NA,Petrol,8,Data missing or out of range,Most deprived 10%,Urban area
2019136AO1233,2019,136AO1233,2,Car,No tow/articulation,Going ahead other,South West,North East,On main c'way - not in restricted lane,Approaching junction or waiting/parked at junction approach,None,None,Did not leave carriageway,None,Front,No,Not known,Female,NA,46 - 55,NA,Petrol,5,Data missing or out of range,Most deprived 10%,Urban area
2019136AP1284,2019,136AP1284,1,Taxi/Private hire car,No tow/articulation,Going ahead other,South East,North West,On main c'way - not in restricted lane,Mid Junction - on roundabout or on main road,None,None,Did not leave carriageway,None,Nearside,No,Journey as part of work,Male,NA,56 - 65,NA,Heavy oil,8,Data missing or out of range,More deprived 30-40%,Urban area
2019136AP1284,2019,136AP1284,2,Taxi/Private hire car,No tow/articulation,Going ahead other,South West,North East,On main c'way - not in restricted lane,Mid Junction - on roundabout or on main road,None,None,Did not leave carriageway,None,Front,No,Journey as part of work,Male,NA,26 - 35,Data missing or out of range,Undefined,-1,Data missing or out of range,More deprived 10-20%,Urban area
2019136AP1305,2019,136AP1305,1,Car,No tow/articulation,Going ahead other,East,West,On main c'way - not in restricted lane,Approaching junction or waiting/parked at junction approach,None,None,Did not leave carriageway,None,Front,No,Not known,Female,NA,Over 75,NA,Petrol,12,Data missing or out of range,More deprived 10-20%,Small town
2019136AP1305,2019,136AP1305,2,Car,No tow/articulation,Parked,Parked,Parked,On main c'way - not in restricted lane,Approaching junction or waiting/parked at junction approach,None,None,Did not leave carriageway,None,Back,No,Not known,Female,Data missing or out of range,Data missing or out of range,NA,Petrol,8,Data missing or out of range,Data missing or out of range,Data missing or out of range
2019136AP1315,2019,136AP1315,1,Car,No tow/articulation,Going ahead other,North West,South East,On main c'way - not in restricted lane,Not at or within 20 metres of junction,None,None,Did not leave carriageway,None,Front,No,Not known,Male,Data missing or out of range,Data missing or out of range,NA,Heavy oil,3,Data missing or out of range,Data missing or out of range,Data missing or out of range
2019136AP1315,2019,136AP1315,2,Taxi/Private hire car,No tow/articulation,Going ahead other,South West,South East,On main c'way - not in restricted lane,Not at or within 20 metres of junction,None,None,Did not leave carriageway,None,Front,No,Commuting to/from work,Male,Data missing or out of range,Data missing or out of range,NA,Hybrid electric,6,Data missing or out of range,Data missing or out of range,Data missing or out of range
2019136AP1539,2019,136AP1539,1,Car,No tow/articulation,Turning right,South East,North,On main c'way - not in restricted lane,Leaving main road,None,None,Did not leave carriageway,None,Offside,No,Not known,Male,NA,46 - 55,NA,Petrol,20,Data missing or out of range,Most deprived 10%,Urban area
2019136AP1539,2019,136AP1539,2,Motorcycle 125cc and under,No tow/articulation,Going ahead other,North West,South East,On main c'way - not in restricted lane,Mid Junction - on roundabout or on main road,None,None,Did not leave carriageway,None,Front,No,Not known,Male,NA,46 - 55,NA,Petrol,8,Data missing or out of range,More deprived 40-50%,Urban area
2019136AP1539,2019,136AP1539,3,Car,No tow/articulation,Waiting to go - held up,North East,North West,On main c'way - not in restricted lane,Entering main road,None,None,Did not leave carriageway,None,Front,No,Not known,Male,NA,21 - 25,NA,Petrol,2,Data missing or out of range,More deprived 10-20%,Urban area
2019136AP1685,2019,136AP1685,1,Car,No tow/articulation,Going ahead other,North East,South West,On main c'way - not in restricted lane,Not at or within 20 metres of junction,Skidded,Parked vehicle,Nearside,Wall or fence,Front,No,Not known,Male,NA,26 - 35,Data missing or out of range,Undefined,-1,Data missing or out of range,More deprived 30-40%,Small town
2019136AP1685,2019,136AP1685,2,Car,No tow/articulation,Parked,Parked,Parked,On main c'way - not in restricted lane,Not at or within 20 metres of junction,None,None,Did not leave carriageway,None,Back,No,Not known,Not known,Data missing or out of range,Data missing or out of range,NA,Heavy oil,8,Data missing or out of range,Data missing or out of range,Data missing or out of range
2019136AR1165,2019,136AR1165,1,Car,No tow/articulation,Going ahead other,South East,North,On main c'way - not in restricted lane,Approaching junction or waiting/parked at junction approach,None,None,Did not leave carriageway,None,Front,No,Not known,Male,NA,26 - 35,NA,Petrol,13,Data missing or out of range,More deprived 20-30%,Urban area
2019136AR1165,2019,136AR1165,2,Car,No tow/articulation,Slowing or stopping,South East,North,On main c'way - not in restricted lane,Approaching junction or waiting/parked at junction approach,None,None,Did not leave carriageway,None,Back,No,Not known,Female,NA,46 - 55,NA,Heavy oil,7,Data missing or out of range,Less deprived 10-20%,Urban area
2019136AR1165,2019,136AR1165,3,Car,No tow/articulation,Waiting to turn right,South East,North East,On main c'way - not in restricted lane,Approaching junction or waiting/parked at junction approach,None,None,Did not leave carriageway,None,Did not impact,No,Not known,Female,NA,46 - 55,NA,Heavy oil,4,Data missing or out of range,More deprived 20-30%,Urban area
2019136AS0349,2019,136AS0349,1,Car,No tow/articulation,Going ahead other,East,West,On main c'way - not in restricted lane,Mid Junction - on roundabout or on main road,None,None,Did not leave carriageway,None,Offside,No,Not known,Female,NA,21 - 25,NA,Petrol,7,Data missing or out of range,Most deprived 10%,Urban area
2019136AS0349,2019,136AS0349,2,Car,No tow/articulation,Going ahead other,North,South East,On main c'way - not in restricted lane,Mid Junction - on roundabout or on main road,None,None,Did not leave carriageway,None,Nearside,No,Not known,Male,NA,66 - 75,NA,Petrol,4,Data missing or out of range,Less deprived 40-50%,Small town
2019136AS1438,2019,136AS1438,1,Car,No tow/articulation,Changing lane to right,East,West,On main c'way - not in restricted lane,Not at or within 20 metres of junction,None,None,Did not leave carriageway,None,Did not impact,No,Not known,Male,NA,26 - 35,NA,Heavy oil,5,Data missing or out of range,Less deprived 40-50%,Urban area
2019136AS1438,2019,136AS1438,2,Motorcycle 125cc and under,No tow/articulation,Going ahead other,East,West,On main c'way - not in restricted lane,Not at or within 20 metres of junction,Skidded,None,Did not leave carriageway,None,Did not impact,No,Journey as part of work,Male,NA,26 - 35,NA,Petrol,14,Data missing or out of range,More deprived 20-30%,Urban area
2019136AT0204,2019,136AT0204,1,Car,No tow/articulation,Waiting to go - held up,South East,North West,On main c'way - not in restricted lane,Approaching junction or waiting/parked at junction approach,None,None,Did not leave carriageway,None,Back,No,Not known,Female,NA,21 - 25,NA,Petrol,14,Data missing or out of range,Most deprived 10%,Urban area
2019136AT0204,2019,136AT0204,2,Car,No tow/articulation,Going ahead other,South East,North West,On main c'way - not in restricted lane,Approaching junction or waiting/parked at junction approach,None,None,Did not leave carriageway,None,Front,No,Not known,Not known,Data missing or out of range,Data missing or out of range,NA,Petrol,0,Data missing or out of range,Data missing or out of range,Data missing or out of range
2019136AT0867,2019,136AT0867,1,Car,No tow/articulation,Turning right,East,North,On main c'way - not in restricted lane,Mid Junction - on roundabout or on main road,None,None,Did not leave carriageway,None,Front,No,Not known,Female,NA,36 - 45,NA,Heavy oil,12,Data missing or out of range,More deprived 20-30%,Urban area
2019136AT0867,2019,136AT0867,2,Van / Goods 3.5 tonnes mgw or under,No tow/articulation,Turning right,South East,East,On main c'way - not in restricted lane,Mid Junction - on roundabout or on main road,None,None,Did not leave carriageway,None,Front,No,Journey as part of work,Female,NA,46 - 55,Data missing or out of range,Undefined,-1,Data missing or out of range,More deprived 10-20%,Urban area
2019136AT1088,2019,136AT1088,1,Bus or coach (17 or more pass seats),No tow/articulation,Moving off,East,West,Leaving lay-by or hard shoulder,Not at or within 20 metres of junction,None,None,Nearside,Road sign or traffic signal,Front,No,Journey as part of work,Male,NA,56 - 65,NA,Heavy oil,10,Data missing or out of range,Most deprived 10%,Urban area
2019136AT1088,2019,136AT1088,2,Car,No tow/articulation,Waiting to go - held up,East,West,On main c'way - not in restricted lane,Not at or within 20 metres of junction,None,None,Did not leave carriageway,None,Nearside,No,Not known,Female,NA,46 - 55,NA,Petrol,2,Data missing or out of range,Least deprived 10%,Urban area
2019136AT1192,2019,136AT1192,1,Car,No tow/articulation,Reversing,North West,South East,On main c'way - not in restricted lane,Not at or within 20 metres of junction,None,None,Did not leave carriageway,None,Back,No,Not known,Male,NA,26 - 35,Data missing or out of range,Undefined,-1,Data missing or out of range,Data missing or out of range,Data missing or out of range
2019136AU0773,2019,136AU0773,1,Car,No tow/articulation,Waiting to go - held up,South East,North West,On main c'way - not in restricted lane,Approaching junction or waiting/parked at junction approach,None,None,Did not leave carriageway,None,Front,No,Not known,Male,NA,21 - 25,NA,Heavy oil,7,Data missing or out of range,Less deprived 20-30%,Urban area
2019136AU0773,2019,136AU0773,2,Car,No tow/articulation,Waiting to go - held up,South East,North West,On main c'way - not in restricted lane,Approaching junction or waiting/parked at junction approach,None,None,Did not leave carriageway,None,Front,No,Not known,Male,NA,26 - 35,NA,Heavy oil,3,Data missing or out of range,Less deprived 30-40%,Urban area
2019136AU0773,2019,136AU0773,3,Car,No tow/articulation,Waiting to go - held up,South East,North West,On main c'way - not in restricted lane,Approaching junction or waiting/parked at junction approach,None,None,Did not leave carriageway,None,Back,No,Not known,Female,NA,36 - 45,NA,Heavy oil,2,Data missing or out of range,Data missing or out of range,Data missing or out of range
2019136AU0937,2019,136AU0937,1,Pedal cycle,No tow/articulation,Going ahead other,South East,North,On main c'way - not in restricted lane,Approaching junction or waiting/parked at junction approach,Overturned,None,Did not leave carriageway,None,Front,No,Not known,Male,NA,21 - 25,Data missing or out of range,Undefined,-1,Data missing or out of range,Most deprived 10%,Urban area
2019136AU0937,2019,136AU0937,2,Car,No tow/articulation,Slowing or stopping,East,West,On main c'way - not in restricted lane,Approaching junction or waiting/parked at junction approach,None,None,Did not leave carriageway,None,Nearside,No,Not known,Male,Data missing or out of range,Data missing or out of range,Data missing or out of range,Undefined,-1,Data missing or out of range,Data missing or out of range,Data missing or out of range
2019136AV0180,2019,136AV0180,1,Car,No tow/articulation,Turning right,South West,South East,On main c'way - not in restricted lane,Entering main road,None,None,Did not leave carriageway,None,Nearside,No,Not known,Not known,Data missing or out of range,Data missing or out of range,Data missing or out of range,Undefined,-1,Data missing or out of range,Data missing or out of range,Data missing or out of range
2019136AV0180,2019,136AV0180,2,Pedal cycle,No tow/articulation,Going ahead other,North West,South East,On main c'way - not in restricted lane,Mid Junction - on roundabout or on main road,None,None,Did not leave carriageway,None,Front,No,Journey as part of work,Male,NA,36 - 45,Data missing or out of range,Undefined,-1,Data missing or out of range,Most deprived 10%,Urban area
2019136AV0253,2019,136AV0253,1,Car,No tow/articulation,Going ahead other,South West,North East,On main c'way - not in restricted lane,Not at or within 20 metres of junction,None,None,Did not leave carriageway,None,Back,No,Not known,Male,NA,21 - 25,NA,Petrol,2,Data missing or out of range,Less deprived 20-30%,Urban area
2019136AV0253,2019,136AV0253,2,Car,No tow/articulation,Going ahead other,South West,North East,On main c'way - not in restricted lane,Not at or within 20 metres of junction,None,None,Did not leave carriageway,None,Front,No,Not known,Male,NA,46 - 55,Data missing or out of range,Undefined,-1,Data missing or out of range,More deprived 40-50%,Urban area
2019136AV1212,2019,136AV1212,1,Car,No tow/articulation,Going ahead other,North,South East,On main c'way - not in restricted lane,Cleared junction or waiting/parked at junction exit,None,None,Did not leave carriageway,None,Front,No,Not known,Female,NA,Over 75,NA,Petrol,16,Data missing or out of range,More deprived 20-30%,Urban area
2019136AV2520,2019,136AV2520,1,Car,No tow/articulation,Going ahead other,East,West,On main c'way - not in restricted lane,Not at or within 20 metres of junction,Skidded and overturned,None,Offside and rebounded,Wall or fence,Front,No,Not known,Male,NA,21 - 25,NA,Heavy oil,11,Data missing or out of range,More deprived 20-30%,Urban area
2019136AV2520,2019,136AV2520,2,Car,No tow/articulation,Going ahead other,East,West,On main c'way - not in restricted lane,Not at or within 20 metres of junction,Skidded,None,Did not leave carriageway,None,Back,No,Not known,Not known,Data missing or out of range,Data missing or out of range,NA,Petrol,12,Data missing or out of range,Data missing or out of range,Data missing or out of range
2019136B10843,2019,136B10843,1,Car,No tow/articulation,Turning left,North,East,On main c'way - not in restricted lane,Cleared junction or waiting/parked at junction exit,None,None,Did not leave carriageway,None,Offside,No,Not known,Male,NA,26 - 35,NA,Heavy oil,5,Data missing or out of range,More deprived 30-40%,Urban area
2019136B10843,2019,136B10843,2,Car,No tow/articulation,Going ahead other,West,East,On main c'way - not in restricted lane,Cleared junction or waiting/parked at junction exit,None,None,Offside,None,Front,No,Not known,Male,NA,26 - 35,NA,Heavy oil,12,Data missing or out of range,More deprived 10-20%,Urban area
2019136B11441,2019,136B11441,1,Car,No tow/articulation,Moving off,North West,South East,Footway (pavement),Entering main road,None,None,Did not leave carriageway,None,Did not impact,No,Not known,Male,NA,56 - 65,NA,Petrol,7,Data missing or out of range,Most deprived 10%,Urban area
2019136B11924,2019,136B11924,1,Car,No tow/articulation,Going ahead other,West,East,On main c'way - not in restricted lane,Not at or within 20 metres of junction,None,None,Did not leave carriageway,None,Front,No,Not known,Female,NA,26 - 35,NA,Heavy oil,10,Data missing or out of range,Less deprived 30-40%,Urban area
2019136B11924,2019,136B11924,2,Car,No tow/articulation,Going ahead other,West,East,On main c'way - not in restricted lane,Not at or within 20 metres of junction,None,None,Did not leave carriageway,None,Back,No,Not known,Male,NA,26 - 35,NA,Heavy oil,13,Data missing or out of range,Most deprived 10%,Urban area
2019136B20732,2019,136B20732,1,Car,No tow/articulation,Going ahead other,South East,North East,On main c'way - not in restricted lane,Not at or within 20 metres of junction,None,None,Did not leave carriageway,None,Front,No,Not known,Male,NA,21 - 25,NA,Petrol,1,Data missing or out of range,Most deprived 10%,Urban area
2019136B20732,2019,136B20732,2,Pedal cycle,No tow/articulation,Going ahead other,North West,South East,On main c'way - not in restricted lane,Not at or within 20 metres of junction,None,None,Did not leave carriageway,None,Front,No,Not known,Male,NA,11 - 15,Data missing or out of range,Undefined,-1,Data missing or out of range,Less deprived 40-50%,Rural
2019136B21411,2019,136B21411,1,Car,No tow/articulation,Going ahead other,North,South East,On main c'way - not in restricted lane,Not at or within 20 metres of junction,None,None,Did not leave carriageway,None,Did not impact,No,Not known,Not known,Data missing or out of range,Data missing or out of range,Data missing or out of range,Undefined,-1,Data missing or out of range,Data missing or out of range,Data missing or out of range
2019136B21411,2019,136B21411,2,Motorcycle 125cc and under,No tow/articulation,Going ahead other,South East,North,On main c'way - not in restricted lane,Not at or within 20 metres of junction,None,None,Did not leave carriageway,None,Nearside,No,Commuting to/from work,Male,NA,46 - 55,NA,Petrol,5,Data missing or out of range,Less deprived 40-50%,Urban area
2019136B31450,2019,136B31450,1,Car,No tow/articulation,Turning right,South East,North West,On main c'way - not in restricted lane,Leaving main road,None,None,Did not leave carriageway,None,Offside,No,Not known,Female,NA,46 - 55,NA,Petrol,20,Data missing or out of range,More deprived 10-20%,Urban area
2019136B31582,2019,136B31582,1,Car,No tow/articulation,Going ahead other,North East,South West,On main c'way - not in restricted lane,Not at or within 20 metres of junction,None,None,Did not leave carriageway,None,Front,No,Not known,Male,NA,66 - 75,NA,Heavy oil,8,Data missing or out of range,Most deprived 10%,Urban area
2019136B31582,2019,136B31582,2,Car,No tow/articulation,Going ahead other,North East,South West,On main c'way - not in restricted lane,Not at or within 20 metres of junction,None,None,Did not leave carriageway,None,Back,No,Not known,Male,NA,56 - 65,NA,Heavy oil,5,Data missing or out of range,Most deprived 10%,Urban area
2019136B31582,2019,136B31582,3,Car,No tow/articulation,Going ahead other,North East,South West,On main c'way - not in restricted lane,Not at or within 20 metres of junction,None,None,Did not leave carriageway,None,Back,No,Commuting to/from work,Male,NA,56 - 65,NA,Hybrid electric,6,Data missing or out of range,Most deprived 10%,Urban area
2019136B31582,2019,136B31582,4,Car,No tow/articulation,Parked,Parked,Parked,On main c'way - not in restricted lane,Not at or within 20 metres of junction,None,None,Did not leave carriageway,None,Offside,No,Not known,Male,NA,26 - 35,NA,Heavy oil,5,Data missing or out of range,Most deprived 10%,Urban area
2019136B40620,2019,136B40620,1,Car,No tow/articulation,Going ahead other,West,East,On main c'way - not in restricted lane,Mid Junction - on roundabout or on main road,None,None,Did not leave carriageway,None,Front,No,Commuting to/from work,Male,NA,26 - 35,Data missing or out of range,Undefined,-1,Data missing or out of range,Most deprived 10%,Urban area
2019136B40620,2019,136B40620,2,Car,No tow/articulation,Turning right,North,West,On main c'way - not in restricted lane,Entering main road,None,None,Did not leave carriageway,None,Offside,No,Journey as part of work,Male,NA,26 - 35,Data missing or out of range,Undefined,-1,Data missing or out of range,More deprived 20-30%,Urban area
2019136B40848,2019,136B40848,1,Car,No tow/articulation,Going ahead other,South East,North,On main c'way - not in restricted lane,Mid Junction - on roundabout or on main road,None,None,Did not leave carriageway,None,Front,No,Not known,Female,NA,36 - 45,NA,Heavy oil,6,Data missing or out of range,More deprived 20-30%,Urban area
2019136B40848,2019,136B40848,2,Car,No tow/articulation,Turning right,West,South East,On main c'way - not in restricted lane,Entering main road,None,None,Did not leave carriageway,None,Offside,No,Not known,Female,NA,21 - 25,NA,Petrol,15,Data missing or out of range,Most deprived 10%,Urban area
2019136B41190,2019,136B41190,1,Car,No tow/articulation,Slowing or stopping,North,South East,On main c'way - not in restricted lane,Not at or within 20 metres of junction,None,None,Did not leave carriageway,None,Front,No,Not known,Male,NA,36 - 45,NA,Heavy oil,16,Data missing or out of range,Most deprived 10%,Urban area
2019136B41190,2019,136B41190,2,Car,No tow/articulation,Waiting to go - held up,Parked,Parked,On main c'way - not in restricted lane,Not at or within 20 metres of junction,None,None,Did not leave carriageway,None,Back,No,Not known,Female,NA,46 - 55,NA,Petrol,6,Data missing or out of range,More deprived 30-40%,Small town
2019136B41190,2019,136B41190,3,Car,No tow/articulation,Waiting to go - held up,Parked,Parked,On main c'way - not in restricted lane,Not at or within 20 metres of junction,None,None,Did not leave carriageway,None,Back,No,Not known,Male,NA,36 - 45,NA,Heavy oil,7,Data missing or out of range,More deprived 40-50%,Small town
2019136B41592,2019,136B41592,1,Car,No tow/articulation,Turning right,West,South East,On main c'way - not in restricted lane,Mid Junction - on roundabout or on main road,None,None,Did not leave carriageway,None,Front,No,Not known,Female,NA,46 - 55,NA,Heavy oil,3,Data missing or out of range,Less deprived 40-50%,Urban area