accident_index,accident_year,accident_reference,vehicle_reference,vehicle_type,towing_and_articulation,vehicle_manoeuvre,vehicle_direction_from,vehicle_direction_to,vehicle_location_restricted_lane,junction_location,skidding_and_overturning,hit_object_in_carriageway,vehicle_leaving_carriageway,hit_object_off_carriageway,first_point_of_impact,vehicle_left_hand_drive,journey_purpose_of_driver,sex_of_driver,age_of_driver,age_band_of_driver,engine_capacity_cc,propulsion_code,age_of_vehicle,generic_make_model,driver_imd_decile,driver_home_area_type
2019136B41592,2019,136B41592,2,Car,No tow/articulation,Going ahead other,South East,North,On main c'way - not in restricted lane,Mid Junction - on roundabout or on main road,None,None,Did not leave carriageway,None,Offside,No,Not known,Female,NA,56 - 65,NA,Petrol,5,Data missing or out of range,Least deprived 10%,Rural
2019136B50393,2019,136B50393,1,Car,No tow/articulation,Turning right,South East,East,On main c'way - not in restricted lane,Not at or within 20 metres of junction,None,None,Did not leave carriageway,None,Front,No,Not known,Male,NA,26 - 35,NA,Hybrid electric,6,Data missing or out of range,Most deprived 10%,Urban area
2019136B50768,2019,136B50768,1,Car,No tow/articulation,Moving off,North West,South East,On main c'way - not in restricted lane,Entering roundabout,None,None,Did not leave carriageway,None,Front,No,Not known,Female,NA,36 - 45,Data missing or out of range,Electric,1,Data missing or out of range,Less deprived 30-40%,Small town
2019136B50768,2019,136B50768,2,Pedal cycle,No tow/articulation,Going ahead other,South West,North East,On main c'way - not in restricted lane,Mid Junction - on roundabout or on main road,None,None,Did not leave carriageway,None,Back,No,Not known,Male,NA,46 - 55,Data missing or out of range,Undefined,-1,Data missing or out of range,Less deprived 40-50%,Urban area
2019136B51239,2019,136B51239,1,Car,No tow/articulation,U-turn,West,East,On main c'way - not in restricted lane,Not at or within 20 metres of junction,None,None,Did not leave carriageway,None,Offside,No,Commuting to/from work,Male,NA,56 - 65,NA,Petrol,1,Data missing or out of range,Most deprived 10%,Urban area
2019136B51239,2019,136B51239,2,Car,No tow/articulation,Going ahead other,East,West,On main c'way - not in restricted lane,Not at or within 20 metres of junction,None,None,Did not leave carriageway,None,Back,No,Commuting to/from work,Male,NA,46 - 55,NA,Petrol,10,Data missing or out of range,More deprived 10-20%,Urban area
2019136B51384,2019,136B51384,1,Car,No tow/articulation,Turning left,South East,East,On main c'way - not in restricted lane,Approaching junction or waiting/parked at junction approach,None,None,Did not leave carriageway,None,Nearside,No,Not known,Male,NA,26 - 35,Data missing or out of range,Undefined,-1,Data missing or out of range,Data missing or out of range,Data missing or out of range
2019136B51384,2019,136B51384,2,Car,No tow/articulation,Going ahead other,South East,North,On main c'way - not in restricted lane,Approaching junction or waiting/parked at junction approach,None,None,Did not leave carriageway,None,Front,No,Not known,Male,NA,26 - 35,NA,Heavy oil,3,Data missing or out of range,Data missing or out of range,Data missing or out of range
2019136B51629,2019,136B51629,1,Car,No tow/articulation,Moving off,North West,South East,On main c'way - not in restricted lane,Entering main road,None,None,Did not leave carriageway,None,Front,No,Not known,Female,NA,26 - 35,NA,Petrol,3,Data missing or out of range,More deprived 30-40%,Urban area
2019136B51629,2019,136B51629,2,Pedal cycle,No tow/articulation,Moving off,North West,South East,On main c'way - not in restricted lane,Entering main road,None,None,Did not leave carriageway,None,Front,No,Not known,Male,NA,36 - 45,Data missing or out of range,Undefined,-1,Data missing or out of range,Data missing or out of range,Data missing or out of range
2019136B60494,2019,136B60494,1,Car,No tow/articulation,Going ahead other,North,South East,Footway (pavement),Mid Junction - on roundabout or on main road,None,None,Did not leave carriageway,None,Front,No,Taking pupil to/from school,Male,NA,36 - 45,Data missing or out of range,Undefined,-1,Data missing or out of range,Most deprived 10%,Urban area
2019136B60494,2019,136B60494,2,Car,No tow/articulation,Slowing or stopping,South East,North,On main c'way - not in restricted lane,Mid Junction - on roundabout or on main road,None,None,Did not leave carriageway,None,Nearside,No,Journey as part of work,Male,NA,46 - 55,NA,Heavy oil,0,Data missing or out of range,Most deprived 10%,Urban area
2019136B61333,2019,136B61333,1,Motorcycle 125cc and under,No tow/articulation,Going ahead other,North West,South East,On main c'way - not in restricted lane,Not at or within 20 metres of junction,Skidded,None,Did not leave carriageway,None,Did not impact,No,Not known,Female,NA,21 - 25,NA,Petrol,7,Data missing or out of range,Most deprived 10%,Urban area
2019136B61414,2019,136B61414,1,Car,No tow/articulation,Going ahead other,North,South East,On main c'way - not in restricted lane,Not at or within 20 metres of junction,None,None,Did not leave carriageway,None,Front,No,Not known,Not known,Data missing or out of range,Data missing or out of range,Data missing or out of range,Undefined,-1,Data missing or out of range,Data missing or out of range,Data missing or out of range
2019136B61527,2019,136B61527,1,Car,No tow/articulation,Turning right,South West,North East,On main c'way - not in restricted lane,Mid Junction - on roundabout or on main road,None,None,Did not leave carriageway,None,Front,No,Commuting to/from work,Female,NA,26 - 35,NA,Heavy oil,3,Data missing or out of range,Less deprived 20-30%,Rural
2019136B62059,2019,136B62059,1,Car,No tow/articulation,Going ahead left-hand bend,North,South East,On main c'way - not in restricted lane,Not at or within 20 metres of junction,Skidded,None,Did not leave carriageway,None,Offside,No,Not known,Male,NA,16 - 20,NA,Petrol,11,Data missing or out of range,More deprived 20-30%,Urban area
2019136B62059,2019,136B62059,2,Goods 7.5 tonnes mgw and over,Articulated vehicle,Going ahead other,South East,North,On main c'way - not in restricted lane,Not at or within 20 metres of junction,None,None,Did not leave carriageway,None,Front,No,Journey as part of work,Male,NA,56 - 65,Data missing or out of range,Undefined,-1,Data missing or out of range,Most deprived 10%,Urban area
2019136B70326,2019,136B70326,1,Goods 7.5 tonnes mgw and over,No tow/articulation,Going ahead other,East,West,On main c'way - not in restricted lane,Approaching junction or waiting/parked at junction approach,None,None,Did not leave carriageway,None,Front,No,Journey as part of work,Male,NA,56 - 65,NA,Heavy oil,4,Data missing or out of range,Less deprived 40-50%,Urban area
2019136B71037,2019,136B71037,1,Car,No tow/articulation,Going ahead other,South East,North,On main c'way - not in restricted lane,Not at or within 20 metres of junction,None,None,Did not leave carriageway,None,Front,No,Journey as part of work,Male,NA,36 - 45,NA,Heavy oil,8,Data missing or out of range,More deprived 30-40%,Urban area
2019136B71070,2019,136B71070,1,Car,No tow/articulation,Going ahead other,South West,North East,On main c'way - not in restricted lane,Mid Junction - on roundabout or on main road,None,None,Did not leave carriageway,None,Front,No,Not known,Female,NA,16 - 20,NA,Petrol,11,Data missing or out of range,More deprived 40-50%,Urban area
2019136B71070,2019,136B71070,2,Car,No tow/articulation,Turning right,North,West,On main c'way - not in restricted lane,Entering main road,None,None,Did not leave carriageway,None,Nearside,No,Not known,Male,NA,66 - 75,NA,Petrol,0,Data missing or out of range,Data missing or out of range,Data missing or out of range
2019136B71283,2019,136B71283,1,Car,No tow/articulation,Turning right,South East,North East,On main c'way - not in restricted lane,Approaching junction or waiting/parked at junction approach,None,None,Did not leave carriageway,None,Nearside,No,Not known,Female,NA,26 - 35,NA,Petrol,20,Data missing or out of range,More deprived 30-40%,Urban area
2019136B71283,2019,136B71283,2,Car,No tow/articulation,Going ahead other,North West,South East,On main c'way - not in restricted lane,Approaching junction or waiting/parked at junction approach,None,None,Did not leave carriageway,None,Front,No,Not known,Male,Data missing or out of range,Data missing or out of range,NA,Heavy oil,0,Data missing or out of range,Data missing or out of range,Data missing or out of range
2019136B72079,2019,136B72079,1,Car,No tow/articulation,Going ahead other,West,East,On main c'way - not in restricted lane,Not at or within 20 metres of junction,None,None,Did not leave carriageway,None,Offside,No,Not known,Male,NA,21 - 25,NA,Heavy oil,10,Data missing or out of range,More deprived 20-30%,Urban area
2019136B72092,2019,136B72092,1,Car,No tow/articulation,Going ahead other,North East,South West,On main c'way - not in restricted lane,Mid Junction - on roundabout or on main road,None,None,Did not leave carriageway,None,Front,No,Commuting to/from work,Male,NA,26 - 35,NA,Petrol,6,Data missing or out of range,Most deprived 10%,Urban area
2019136B80189,2019,136B80189,1,Pedal cycle,No tow/articulation,Going ahead other,South East,North,On main c'way - not in restricted lane,Mid Junction - on roundabout or on main road,None,None,Did not leave carriageway,None,Front,No,Commuting to/from work,Male,NA,56 - 65,Data missing or out of range,Undefined,-1,Data missing or out of range,Less deprived 30-40%,Urban area
2019136B80189,2019,136B80189,2,Car,No tow/articulation,Turning right,West,South East,On main c'way - not in restricted lane,Entering main road,None,None,Did not leave carriageway,None,Nearside,No,Commuting to/from work,Female,NA,56 - 65,NA,Petrol,10,Data missing or out of range,More deprived 10-20%,Urban area
2019136B81590,2019,136B81590,1,Car,No tow/articulation,Going ahead other,South East,North,On main c'way - not in restricted lane,Not at or within 20 metres of junction,None,None,Did not leave carriageway,None,Front,No,Not known,Male,NA,21 - 25,NA,Heavy oil,5,Data missing or out of range,More deprived 20-30%,Urban area
2019136B90762,2019,136B90762,1,Taxi/Private hire car,No tow/articulation,Going ahead other,South East,North,On main c'way - not in restricted lane,Not at or within 20 metres of junction,None,None,Did not leave carriageway,None,Front,No,Not known,Male,NA,56 - 65,NA,Petrol,7,Data missing or out of range,More deprived 40-50%,Urban area
2019136B91985,2019,136B91985,1,Car,No tow/articulation,Going ahead other,North East,South East,On main c'way - not in restricted lane,Not at or within 20 metres of junction,Skidded and overturned,None,Offside,Other permanent object,Front,No,Not known,Male,NA,16 - 20,NA,Petrol,10,Data missing or out of range,Most deprived 10%,Urban area
2019136BB0203,2019,136BB0203,1,Pedal cycle,No tow/articulation,Going ahead other,West,East,On main c'way - not in restricted lane,Mid Junction - on roundabout or on main road,None,None,Did not leave carriageway,None,Back,No,Commuting to/from work,Male,NA,36 - 45,Data missing or out of range,Undefined,-1,Data missing or out of range,More deprived 10-20%,Urban area
2019136BB0203,2019,136BB0203,2,Car,No tow/articulation,Going ahead other,West,East,On main c'way - not in restricted lane,Mid Junction - on roundabout or on main road,None,None,Did not leave carriageway,None,Front,No,Commuting to/from work,Male,NA,46 - 55,NA,Petrol,14,Data missing or out of range,More deprived 40-50%,Urban area
2019136BB1015,2019,136BB1015,1,Car,No tow/articulation,Going ahead other,West,East,On main c'way - not in restricted lane,Leaving roundabout,None,None,Did not leave carriageway,None,Front,No,Not known,Not known,Data missing or out of range,Data missing or out of range,NA,Heavy oil,6,Data missing or out of range,Data missing or out of range,Data missing or out of range
2019136BB1015,2019,136BB1015,2,Car,No tow/articulation,Going ahead other,West,East,On main c'way - not in restricted lane,Entering roundabout,None,None,Did not leave carriageway,None,Did not impact,No,Not known,Male,NA,36 - 45,NA,Heavy oil,1,Data missing or out of range,Data missing or out of range,Data missing or out of range
2019136BB1015,2019,136BB1015,3,Car,No tow/articulation,Going ahead other,West,East,On main c'way - not in restricted lane,Leaving roundabout,None,None,Did not leave carriageway,None,Back,No,Not known,Female,NA,46 - 55,NA,Petrol,8,Data missing or out of range,More deprived 40-50%,Urban area
2019136BB1015,2019,136BB1015,4,Car,No tow/articulation,Slowing or stopping,East,West,On main c'way - not in restricted lane,Leaving roundabout,None,None,Did not leave carriageway,None,Offside,No,Not known,Male,NA,26 - 35,NA,Heavy oil,4,Data missing or out of range,Most deprived 10%,Urban area
2019136BB1227,2019,136BB1227,1,Car,No tow/articulation,Turning left,North West,North East,On main c'way - not in restricted lane,Leaving main road,None,None,Did not leave carriageway,None,Offside,No,Not known,Male,NA,46 - 55,NA,Petrol,8,Data missing or out of range,More deprived 20-30%,Urban area
2019136BB1227,2019,136BB1227,2,Car,No tow/articulation,Turning left,North East,South East,On main c'way - not in restricted lane,Entering main road,None,None,Did not leave carriageway,None,Offside,No,Not known,Female,NA,36 - 45,NA,Heavy oil,8,Data missing or out of range,More deprived 10-20%,Urban area
2019136BC0287,2019,136BC0287,1,Car,No tow/articulation,Slowing or stopping,South East,North,On main c'way - not in restricted lane,Approaching junction or waiting/parked at junction approach,None,None,Did not leave carriageway,None,Front,No,Commuting to/from work,Male,Data missing or out of range,Data missing or out of range,Data missing or out of range,Undefined,-1,Data missing or out of range,Data missing or out of range,Data missing or out of range
2019136BC0287,2019,136BC0287,2,Car,No tow/articulation,Waiting to go - held up,South East,North,On main c'way - not in restricted lane,Approaching junction or waiting/parked at junction approach,None,None,Did not leave carriageway,None,Back,No,Commuting to/from work,Female,NA,46 - 55,NA,Heavy oil,13,Data missing or out of range,Less deprived 40-50%,Urban area
2019136BD0463,2019,136BD0463,1,Car,No tow/articulation,Turning left,South East,West,On main c'way - not in restricted lane,Entering main road,None,None,Did not leave carriageway,None,Back,No,Not known,Female,NA,66 - 75,NA,Petrol,16,Data missing or out of range,Data missing or out of range,Data missing or out of range
2019136BD0463,2019,136BD0463,2,Car,No tow/articulation,Turning left,South East,West,On main c'way - not in restricted lane,Mid Junction - on roundabout or on main road,None,None,Did not leave carriageway,None,Front,No,Not known,Not known,Data missing or out of range,Data missing or out of range,Data missing or out of range,Undefined,-1,Data missing or out of range,Data missing or out of range,Data missing or out of range
2019136BD0741,2019,136BD0741,1,Car,No tow/articulation,Going ahead other,East,West,On main c'way - not in restricted lane,Not at or within 20 metres of junction,Skidded and overturned,None,Nearside and rebounded,Wall or fence,Nearside,No,Journey as part of work,Male,NA,66 - 75,NA,Heavy oil,6,Data missing or out of range,Less deprived 20-30%,Rural
2019136BE0020,2019,136BE0020,1,Car,No tow/articulation,Turning right,East,West,On main c'way - not in restricted lane,Mid Junction - on roundabout or on main road,None,None,Did not leave carriageway,None,Offside,No,Not known,Male,NA,26 - 35,NA,Heavy oil,6,Data missing or out of range,More deprived 10-20%,Urban area
2019136BE0020,2019,136BE0020,2,Car,No tow/articulation,Going ahead other,North,South East,On main c'way - not in restricted lane,Mid Junction - on roundabout or on main road,None,None,Did not leave carriageway,None,Front,No,Not known,Male,NA,26 - 35,NA,Heavy oil,12,Data missing or out of range,Data missing or out of range,Data missing or out of range
2019136BE0589,2019,136BE0589,1,Taxi/Private hire car,No tow/articulation,Turning left,South East,South West,On main c'way - not in restricted lane,Entering main road,None,None,Did not leave carriageway,None,Front,No,Not known,Not known,Data missing or out of range,Data missing or out of range,Data missing or out of range,Undefined,-1,Data missing or out of range,Data missing or out of range,Data missing or out of range
2019136BE1149,2019,136BE1149,1,Car,No tow/articulation,Turning right,South East,East,On main c'way - not in restricted lane,Not at or within 20 metres of junction,None,None,Did not leave carriageway,None,Nearside,No,Commuting to/from work,Female,NA,21 - 25,NA,Petrol,12,Data missing or out of range,More deprived 30-40%,Urban area
2019136BE1149,2019,136BE1149,2,Car,No tow/articulation,Going ahead other,West,East,On main c'way - not in restricted lane,Not at or within 20 metres of junction,None,None,Did not leave carriageway,None,Offside,No,Commuting to/from work,Female,NA,21 - 25,NA,Heavy oil,4,Data missing or out of range,Data missing or out of range,Data missing or out of range
2019136BE1406,2019,136BE1406,1,Car,No tow/articulation,Going ahead other,South East,North West,On main c'way - not in restricted lane,Not at or within 20 metres of junction,None,None,Did not leave carriageway,None,Front,No,Commuting to/from work,Male,NA,36 - 45,NA,Heavy oil,10,Data missing or out of range,More deprived 40-50%,Urban area
2019136BE1439,2019,136BE1439,1,Car,No tow/articulation,Going ahead other,South East,North West,On main c'way - not in restricted lane,Not at or within 20 metres of junction,None,None,Did not leave carriageway,None,Front,No,Not known,Not known,Data missing or out of range,Data missing or out of range,Data missing or out of range,Undefined,-1,Data missing or out of range,Data missing or out of range,Data missing or out of range
2019136BE1718,2019,136BE1718,1,Car,No tow/articulation,Going ahead other,South East,North,On main c'way - not in restricted lane,Mid Junction - on roundabout or on main road,None,None,Did not leave carriageway,None,Did not impact,No,Not known,Not known,Data missing or out of range,Data missing or out of range,Data missing or out of range,Undefined,-1,Data missing or out of range,Data missing or out of range,Data missing or out of range
2019136BE1718,2019,136BE1718,2,Pedal cycle,No tow/articulation,Going ahead other,South East,North,On main c'way - not in restricted lane,Mid Junction - on roundabout or on main road,None,None,Did not leave carriageway,None,Did not impact,No,Not known,Male,NA,16 - 20,Data missing or out of range,Undefined,-1,Data missing or out of range,More deprived 40-50%,Urban area
2019136BE1755,2019,136BE1755,1,Pedal cycle,No tow/articulation,Going ahead other,South West,North East,On main c'way - not in restricted lane,Not at or within 20 metres of junction,None,None,Did not leave carriageway,None,Front,No,Not known,Male,NA,11 - 15,Data missing or out of range,Undefined,-1,Data missing or out of range,More deprived 10-20%,Urban area
2019136BE1755,2019,136BE1755,2,Car,No tow/articulation,Going ahead other,North East,South West,On main c'way - not in restricted lane,Not at or within 20 metres of junction,None,None,Did not leave carriageway,None,Front,No,Not known,Male,NA,26 - 35,NA,Heavy oil,14,Data missing or out of range,More deprived 20-30%,Urban area
2019136BF0791,2019,136BF0791,1,Car,No tow/articulation,Going ahead other,West,East,On main c'way - not in restricted lane,Not at or within 20 metres of junction,None,None,Did not leave carriageway,None,Front,No,Not known,Female,NA,36 - 45,NA,Petrol,16,Data missing or out of range,More deprived 20-30%,Urban area
2019136BG0959,2019,136BG0959,1,Car,No tow/articulation,Going ahead other,North,South East,On main c'way - not in restricted lane,Mid Junction - on roundabout or on main road,None,None,Did not leave carriageway,None,Front,No,Not known,Female,NA,26 - 35,NA,Heavy oil,10,Data missing or out of range,Most deprived 10%,Urban area
2019136BG1306,2019,136BG1306,1,Car,No tow/articulation,Turning right,South East,East,On main c'way - not in restricted lane,Mid Junction - on roundabout or on main road,None,None,Did not leave carriageway,None,Front,No,Not known,Male,NA,46 - 55,NA,Heavy oil,7,Data missing or out of range,Most deprived 10%,Urban area
2019136BG1306,2019,136BG1306,2,Motorcycle over 125cc and up to 500cc,No tow/articulation,Going ahead other,North East,South West,On main c'way - not in restricted lane,Approaching junction or waiting/parked at junction approach,Overturned,None,Did not leave carriageway,None,Front,No,Not known,Male,NA,26 - 35,Data missing or out of range,Undefined,-1,Data missing or out of range,Data missing or out of range,Data missing or out of range
2019136BH1510,2019,136BH1510,1,Car,No tow/articulation,Turning right,South East,East,On main c'way - not in restricted lane,Mid Junction - on roundabout or on main road,None,None,Did not leave carriageway,None,Front,No,Not known,Female,NA,36 - 45,NA,Petrol,10,Data missing or out of range,Least deprived 10%,Urban area
2019136BH1510,2019,136BH1510,2,Taxi/Private hire car,No tow/articulation,Going ahead other,North,South East,On main c'way - not in restricted lane,Mid Junction - on roundabout or on main road,None,None,Did not leave carriageway,None,Front,No,Not known,Male,NA,36 - 45,NA,Petrol,7,Data missing or out of range,Most deprived 10%,Urban area
2019136BI1902,2019,136BI1902,1,Car,No tow/articulation,Turning left,North,East,On main c'way - not in restricted lane,Entering main road,None,None,Did not leave carriageway,None,Nearside,No,Not known,Female,NA,21 - 25,NA,Petrol,3,Data missing or out of range,More deprived 10-20%,Urban area
2019136BI1902,2019,136BI1902,2,Pedal cycle,No tow/articulation,Going ahead other,East,West,Cycleway or shared use footway (not part of  main carriageway),Mid Junction - on roundabout or on main road,None,None,Did not leave carriageway,None,Front,No,Not known,Male,NA,46 - 55,Data missing or out of range,Undefined,-1,Data missing or out of range,Most deprived 10%,Urban area
2019136BJ1082,2019,136BJ1082,1,Car,No tow/articulation,Turning right,North,West,On main c'way - not in restricted lane,Mid Junction - on roundabout or on main road,None,None,Did not leave carriageway,None,Offside,No,Not known,Male,NA,16 - 20,NA,Petrol,0,Data missing or out of range,More deprived 10-20%,Urban area
2019136BJ1082,2019,136BJ1082,2,Car,No tow/articulation,Going ahead other,South East,North,On main c'way - not in restricted lane,Approaching junction or waiting/parked at junction approach,None,None,Did not leave carriageway,None,Nearside,No,Not known,Female,NA,46 - 55,NA,Petrol,14,Data missing or out of range,Most deprived 10%,Urban area
2019136BJ1213,2019,136BJ1213,1,Car,No tow/articulation,Going ahead other,North,South East,On main c'way - not in restricted lane,Mid Junction - on roundabout or on main road,None,None,Did not leave carriageway,None,Front,No,Not known,Female,NA,26 - 35,NA,Heavy oil,7,Data missing or out of range,Most deprived 10%,Urban area
2019136BJ1213,2019,136BJ1213,2,Car,No tow/articulation,Going ahead other,West,East,On main c'way - not in restricted lane,Mid Junction - on roundabout or on main road,None,None,Did not leave carriageway,None,Offside,No,Not known,Female,NA,46 - 55,NA,Petrol,13,Data missing or out of range,Data missing or out of range,Data missing or out of range
2019136BJ1519,2019,136BJ1519,1,Car,No tow/articulation,Going ahead other,West,East,On main c'way - not in restricted lane,Not at or within 20 metres of junction,None,Parked vehicle,Nearside,None,Front,No,Not known,Female,NA,66 - 75,NA,Petrol,7,Data missing or out of range,Most deprived 10%,Urban area
2019136BJ1519,2019,136BJ1519,2,Car,No tow/articulation,Parked,Parked,Parked,On main c'way - not in restricted lane,Not at or within 20 metres of junction,None,None,Nearside,None,Front,No,Not known,Male,Data missing or out of range,Data missing or out of range,NA,Petrol,14,Data missing or out of range,Data missing or out of range,Data missing or out of range
2019136BJ1519,2019,136BJ1519,3,Car,No tow/articulation,Parked,Parked,Parked,On main c'way - not in restricted lane,Not at or within 20 metres of junction,None,None,Did not leave carriageway,None,Back,No,Not known,Male,Data missing or out of range,Data missing or out of range,NA,Petrol,1,Data missing or out of range,Data missing or out of range,Data missing or out of range
2019136BJ1669,2019,136BJ1669,1,Car,No tow/articulation,Going ahead other,North East,South West,On main c'way - not in restricted lane,Not at or within 20 metres of junction,None,None,Did not leave carriageway,None,Nearside,No,Not known,Female,Data missing or out of range,Data missing or out of range,Data missing or out of range,Undefined,-1,Data missing or out of range,Data missing or out of range,Data missing or out of range
2019136BJ1819,2019,136BJ1819,1,Car,No tow/articulation,Turning right,North East,West,On main c'way - not in restricted lane,Entering roundabout,None,None,Offside,None,Front,No,Not known,Male,NA,21 - 25,NA,Petrol,16,Data missing or out of range,Most deprived 10%,Urban area
2019136BJ1819,2019,136BJ1819,2,Car,No tow/articulation,Going ahead other,East,West,On main c'way - not in restricted lane,Entering roundabout,None,None,Nearside,None,Offside,No,Not known,Male,NA,26 - 35,Data missing or out of range,Undefined,-1,Data missing or out of range,Most deprived 10%,Urban area
2019136BK1405,2019,136BK1405,1,Car,No tow/articulation,Going ahead other,North West,South East,On main c'way - not in restricted lane,Mid Junction - on roundabout or on main road,None,None,Did not leave carriageway,None,Offside,No,Not known,Male,NA,46 - 55,NA,Heavy oil,11,Data missing or out of range,More deprived 30-40%,Urban area
2019136BK1405,2019,136BK1405,2,Car,No tow/articulation,Going ahead other,South West,South East,On main c'way - not in restricted lane,Mid Junction - on roundabout or on main road,None,None,Did not leave carriageway,None,Front,No,Not known,Male,NA,26 - 35,NA,Heavy oil,10,Data missing or out of range,More deprived 10-20%,Urban area
2019136BK1405,2019,136BK1405,3,Car,No tow/articulation,Turning right,North West,South East,On main c'way - not in restricted lane,Entering main road,None,None,Did not leave carriageway,None,Front,No,Not known,Male,NA,56 - 65,NA,Heavy oil,12,Data missing or out of range,Less deprived 30-40%,Rural
2019136BL0145,2019,136BL0145,1,Car,No tow/articulation,Overtaking moving vehicle - offside,South West,North East,On main c'way - not in restricted lane,Not at or within 20 metres of junction,Skidded,None,Offside,Wall or fence,Offside,No,Not known,Male,NA,26 - 35,Data missing or out of range,Undefined,-1,Data missing or out of range,Data missing or out of range,Data missing or out of range
2019136BL0227,2019,136BL0227,1,Goods 7.5 tonnes mgw and over,No tow/articulation,Going ahead other,North East,South West,On main c'way - not in restricted lane,Not at or within 20 metres of junction,None,None,Did not leave carriageway,None,Front,No,Journey as part of work,Male,NA,56 - 65,Data missing or out of range,Undefined,-1,Data missing or out of range,More deprived 40-50%,Small town
2019136BL0482,2019,136BL0482,1,Car,No tow/articulation,Reversing,North,South East,On main c'way - not in restricted lane,Mid Junction - on roundabout or on main road,None,None,Did not leave carriageway,None,Back,No,Not known,Not known,Data missing or out of range,Data missing or out of range,Data missing or out of range,Undefined,-1,Data missing or out of range,Data missing or out of range,Data missing or out of range
2019136BL1737,2019,136BL1737,1,Car,No tow/articulation,Going ahead other,South West,North East,On main c'way - not in restricted lane,Mid Junction - on roundabout or on main road,None,None,Did not leave carriageway,None,Nearside,No,Not known,Male,NA,26 - 35,NA,Petrol,0,Data missing or out of range,More deprived 30-40%,Urban area
2019136BL1737,2019,136BL1737,2,Car,No tow/articulation,Going ahead other,South West,North East,On main c'way - not in restricted lane,Mid Junction - on roundabout or on main road,None,None,Did not leave carriageway,None,Offside,No,Not known,Female,NA,21 - 25,NA,Petrol,4,Data missing or out of range,Most deprived 10%,Urban area
2019136BM0249,2019,136BM0249,1,Car,No tow/articulation,Turning right,South East,North West,On main c'way - not in restricted lane,Entering main road,None,None,Did not leave carriageway,None,Front,No,Journey as part of work,Male,NA,26 - 35,NA,Heavy oil,6,Data missing or out of range,Less deprived 20-30%,Urban area
2019136BM0249,2019,136BM0249,2,Pedal cycle,No tow/articulation,Going ahead other,North East,South West,On main c'way - not in restricted lane,Mid Junction - on roundabout or on main road,None,None,Did not leave carriageway,None,Nearside,No,Journey as part of work,Female,NA,36 - 45,Data missing or out of range,Undefined,-1,Data missing or out of range,More deprived 40-50%,Urban area
2019136BM0266,2019,136BM0266,1,Taxi/Private hire car,No tow/articulation,U-turn,North West,North West,On main c'way - not in restricted lane,Mid Junction - on roundabout or on main road,None,None,Did not leave carriageway,None,Offside,No,Journey as part of work,Male,NA,46 - 55,NA,Heavy oil,5,Data missing or out of range,Most deprived 10%,Urban area
2019136BM0266,2019,136BM0266,2,Car,No tow/articulation,Going ahead other,North West,South East,On main c'way - not in restricted lane,Mid Junction - on roundabout or on main road,None,None,Did not leave carriageway,None,Nearside,No,Journey as part of work,Male,NA,26 - 35,NA,Petrol,12,Data missing or out of range,More deprived 40-50%,Urban area
2019136BM0513,2019,136BM0513,1,Car,No tow/articulation,Going ahead other,South East,North,On main c'way - not in restricted lane,Not at or within 20 metres of junction,None,None,Did not leave carriageway,None,Front,No,Not known,Female,NA,26 - 35,NA,Petrol,8,Data missing or out of range,Less deprived 40-50%,Rural
2019136BM0513,2019,136BM0513,2,Car,No tow/articulation,Slowing or stopping,South East,North,On main c'way - not in restricted lane,Not at or within 20 metres of junction,None,None,Did not leave carriageway,None,Back,No,Not known,Female,NA,21 - 25,NA,Petrol,4,Data missing or out of range,Less deprived 20-30%,Urban area
2019136BN1318,2019,136BN1318,1,Car,No tow/articulation,Going ahead other,East,West,On main c'way - not in restricted lane,Mid Junction - on roundabout or on main road,None,None,Did not leave carriageway,None,Nearside,No,Not known,Male,NA,56 - 65,NA,Heavy oil,4,Data missing or out of range,More deprived 40-50%,Urban area
2019136BN1318,2019,136BN1318,2,Car,No tow/articulation,Turning right,North,West,On main c'way - not in restricted lane,Entering main road,None,None,Did not leave carriageway,None,Front,No,Not known,Male,NA,26 - 35,NA,Heavy oil,4,Data missing or out of range,More deprived 40-50%,Urban area
2019136BN1431,2019,136BN1431,1,Car,No tow/articulation,Turning left,West,North,On main c'way - not in restricted lane,Mid Junction - on roundabout or on main road,None,None,Did not leave carriageway,None,Front,No,Not known,Male,NA,16 - 20,NA,Petrol,14,Data missing or out of range,Less deprived 30-40%,Urban area
2019136BN1431,2019,136BN1431,2,Car,No tow/articulation,Overtaking static vehicle - offside,South East,North,On main c'way - not in restricted lane,Mid Junction - on roundabout or on main road,None,None,Did not leave carriageway,None,Front,No,Not known,Female,NA,36 - 45,NA,Heavy oil,7,Data missing or out of range,More deprived 10-20%,Urban area