accident_index,accident_year,accident_reference,vehicle_reference,vehicle_type,towing_and_articulation,vehicle_manoeuvre,vehicle_direction_from,vehicle_direction_to,vehicle_location_restricted_lane,junction_location,skidding_and_overturning,hit_object_in_carriageway,vehicle_leaving_carriageway,hit_object_off_carriageway,first_point_of_impact,vehicle_left_hand_drive,journey_purpose_of_driver,sex_of_driver,age_of_driver,age_band_of_driver,engine_capacity_cc,propulsion_code,age_of_vehicle,generic_make_model,driver_imd_decile,driver_home_area_type
2019136CE0735,2019,136CE0735,1,Motorcycle 125cc and under,No tow/articulation,Going ahead left-hand bend,South East,North,On main c'way - not in restricted lane,Not at or within 20 metres of junction,Skidded and overturned,None,Did not leave carriageway,None,Did not impact,No,Not known,Male,NA,26 - 35,NA,Petrol,4,Data missing or out of range,Less deprived 30-40%,Urban area
2019136CE1033,2019,136CE1033,1,Car,No tow/articulation,Going ahead other,South West,East,On main c'way - not in restricted lane,Not at or within 20 metres of junction,None,Other object,Did not leave carriageway,None,Offside,No,Not known,Female,NA,21 - 25,NA,Petrol,2,Data missing or out of range,Most deprived 10%,Urban area
2019136CE1051,2019,136CE1051,1,Van / Goods 3.5 tonnes mgw or under,No tow/articulation,Going ahead other,North East,South West,On main c'way - not in restricted lane,Not at or within 20 metres of junction,None,None,Did not leave carriageway,None,Nearside,No,Not known,Not known,Data missing or out of range,Data missing or out of range,Data missing or out of range,Undefined,-1,Data missing or out of range,Data missing or out of range,Data missing or out of range
2019136CE1519,2019,136CE1519,1,Car,No tow/articulation,Turning left,South East,West,On main c'way - not in restricted lane,Entering main road,None,None,Did not leave carriageway,None,Front,No,Not known,Female,NA,46 - 55,NA,Petrol,3,Data missing or out of range,Less deprived 20-30%,Small town
2019136CE1519,2019,136CE1519,2,Car,No tow/articulation,Turning left,South East,West,On main c'way - not in restricted lane,Entering main road,None,None,Did not leave carriageway,None,Back,No,Not known,Female,NA,26 - 35,NA,Petrol,14,Data missing or out of range,Less deprived 20-30%,Rural
2019136CE1970,2019,136CE1970,1,Car,No tow/articulation,Overtaking moving vehicle - offside,South West,North East,On main c'way - not in restricted lane,Not at or within 20 metres of junction,None,None,Did not leave carriageway,None,Front,No,Not known,Male,NA,26 - 35,NA,Heavy oil,11,Data missing or out of range,Data missing or out of range,Data missing or out of range
2019136CF0440,2019,136CF0440,1,Car,No tow/articulation,Turning left,South East,North West,On main c'way - not in restricted lane,Entering main road,None,Other object,Did not leave carriageway,None,Front,No,Not known,Male,NA,26 - 35,NA,Petrol,12,Data missing or out of range,More deprived 10-20%,Urban area
2019136CF0440,2019,136CF0440,2,Pedal cycle,No tow/articulation,Going ahead other,North East,West,On main c'way - not in restricted lane,Mid Junction - on roundabout or on main road,None,Other object,Did not leave carriageway,None,Nearside,No,Commuting to/from work,Male,NA,56 - 65,Data missing or out of range,Undefined,-1,Data missing or out of range,Data missing or out of range,Data missing or out of range
2019136CF0743,2019,136CF0743,1,Van / Goods 3.5 tonnes mgw or under,No tow/articulation,Going ahead left-hand bend,South East,North West,On main c'way - not in restricted lane,Approaching junction or waiting/parked at junction approach,None,None,Did not leave carriageway,None,Front,No,Not known,Not known,Data missing or out of range,Data missing or out of range,Data missing or out of range,Undefined,-1,Data missing or out of range,Data missing or out of range,Data missing or out of range
2019136CF0743,2019,136CF0743,2,Car,No tow/articulation,Waiting to go - held up,South East,North West,On main c'way - not in restricted lane,Approaching junction or waiting/parked at junction approach,None,None,Did not leave carriageway,None,Back,No,Not known,Male,NA,56 - 65,NA,Heavy oil,2,Data missing or out of range,Less deprived 30-40%,Rural
2019136CF0743,2019,136CF0743,3,Car,No tow/articulation,Waiting to go - held up,South East,North West,On main c'way - not in restricted lane,Cleared junction or waiting/parked at junction exit,None,None,Did not leave carriageway,None,Back,No,Not known,Male,NA,56 - 65,NA,Heavy oil,6,Data missing or out of range,Less deprived 30-40%,Urban area
2019136CF1352,2019,136CF1352,1,Car,No tow/articulation,Going ahead other,North West,South East,On main c'way - not in restricted lane,Not at or within 20 metres of junction,None,Road works,Did not leave carriageway,None,Nearside,No,Not known,Female,NA,66 - 75,NA,Petrol,3,Data missing or out of range,Less deprived 20-30%,Urban area
2019136CG1300,2019,136CG1300,1,Car,No tow/articulation,Going ahead other,East,West,On main c'way - not in restricted lane,Approaching junction or waiting/parked at junction approach,None,None,Did not leave carriageway,None,Front,No,Journey as part of work,Female,NA,21 - 25,NA,Heavy oil,1,Data missing or out of range,Most deprived 10%,Urban area
2019136CG1310,2019,136CG1310,1,Car,No tow/articulation,Going ahead other,North East,West,On main c'way - not in restricted lane,Mid Junction - on roundabout or on main road,None,None,Did not leave carriageway,None,Front,No,Not known,Male,NA,21 - 25,NA,Petrol,4,Data missing or out of range,More deprived 40-50%,Urban area
2019136CG1310,2019,136CG1310,2,Car,No tow/articulation,Waiting to go - held up,Parked,Parked,On main c'way - not in restricted lane,Approaching junction or waiting/parked at junction approach,None,None,Did not leave carriageway,None,Front,No,Not known,Male,NA,46 - 55,NA,Heavy oil,5,Data missing or out of range,Less deprived 10-20%,Urban area
2019136CG1310,2019,136CG1310,3,Car,No tow/articulation,Waiting to go - held up,Parked,Parked,On main c'way - not in restricted lane,Approaching junction or waiting/parked at junction approach,None,None,Did not leave carriageway,None,Front,No,Not known,Female,NA,36 - 45,NA,Petrol,15,Data missing or out of range,Most deprived 10%,Urban area
2019136CG1345,2019,136CG1345,1,Car,No tow/articulation,Going ahead other,South East,North,On main c'way - not in restricted lane,Not at or within 20 metres of junction,None,None,Nearside,Tree,Front,No,Not known,Female,NA,66 - 75,NA,Heavy oil,4,Data missing or out of range,Data missing or out of range,Data missing or out of range
2019136CH0285,2019,136CH0285,1,Car,No tow/articulation,Going ahead other,South East,North,On main c'way - not in restricted lane,Not at or within 20 metres of junction,None,None,Did not leave carriageway,None,Front,No,Not known,Female,NA,26 - 35,NA,Heavy oil,11,Data missing or out of range,More deprived 10-20%,Urban area
2019136CH0285,2019,136CH0285,2,Car,No tow/articulation,Slowing or stopping,South East,North,On main c'way - not in restricted lane,Not at or within 20 metres of junction,None,None,Did not leave carriageway,None,Back,No,Not known,Male,NA,66 - 75,NA,Petrol,7,Data missing or out of range,More deprived 30-40%,Urban area
2019136CH1164,2019,136CH1164,1,Car,No tow/articulation,Turning right,South East,North West,On main c'way - not in restricted lane,Approaching junction or waiting/parked at junction approach,None,None,Did not leave carriageway,None,Front,No,Not known,Male,NA,26 - 35,NA,Heavy oil,12,Data missing or out of range,Most deprived 10%,Urban area
2019136CH1164,2019,136CH1164,2,Car,No tow/articulation,Going ahead other,North West,South East,On main c'way - not in restricted lane,Cleared junction or waiting/parked at junction exit,None,None,Did not leave carriageway,None,Front,No,Not known,Male,NA,16 - 20,Data missing or out of range,Undefined,-1,Data missing or out of range,More deprived 30-40%,Urban area
2019136CH1164,2019,136CH1164,3,Car,No tow/articulation,Going ahead other,South East,North West,On main c'way - not in restricted lane,Approaching junction or waiting/parked at junction approach,None,None,Did not leave carriageway,None,Did not impact,No,Journey as part of work,Male,NA,26 - 35,NA,Heavy oil,2,Data missing or out of range,Most deprived 10%,Urban area
2019136CH1478,2019,136CH1478,1,Car,No tow/articulation,Turning left,North,East,On main c'way - not in restricted lane,Entering main road,None,None,Did not leave carriageway,None,Front,No,Not known,Male,NA,36 - 45,Data missing or out of range,Undefined,-1,Data missing or out of range,Less deprived 40-50%,Small town
2019136CH1478,2019,136CH1478,2,Motorcycle 125cc and under,No tow/articulation,Going ahead other,West,East,On main c'way - not in restricted lane,Mid Junction - on roundabout or on main road,None,None,Did not leave carriageway,None,Nearside,No,Not known,Male,NA,16 - 20,NA,Petrol,0,Data missing or out of range,More deprived 10-20%,Urban area
2019136CI1516,2019,136CI1516,1,Taxi/Private hire car,No tow/articulation,Going ahead other,West,East,On main c'way - not in restricted lane,Not at or within 20 metres of junction,None,None,Did not leave carriageway,None,Nearside,No,Commuting to/from work,Male,NA,56 - 65,NA,Heavy oil,6,Data missing or out of range,Most deprived 10%,Urban area
2019136CI1548,2019,136CI1548,1,Car,No tow/articulation,Going ahead other,West,East,On main c'way - not in restricted lane,Not at or within 20 metres of junction,None,None,Did not leave carriageway,None,Front,No,Not known,Male,NA,36 - 45,NA,Petrol,20,Data missing or out of range,More deprived 10-20%,Urban area
2019136CJ0524,2019,136CJ0524,1,Car,No tow/articulation,Turning right,South East,North East,On main c'way - not in restricted lane,Entering main road,None,None,Did not leave carriageway,None,Front,No,Not known,Male,NA,46 - 55,NA,Heavy oil,4,Data missing or out of range,Data missing or out of range,Data missing or out of range
2019136CJ1279,2019,136CJ1279,1,Car,No tow/articulation,Moving off,South West,North East,On main c'way - not in restricted lane,Not at or within 20 metres of junction,None,None,Did not leave carriageway,None,Offside,No,Not known,Male,NA,36 - 45,NA,Heavy oil,3,Data missing or out of range,Most deprived 10%,Urban area
2019136CJ1279,2019,136CJ1279,2,Pedal cycle,No tow/articulation,Going ahead other,South West,North East,On main c'way - not in restricted lane,Not at or within 20 metres of junction,None,None,Did not leave carriageway,None,Front,No,Not known,Male,NA,21 - 25,Data missing or out of range,Undefined,-1,Data missing or out of range,Most deprived 10%,Urban area
2019136CJ1358,2019,136CJ1358,1,Bus or coach (17 or more pass seats),No tow/articulation,Going ahead other,South East,North West,On main c'way - not in restricted lane,Not at or within 20 metres of junction,None,None,Did not leave carriageway,None,Front,No,Journey as part of work,Male,NA,46 - 55,NA,Heavy oil,14,Data missing or out of range,More deprived 20-30%,Urban area
2019136CK1664,2019,136CK1664,1,Car,No tow/articulation,Going ahead other,South East,North,On main c'way - not in restricted lane,Approaching junction or waiting/parked at junction approach,None,None,Did not leave carriageway,None,Front,No,Not known,Male,NA,21 - 25,NA,Petrol,5,Data missing or out of range,Less deprived 30-40%,Urban area
2019136CK1664,2019,136CK1664,2,Car,No tow/articulation,Turning right,West,South East,On main c'way - not in restricted lane,Entering main road,None,None,Did not leave carriageway,None,Offside,No,Not known,Female,NA,21 - 25,NA,Petrol,12,Data missing or out of range,Most deprived 10%,Urban area
2019136CK1753,2019,136CK1753,1,Car,No tow/articulation,Turning right,South East,North East,On main c'way - not in restricted lane,Mid Junction - on roundabout or on main road,None,Other object,Did not leave carriageway,None,Front,No,Not known,Male,Data missing or out of range,Data missing or out of range,NA,Petrol,15,Data missing or out of range,Data missing or out of range,Data missing or out of range
2019136CL1370,2019,136CL1370,1,Car,No tow/articulation,Going ahead other,North East,South West,On main c'way - not in restricted lane,Not at or within 20 metres of junction,None,None,Did not leave carriageway,None,Front,No,Not known,Female,NA,66 - 75,NA,Petrol,1,Data missing or out of range,Less deprived 20-30%,Urban area
2019136CL1403,2019,136CL1403,1,Motorcycle over 125cc and up to 500cc,No tow/articulation,Going ahead other,South East,North West,On main c'way - not in restricted lane,Not at or within 20 metres of junction,Skidded,None,Did not leave carriageway,None,Did not impact,No,Not known,Male,NA,46 - 55,NA,Petrol,16,Data missing or out of range,Most deprived 10%,Urban area
2019136CL1420,2019,136CL1420,1,Taxi/Private hire car,No tow/articulation,Moving off,West,East,On main c'way - not in restricted lane,Not at or within 20 metres of junction,None,None,Did not leave carriageway,None,Front,No,Journey as part of work,Male,NA,36 - 45,Data missing or out of range,Undefined,-1,Data missing or out of range,Most deprived 10%,Urban area
2019136CP0321,2019,136CP0321,1,Car,No tow/articulation,Turning left,North East,South West,On main c'way - not in restricted lane,Approaching junction or waiting/parked at junction approach,None,None,Did not leave carriageway,None,Front,No,Not known,Male,NA,26 - 35,NA,Heavy oil,2,Data missing or out of range,More deprived 10-20%,Urban area
2019136CP0321,2019,136CP0321,2,Taxi/Private hire car,No tow/articulation,Turning right,South West,North East,On main c'way - not in restricted lane,Mid Junction - on roundabout or on main road,None,None,Did not leave carriageway,None,Front,No,Journey as part of work,Male,NA,46 - 55,NA,Heavy oil,5,Data missing or out of range,More deprived 20-30%,Urban area
2019136CR0143,2019,136CR0143,1,Taxi/Private hire car,No tow/articulation,Turning right,East,North,On main c'way - not in restricted lane,Leaving main road,None,None,Did not leave carriageway,None,Offside,No,Journey as part of work,Male,NA,56 - 65,Data missing or out of range,Undefined,-1,Data missing or out of range,More deprived 10-20%,Urban area
2019136CR0884,2019,136CR0884,1,Car,No tow/articulation,Waiting to go - held up,North,South East,On main c'way - not in restricted lane,Approaching junction or waiting/parked at junction approach,None,None,Did not leave carriageway,None,Back,No,Not known,Female,NA,46 - 55,NA,Heavy oil,1,Data missing or out of range,More deprived 30-40%,Urban area
2019136CR0884,2019,136CR0884,2,Car,No tow/articulation,Slowing or stopping,North,South East,On main c'way - not in restricted lane,Approaching junction or waiting/parked at junction approach,None,None,Did not leave carriageway,None,Front,No,Not known,Male,NA,26 - 35,NA,Heavy oil,14,Data missing or out of range,Less deprived 40-50%,Urban area
2019136CR0897,2019,136CR0897,1,Car,No tow/articulation,Going ahead other,East,West,On main c'way - not in restricted lane,Not at or within 20 metres of junction,None,None,Did not leave carriageway,None,Front,No,Not known,Male,NA,36 - 45,NA,Heavy oil,14,Data missing or out of range,Most deprived 10%,Urban area
2019136CR0897,2019,136CR0897,2,Car,No tow/articulation,Going ahead other,East,West,On main c'way - not in restricted lane,Not at or within 20 metres of junction,None,None,Did not leave carriageway,None,Back,No,Not known,Male,NA,26 - 35,NA,Petrol,9,Data missing or out of range,More deprived 20-30%,Urban area
2019136CR1415,2019,136CR1415,1,Car,No tow/articulation,Going ahead other,East,South West,On main c'way - not in restricted lane,Not at or within 20 metres of junction,None,None,Did not leave carriageway,None,Front,No,Not known,Female,NA,36 - 45,NA,Heavy oil,9,Data missing or out of range,More deprived 30-40%,Urban area
2019136CR2099,2019,136CR2099,1,Car,No tow/articulation,Going ahead other,North East,South West,On main c'way - not in restricted lane,Not at or within 20 metres of junction,None,None,Did not leave carriageway,None,Front,No,Not known,Male,NA,36 - 45,Data missing or out of range,Undefined,-1,Data missing or out of range,Data missing or out of range,Data missing or out of range
2019136CR2099,2019,136CR2099,2,Car,No tow/articulation,Parked,Parked,Parked,On main c'way - not in restricted lane,Not at or within 20 metres of junction,None,None,Did not leave carriageway,None,Back,No,Not known,Male,NA,16 - 20,NA,Petrol,4,Data missing or out of range,Most deprived 10%,Urban area
2019136CT1224,2019,136CT1224,1,Car,No tow/articulation,Going ahead other,South East,North West,On main c'way - not in restricted lane,Mid Junction - on roundabout or on main road,Overturned,None,Did not leave carriageway,None,Front,No,Not known,Male,NA,26 - 35,NA,Heavy oil,12,Data missing or out of range,Less deprived 40-50%,Urban area
2019136CT1224,2019,136CT1224,2,Car,No tow/articulation,Parked,Parked,Parked,On main c'way - not in restricted lane,Mid Junction - on roundabout or on main road,None,None,Did not leave carriageway,None,Front,No,Not known,Not known,Data missing or out of range,Data missing or out of range,NA,Heavy oil,5,Data missing or out of range,Data missing or out of range,Data missing or out of range
2019136CT1457,2019,136CT1457,1,Car,No tow/articulation,Going ahead left-hand bend,North,South East,On main c'way - not in restricted lane,Mid Junction - on roundabout or on main road,None,Bollard or refuge,Did not leave carriageway,Road sign or traffic signal,Front,No,Not known,Male,NA,26 - 35,NA,Petrol,0,Data missing or out of range,More deprived 10-20%,Urban area
2019136CU0568,2019,136CU0568,1,Car,No tow/articulation,Going ahead other,West,East,On main c'way - not in restricted lane,Not at or within 20 metres of junction,None,None,Did not leave carriageway,None,Front,No,Not known,Male,NA,46 - 55,NA,Heavy oil,5,Data missing or out of range,Least deprived 10%,Urban area
2019136CU0969,2019,136CU0969,1,Car,No tow/articulation,Going ahead other,East,West,On main c'way - not in restricted lane,Entering roundabout,None,None,Did not leave carriageway,None,Front,No,Not known,Male,Data missing or out of range,Data missing or out of range,NA,Heavy oil,4,Data missing or out of range,More deprived 20-30%,Urban area
2019136CU0969,2019,136CU0969,2,Car,No tow/articulation,Turning right,West,South East,On main c'way - not in restricted lane,Leaving main road,None,None,Did not leave carriageway,None,Offside,No,Not known,Female,NA,21 - 25,NA,Heavy oil,11,Data missing or out of range,More deprived 20-30%,Urban area
2019137141255,2019,137141255,1,Car,No tow/articulation,Going ahead other,North,South East,On main c'way - not in restricted lane,Mid Junction - on roundabout or on main road,None,None,Did not leave carriageway,None,Front,No,Not known,Not known,Data missing or out of range,Data missing or out of range,Data missing or out of range,Undefined,-1,Data missing or out of range,Data missing or out of range,Data missing or out of range
2020137111330,2020,137111330,1,Car,No tow/articulation,Going ahead other,West,East,On main c'way - not in restricted lane,Mid Junction - on roundabout or on main road,None,None,Did not leave carriageway,None,Nearside,No,Journey as part of work,Male,NA,36 - 45,NA,Heavy oil,5,NA,Most deprived 10%,Urban area
2020137111330,2020,137111330,2,Pedal cycle,No tow/articulation,Going ahead other,North East,South West,On main c'way - not in restricted lane,Approaching junction or waiting/parked at junction approach,None,None,Did not leave carriageway,None,Front,No,Not known,Male,NA,36 - 45,Data missing or out of range,Undefined,-1,Data missing or out of range,Most deprived 10%,Urban area
2020137121059,2020,137121059,1,Car,No tow/articulation,Going ahead other,North East,South West,Cycle lane (on main carriageway),Approaching junction or waiting/parked at junction approach,None,None,Did not leave carriageway,None,Nearside,No,Not known,Male,NA,26 - 35,Data missing or out of range,Undefined,-1,Data missing or out of range,Data missing or out of range,Data missing or out of range
2020137121059,2020,137121059,2,Pedal cycle,No tow/articulation,Going ahead other,North East,South West,Cycle lane (on main carriageway),Approaching junction or waiting/parked at junction approach,None,None,Did not leave carriageway,None,Offside,No,Not known,Male,NA,26 - 35,Data missing or out of range,Undefined,-1,Data missing or out of range,Less deprived 40-50%,Small town
2020137121301,2020,137121301,1,Car,No tow/articulation,Going ahead other,North West,South East,On main c'way - not in restricted lane,Not at or within 20 metres of junction,None,Other object,Did not leave carriageway,None,Nearside,No,Not known,Male,NA,56 - 65,NA,Petrol,12,NA,Most deprived 10%,Urban area
2020137121696,2020,137121696,1,Car,No tow/articulation,Reversing,West,East,On main c'way - not in restricted lane,Not at or within 20 metres of junction,None,None,Did not leave carriageway,None,Back,No,Journey as part of work,Male,Data missing or out of range,Data missing or out of range,NA,Hybrid electric,4,NA,Most deprived 10%,Urban area
2020137130783,2020,137130783,1,Car,No tow/articulation,Going ahead other,East,West,On main c'way - not in restricted lane,Not at or within 20 metres of junction,None,Parked vehicle,Did not leave carriageway,None,Front,No,Not known,Male,NA,36 - 45,NA,Heavy oil,14,NA,More deprived 10-20%,Urban area
2020137130783,2020,137130783,2,Van / Goods 3.5 tonnes mgw or under,No tow/articulation,Parked,Parked,Parked,On main c'way - not in restricted lane,Not at or within 20 metres of junction,None,None,Did not leave carriageway,None,Back,No,Not known,Not known,Data missing or out of range,Data missing or out of range,NA,Heavy oil,2,NA,More deprived 20-30%,Urban area
2020137140039,2020,137140039,1,Car,No tow/articulation,Turning left,East,South East,On main c'way - not in restricted lane,Mid Junction - on roundabout or on main road,None,None,Did not leave carriageway,None,Front,No,Not known,Female,NA,16 - 20,NA,Heavy oil,6,NA,More deprived 10-20%,Urban area
2020137140039,2020,137140039,2,Car,No tow/articulation,Waiting to turn right,South East,North,On main c'way - not in restricted lane,Mid Junction - on roundabout or on main road,None,None,Did not leave carriageway,None,Front,No,Not known,Male,NA,21 - 25,NA,Heavy oil,8,NA,Most deprived 10%,Urban area
2020137140050,2020,137140050,1,Taxi/Private hire car,No tow/articulation,Turning right,South East,North West,On main c'way - not in restricted lane,Entering main road,None,None,Did not leave carriageway,None,Offside,No,Journey as part of work,Male,NA,46 - 55,NA,Petrol,10,NA,Most deprived 10%,Urban area
2020137140050,2020,137140050,2,Car,No tow/articulation,Going ahead other,North East,South West,On main c'way - not in restricted lane,Mid Junction - on roundabout or on main road,None,None,Did not leave carriageway,None,Front,No,Not known,Male,NA,21 - 25,Data missing or out of range,Undefined,-1,Data missing or out of range,More deprived 30-40%,Urban area
2020137141224,2020,137141224,1,Car,No tow/articulation,Turning right,South West,South East,On main c'way - not in restricted lane,Entering main road,None,None,Did not leave carriageway,None,Offside,No,Not known,Male,NA,26 - 35,NA,Heavy oil,10,NA,Most deprived 10%,Urban area
2020137141224,2020,137141224,2,Car,No tow/articulation,Going ahead other,South East,North West,On main c'way - not in restricted lane,Approaching junction or waiting/parked at junction approach,None,None,Did not leave carriageway,None,Front,No,Journey as part of work,Male,NA,26 - 35,NA,Heavy oil,8,NA,Most deprived 10%,Urban area
2020137141243,2020,137141243,1,Motorcycle 125cc and under,No tow/articulation,Going ahead other,East,West,On main c'way - not in restricted lane,Approaching junction or waiting/parked at junction approach,None,None,Did not leave carriageway,None,Front,No,Not known,Male,NA,26 - 35,NA,Petrol,12,NA,Most deprived 10%,Urban area
2020137141243,2020,137141243,2,Car,No tow/articulation,Turning right,South East,East,On main c'way - not in restricted lane,Entering main road,None,None,Did not leave carriageway,None,Offside,No,Not known,Male,NA,66 - 75,NA,Petrol,2,NA,More deprived 20-30%,Urban area
2020137141600,2020,137141600,1,Car,No tow/articulation,Going ahead left-hand bend,North,South East,On main c'way - not in restricted lane,Approaching junction or waiting/parked at junction approach,Skidded,None,Nearside,Wall or fence,Front,No,Not known,Female,NA,26 - 35,Data missing or out of range,Undefined,-1,Data missing or out of range,More deprived 20-30%,Urban area
2020137141838,2020,137141838,1,Car,No tow/articulation,Turning left,South East,West,Footway (pavement),Approaching junction or waiting/parked at junction approach,None,None,Did not leave carriageway,None,Nearside,No,Journey as part of work,Male,NA,36 - 45,Data missing or out of range,Undefined,-1,Data missing or out of range,Data missing or out of range,Data missing or out of range
2020137151394,2020,137151394,1,Car,No tow/articulation,Turning left,South West,North,On main c'way - not in restricted lane,Entering main road,None,None,Did not leave carriageway,None,Front,No,Not known,Male,NA,46 - 55,NA,Heavy oil,4,NA,Less deprived 40-50%,Urban area
2020137160723,2020,137160723,1,Car,No tow/articulation,Going ahead other,West,East,On main c'way - not in restricted lane,Not at or within 20 metres of junction,None,None,Did not leave carriageway,None,Front,No,Not known,Male,NA,46 - 55,NA,Petrol,19,NA,More deprived 20-30%,Urban area
2020137160723,2020,137160723,2,Taxi/Private hire car,No tow/articulation,Going ahead other,West,East,On main c'way - not in restricted lane,Not at or within 20 metres of junction,None,None,Did not leave carriageway,None,Back,No,Journey as part of work,Male,NA,26 - 35,NA,Hybrid electric,8,NA,Most deprived 10%,Urban area
2020137161593,2020,137161593,1,Car,No tow/articulation,Going ahead other,North,South East,On main c'way - not in restricted lane,Approaching junction or waiting/parked at junction approach,None,None,Did not leave carriageway,None,Front,No,Not known,Not known,Data missing or out of range,Data missing or out of range,Data missing or out of range,Undefined,-1,Data missing or out of range,Data missing or out of range,Data missing or out of range
2020137161593,2020,137161593,2,Car,No tow/articulation,Going ahead other,West,East,On main c'way - not in restricted lane,Approaching junction or waiting/parked at junction approach,None,None,Did not leave carriageway,None,Nearside,No,Not known,Male,NA,46 - 55,NA,Heavy oil,3,NA,More deprived 20-30%,Urban area
2020137171143,2020,137171143,1,Car,No tow/articulation,Going ahead other,North,South East,On main c'way - not in restricted lane,Not at or within 20 metres of junction,None,None,Did not leave carriageway,None,Front,No,Not known,Male,NA,36 - 45,NA,Heavy oil,4,NA,More deprived 10-20%,Urban area
2020137171143,2020,137171143,2,Car,No tow/articulation,Waiting to go - held up,North,South East,On main c'way - not in restricted lane,Not at or within 20 metres of junction,None,None,Did not leave carriageway,None,Back,No,Not known,Male,NA,56 - 65,NA,Heavy oil,6,NA,Less deprived 30-40%,Urban area
2020137171143,2020,137171143,3,Car,No tow/articulation,Waiting to go - held up,North,South East,On main c'way - not in restricted lane,Not at or within 20 metres of junction,None,None,Did not leave carriageway,None,Back,No,Not known,Male,NA,21 - 25,NA,Petrol,13,NA,More deprived 40-50%,Urban area
2020137171143,2020,137171143,4,Car,No tow/articulation,Waiting to go - held up,North,South East,On main c'way - not in restricted lane,Not at or within 20 metres of junction,None,None,Did not leave carriageway,None,Back,No,Not known,Male,NA,26 - 35,NA,Petrol,2,NA,Less deprived 20-30%,Urban area
2020137171165,2020,137171165,1,Motorcycle 125cc and under,No tow/articulation,Going ahead other,North,South East,On main c'way - not in restricted lane,Mid Junction - on roundabout or on main road,None,None,Did not leave carriageway,None,Front,No,Not known,Male,NA,21 - 25,Data missing or out of range,Undefined,-1,Data missing or out of range,More deprived 40-50%,Urban area
2020137171165,2020,137171165,2,Car,No tow/articulation,Turning right,West,East,On main c'way - not in restricted lane,Mid Junction - on roundabout or on main road,None,None,Did not leave carriageway,None,Front,No,Not known,Male,NA,21 - 25,Data missing or out of range,Undefined,-1,Data missing or out of range,More deprived 40-50%,Urban area
2020137180242,2020,137180242,1,Car,No tow/articulation,Going ahead other,North,South East,On main c'way - not in restricted lane,Mid Junction - on roundabout or on main road,None,None,Did not leave carriageway,None,Front,No,Not known,Male,NA,21 - 25,NA,Heavy oil,10,NA,Most deprived 10%,Urban area
2020137180242,2020,137180242,2,Car,No tow/articulation,Turning right,South East,East,On main c'way - not in restricted lane,Leaving main road,None,None,Did not leave carriageway,None,Front,No,Not known,Male,NA,26 - 35,NA,Petrol,10,NA,Less deprived 40-50%,Urban area
2020137180996,2020,137180996,1,Car,No tow/articulation,Going ahead other,West,East,On main c'way - not in restricted lane,Mid Junction - on roundabout or on main road,None,None,Did not leave carriageway,None,Offside,No,Not known,Male,NA,46 - 55,NA,Heavy oil,9,NA,Less deprived 10-20%,Rural
2020137180996,2020,137180996,2,Motorcycle over 500cc,No tow/articulation,Going ahead other,West,East,On main c'way - not in restricted lane,Mid Junction - on roundabout or on main road,None,None,Did not leave carriageway,None,Front,No,Not known,Male,NA,56 - 65,NA,Petrol,1,Data missing or out of range,More deprived 20-30%,Urban area
2020137190878,2020,137190878,1,Car,No tow/articulation,Going ahead left-hand bend,North West,South East,On main c'way - not in restricted lane,Approaching junction or waiting/parked at junction approach,None,None,Did not leave carriageway,None,Front,No,Not known,Male,NA,26 - 35,NA,Petrol,15,NA,Most deprived 10%,Urban area
2020137191441,2020,137191441,1,Car,No tow/articulation,Going ahead other,East,West,On main c'way - not in restricted lane,Not at or within 20 metres of junction,None,None,Did not leave carriageway,None,Front,No,Not known,Not known,Data missing or out of range,Data missing or out of range,Data missing or out of range,Undefined,-1,Data missing or out of range,Data missing or out of range,Data missing or out of range
2020137191441,2020,137191441,2,Pedal cycle,No tow/articulation,Going ahead other,East,West,On main c'way - not in restricted lane,Not at or within 20 metres of junction,None,None,Did not leave carriageway,None,Back,No,Not known,Male,NA,56 - 65,Data missing or out of range,Undefined,-1,Data missing or out of range,Less deprived 20-30%,Urban area
20201371A1066,2020,1371A1066,1,Car,No tow/articulation,Going ahead other,South East,North,On main c'way - not in restricted lane,Not at or within 20 metres of junction,None,None,Did not leave carriageway,None,Nearside,No,Not known,Male,NA,56 - 65,Data missing or out of range,Undefined,-1,Data missing or out of range,Less deprived 40-50%,Urban area
20201371A1094,2020,1371A1094,1,Car,No tow/articulation,Going ahead other,South East,North,On main c'way - not in restricted lane,Not at or within 20 metres of junction,None,None,Did not leave carriageway,None,Front,No,Not known,Female,NA,46 - 55,NA,Petrol,2,NA,More deprived 10-20%,Urban area
20201371A1166,2020,1371A1166,1,Van / Goods 3.5 tonnes mgw or under,No tow/articulation,Turning right,South East,East,On main c'way - not in restricted lane,Approaching junction or waiting/parked at junction approach,None,None,Did not leave carriageway,None,Back,No,Journey as part of work,Male,NA,21 - 25,NA,Heavy oil,6,Data missing or out of range,More deprived 20-30%,Urban area