accident_index,accident_year,accident_reference,vehicle_reference,vehicle_type,towing_and_articulation,vehicle_manoeuvre,vehicle_direction_from,vehicle_direction_to,vehicle_location_restricted_lane,junction_location,skidding_and_overturning,hit_object_in_carriageway,vehicle_leaving_carriageway,hit_object_off_carriageway,first_point_of_impact,vehicle_left_hand_drive,journey_purpose_of_driver,sex_of_driver,age_of_driver,age_band_of_driver,engine_capacity_cc,propulsion_code,age_of_vehicle,generic_make_model,driver_imd_decile,driver_home_area_type
20201371A1166,2020,1371A1166,2,Car,No tow/articulation,Going ahead other,West,East,On main c'way - not in restricted lane,Mid Junction - on roundabout or on main road,None,None,Did not leave carriageway,None,Did not impact,No,Not known,Female,NA,36 - 45,NA,Petrol,7,NA,More deprived 20-30%,Urban area
20201371A1166,2020,1371A1166,3,Car,No tow/articulation,Going ahead other,East,West,On main c'way - not in restricted lane,Approaching junction or waiting/parked at junction approach,None,None,Did not leave carriageway,None,Front,No,Not known,Male,NA,46 - 55,NA,Heavy oil,11,NA,Less deprived 30-40%,Urban area
20201371A1282,2020,1371A1282,1,Car,No tow/articulation,Going ahead other,East,West,On main c'way - not in restricted lane,Not at or within 20 metres of junction,None,None,Did not leave carriageway,None,Front,No,Not known,Male,NA,Over 75,NA,Petrol,2,NA,Less deprived 10-20%,Rural
20201371A1282,2020,1371A1282,2,Car,No tow/articulation,Waiting to go - held up,East,West,On main c'way - not in restricted lane,Not at or within 20 metres of junction,None,None,Did not leave carriageway,None,Back,No,Not known,Female,NA,36 - 45,NA,Heavy oil,1,NA,More deprived 30-40%,Small town
20201371A1282,2020,1371A1282,3,Car,No tow/articulation,Waiting to go - held up,East,West,On main c'way - not in restricted lane,Not at or within 20 metres of junction,None,None,Did not leave carriageway,None,Back,No,Commuting to/from work,Female,NA,46 - 55,NA,Heavy oil,8,NA,Less deprived 20-30%,Rural
20201371B1433,2020,1371B1433,1,Car,No tow/articulation,Going ahead other,East,West,On main c'way - not in restricted lane,Mid Junction - on roundabout or on main road,None,None,Did not leave carriageway,None,Front,No,Not known,Male,NA,21 - 25,NA,Petrol,15,NA,Less deprived 40-50%,Rural
20201371B1433,2020,1371B1433,2,Car,No tow/articulation,Going ahead other,Parked,Parked,On main c'way - not in restricted lane,Mid Junction - on roundabout or on main road,None,None,Did not leave carriageway,None,Back,No,Not known,Male,NA,36 - 45,NA,Heavy oil,6,NA,Less deprived 40-50%,Urban area
20201371B1433,2020,1371B1433,3,Taxi/Private hire car,No tow/articulation,Going ahead other,Parked,Parked,On main c'way - not in restricted lane,Mid Junction - on roundabout or on main road,None,None,Did not leave carriageway,None,Offside,No,Journey as part of work,Male,NA,36 - 45,NA,Heavy oil,8,NA,Most deprived 10%,Urban area
20201371B1739,2020,1371B1739,1,Car,No tow/articulation,Going ahead other,West,East,On main c'way - not in restricted lane,Not at or within 20 metres of junction,None,None,Did not leave carriageway,None,Front,No,Not known,Male,NA,21 - 25,Data missing or out of range,Undefined,-1,Data missing or out of range,Most deprived 10%,Urban area
20201371B1739,2020,1371B1739,2,Car,No tow/articulation,Going ahead other,East,West,On main c'way - not in restricted lane,Not at or within 20 metres of junction,None,None,Did not leave carriageway,None,Front,No,Not known,Male,NA,36 - 45,NA,Petrol,15,NA,More deprived 40-50%,Urban area
20201371D0284,2020,1371D0284,1,Car,No tow/articulation,Going ahead other,East,West,On main c'way - not in restricted lane,Not at or within 20 metres of junction,None,Parked vehicle,Did not leave carriageway,None,Front,No,Not known,Female,NA,21 - 25,NA,Heavy oil,15,NA,Most deprived 10%,Urban area
20201371D0284,2020,1371D0284,2,Car,No tow/articulation,Parked,Parked,Parked,On main c'way - not in restricted lane,Not at or within 20 metres of junction,None,None,Did not leave carriageway,None,Back,No,Not known,Not known,Data missing or out of range,Data missing or out of range,NA,Petrol,17,NA,Most deprived 10%,Urban area
20201371D1346,2020,1371D1346,1,Car,No tow/articulation,Going ahead other,South East,North East,On main c'way - not in restricted lane,Entering roundabout,None,None,Did not leave carriageway,None,Did not impact,No,Not known,Female,NA,46 - 55,NA,Petrol,3,NA,Least deprived 10%,Urban area
20201371D1346,2020,1371D1346,2,Pedal cycle,No tow/articulation,Turning right,North East,West,On main c'way - not in restricted lane,Mid Junction - on roundabout or on main road,None,None,Did not leave carriageway,None,Did not impact,No,Not known,Male,NA,46 - 55,Data missing or out of range,Undefined,-1,Data missing or out of range,Less deprived 40-50%,Small town
20201371D1483,2020,1371D1483,1,Car,No tow/articulation,Slowing or stopping,North East,South West,On main c'way - not in restricted lane,Approaching junction or waiting/parked at junction approach,Skidded,None,Did not leave carriageway,None,Back,No,Not known,Male,NA,56 - 65,NA,Petrol,1,NA,Least deprived 10%,Rural
20201371D1483,2020,1371D1483,2,Goods over 3.5t. and under 7.5t,No tow/articulation,Slowing or stopping,North East,South West,On main c'way - not in restricted lane,Approaching junction or waiting/parked at junction approach,Skidded,None,Did not leave carriageway,None,Front,No,Journey as part of work,Male,Data missing or out of range,Data missing or out of range,NA,Heavy oil,4,NA,Data missing or out of range,Data missing or out of range
20201371E0192,2020,1371E0192,1,Car,No tow/articulation,Turning right,South East,North East,On main c'way - not in restricted lane,Mid Junction - on roundabout or on main road,None,None,Did not leave carriageway,None,Nearside,No,Journey as part of work,Male,NA,46 - 55,NA,Petrol,3,NA,Most deprived 10%,Urban area
20201371E0192,2020,1371E0192,2,Motorcycle over 500cc,No tow/articulation,Going ahead other,North West,South East,On main c'way - not in restricted lane,Mid Junction - on roundabout or on main road,None,None,Did not leave carriageway,None,Front,No,Journey as part of work,Male,NA,26 - 35,NA,Petrol,13,NA,Most deprived 10%,Urban area
20201371E0355,2020,1371E0355,1,Car,No tow/articulation,Going ahead other,South East,North West,On main c'way - not in restricted lane,Entering roundabout,None,None,Did not leave carriageway,None,Front,No,Journey as part of work,Male,NA,26 - 35,NA,Heavy oil,1,NA,Less deprived 10-20%,Rural
20201371E0355,2020,1371E0355,2,Pedal cycle,No tow/articulation,Turning right,South East,West,On main c'way - not in restricted lane,Mid Junction - on roundabout or on main road,None,None,Did not leave carriageway,None,Front,No,Not known,Male,NA,26 - 35,Data missing or out of range,Undefined,-1,Data missing or out of range,Less deprived 10-20%,Small town
20201371F0133,2020,1371F0133,1,Car,No tow/articulation,Turning right,North,West,On main c'way - not in restricted lane,Approaching junction or waiting/parked at junction approach,Skidded,None,Nearside,Other permanent object,Offside,No,Not known,Male,NA,26 - 35,NA,Heavy oil,8,NA,Most deprived 10%,Urban area
20201371F0133,2020,1371F0133,2,Car,No tow/articulation,Going ahead other,North,South East,On main c'way - not in restricted lane,Approaching junction or waiting/parked at junction approach,None,None,Nearside,None,Nearside,No,Journey as part of work,Male,NA,46 - 55,NA,Heavy oil,2,NA,Most deprived 10%,Urban area
20201371F1495,2020,1371F1495,1,Car,No tow/articulation,Going ahead other,South East,North West,On main c'way - not in restricted lane,Not at or within 20 metres of junction,None,None,Did not leave carriageway,None,Front,No,Not known,Male,NA,26 - 35,NA,Heavy oil,14,NA,More deprived 40-50%,Urban area
20201371G0265,2020,1371G0265,1,Taxi/Private hire car,No tow/articulation,Overtaking static vehicle - offside,South East,North,On main c'way - not in restricted lane,Not at or within 20 metres of junction,None,None,Did not leave carriageway,None,Front,No,Taking pupil to/from school,Male,NA,36 - 45,NA,Heavy oil,10,Data missing or out of range,Most deprived 10%,Urban area
20201371G0362,2020,1371G0362,1,Pedal cycle,No tow/articulation,Going ahead other,West,East,On main c'way - not in restricted lane,Mid Junction - on roundabout or on main road,None,None,Did not leave carriageway,None,Front,No,Not known,Male,NA,46 - 55,Data missing or out of range,Undefined,-1,Data missing or out of range,Less deprived 40-50%,Urban area
20201371G0597,2020,1371G0597,1,Car,No tow/articulation,Going ahead other,South West,North East,On main c'way - not in restricted lane,Not at or within 20 metres of junction,None,None,Did not leave carriageway,None,Front,No,Not known,Female,NA,36 - 45,NA,Heavy oil,13,NA,Data missing or out of range,Data missing or out of range
20201371G0597,2020,1371G0597,2,Car,No tow/articulation,Going ahead other,North East,South West,On main c'way - not in restricted lane,Not at or within 20 metres of junction,None,None,Did not leave carriageway,None,Front,No,Not known,Not known,Data missing or out of range,Data missing or out of range,Data missing or out of range,Undefined,-1,Data missing or out of range,Data missing or out of range,Data missing or out of range
20201371G0692,2020,1371G0692,1,Van / Goods 3.5 tonnes mgw or under,No tow/articulation,Going ahead other,South East,North,On main c'way - not in restricted lane,Not at or within 20 metres of junction,None,None,Did not leave carriageway,None,Nearside,No,Not known,Male,NA,36 - 45,Data missing or out of range,Undefined,-1,Data missing or out of range,More deprived 20-30%,Urban area
20201371G0692,2020,1371G0692,2,Car,No tow/articulation,Going ahead other,South East,North,On main c'way - not in restricted lane,Not at or within 20 metres of junction,None,None,Did not leave carriageway,None,Offside,No,Not known,Male,NA,26 - 35,Data missing or out of range,Undefined,-1,Data missing or out of range,Most deprived 10%,Urban area
20201371G0880,2020,1371G0880,1,Car,No tow/articulation,Going ahead other,North,South East,On main c'way - not in restricted lane,Entering main road,None,None,Did not leave carriageway,None,Front,No,Not known,Male,NA,36 - 45,NA,Heavy oil,5,NA,Less deprived 30-40%,Urban area
20201371G0880,2020,1371G0880,2,Car,No tow/articulation,Going ahead other,West,East,On main c'way - not in restricted lane,Mid Junction - on roundabout or on main road,None,None,Did not leave carriageway,None,Nearside,No,Not known,Female,NA,16 - 20,NA,Petrol,7,NA,Most deprived 10%,Urban area
20201371G1369,2020,1371G1369,1,Car,No tow/articulation,Turning right,North West,South East,On main c'way - not in restricted lane,Approaching junction or waiting/parked at junction approach,None,None,Did not leave carriageway,None,Front,No,Not known,Female,NA,26 - 35,NA,Petrol,16,NA,More deprived 10-20%,Urban area
20201371G1369,2020,1371G1369,2,Pedal cycle,No tow/articulation,Going ahead other,North East,South West,On main c'way - not in restricted lane,Mid Junction - on roundabout or on main road,None,None,Did not leave carriageway,None,Front,No,Not known,Male,NA,46 - 55,Data missing or out of range,Undefined,-1,Data missing or out of range,More deprived 40-50%,Urban area
20201371G1416,2020,1371G1416,1,Car,No tow/articulation,Turning left,South East,North East,On main c'way - not in restricted lane,Approaching junction or waiting/parked at junction approach,None,Other object,Did not leave carriageway,None,Nearside,No,Not known,Male,NA,21 - 25,NA,Heavy oil,12,NA,More deprived 40-50%,Urban area
20201371G2009,2020,1371G2009,1,Car,No tow/articulation,Turning left,North West,North East,On main c'way - not in restricted lane,Approaching junction or waiting/parked at junction approach,None,None,Did not leave carriageway,None,Front,No,Not known,Female,NA,36 - 45,NA,Petrol,3,NA,More deprived 10-20%,Urban area
20201371H0258,2020,1371H0258,1,Car,No tow/articulation,Turning right,West,South West,On main c'way - not in restricted lane,Entering main road,None,None,Did not leave carriageway,None,Nearside,No,Not known,Male,NA,26 - 35,NA,Heavy oil,6,NA,Least deprived 10%,Small town
20201371H0258,2020,1371H0258,2,Pedal cycle,No tow/articulation,Going ahead other,North East,South West,On main c'way - not in restricted lane,Mid Junction - on roundabout or on main road,None,None,Did not leave carriageway,None,Front,No,Not known,Male,NA,36 - 45,Data missing or out of range,Undefined,-1,Data missing or out of range,Less deprived 40-50%,Urban area
20201371H0334,2020,1371H0334,1,Car,No tow/articulation,Going ahead other,South East,North West,On main c'way - not in restricted lane,Mid Junction - on roundabout or on main road,None,None,Did not leave carriageway,None,Front,No,Not known,Male,NA,36 - 45,NA,Heavy oil,2,NA,More deprived 10-20%,Urban area
20201371H0334,2020,1371H0334,2,Car,No tow/articulation,Turning right,South East,North East,On main c'way - not in restricted lane,Approaching junction or waiting/parked at junction approach,None,None,Did not leave carriageway,None,Back,No,Not known,Male,NA,21 - 25,NA,Petrol,8,NA,Less deprived 30-40%,Urban area
20201371H0334,2020,1371H0334,3,Car,No tow/articulation,Going ahead other,North West,South East,On main c'way - not in restricted lane,Mid Junction - on roundabout or on main road,None,None,Did not leave carriageway,None,Front,No,Not known,Male,NA,66 - 75,NA,Heavy oil,6,NA,More deprived 30-40%,Urban area
20201371H0368,2020,1371H0368,1,Motorcycle 125cc and under,No tow/articulation,Going ahead other,North East,South West,On main c'way - not in restricted lane,Mid Junction - on roundabout or on main road,Skidded,None,Did not leave carriageway,None,Nearside,No,Not known,Male,NA,16 - 20,NA,Petrol,7,NA,More deprived 40-50%,Urban area
20201371H0368,2020,1371H0368,2,Car,No tow/articulation,Going ahead other,North East,South West,On main c'way - not in restricted lane,Mid Junction - on roundabout or on main road,None,None,Did not leave carriageway,None,Did not impact,No,Not known,Male,NA,26 - 35,NA,Petrol,16,NA,Less deprived 40-50%,Urban area
20201371I1351,2020,1371I1351,1,Pedal cycle,No tow/articulation,Going ahead other,East,West,On main c'way - not in restricted lane,Not at or within 20 metres of junction,None,None,Did not leave carriageway,None,Front,No,Not known,Male,NA,16 - 20,Data missing or out of range,Undefined,-1,Data missing or out of range,Less deprived 10-20%,Urban area
20201371I1351,2020,1371I1351,2,Car,No tow/articulation,U-turn,East,East,On main c'way - not in restricted lane,Not at or within 20 metres of junction,None,None,Did not leave carriageway,None,Offside,No,Not known,Male,NA,66 - 75,NA,Heavy oil,6,NA,Most deprived 10%,Urban area
20201371K0576,2020,1371K0576,1,Car,No tow/articulation,U-turn,North,South East,On main c'way - not in restricted lane,Entering main road,None,None,Did not leave carriageway,None,Offside,No,Not known,Male,NA,26 - 35,NA,Heavy oil,5,NA,More deprived 20-30%,Urban area
20201371K0576,2020,1371K0576,2,Car,No tow/articulation,Going ahead other,East,West,On main c'way - not in restricted lane,Mid Junction - on roundabout or on main road,None,None,Did not leave carriageway,None,Front,No,Journey as part of work,Male,NA,36 - 45,NA,Heavy oil,2,NA,Most deprived 10%,Urban area
20201371K1779,2020,1371K1779,1,Car,No tow/articulation,U-turn,East,East,On main c'way - not in restricted lane,Not at or within 20 metres of junction,None,None,Did not leave carriageway,None,Front,No,Not known,Male,NA,36 - 45,NA,Heavy oil,13,NA,Most deprived 10%,Urban area
20201371K1779,2020,1371K1779,2,Car,No tow/articulation,Going ahead other,East,West,On main c'way - not in restricted lane,Not at or within 20 metres of junction,None,None,Did not leave carriageway,None,Front,No,Not known,Male,NA,36 - 45,NA,Heavy oil,4,NA,More deprived 10-20%,Urban area
20201371K1779,2020,1371K1779,3,Car,No tow/articulation,Parked,East,West,On main c'way - not in restricted lane,Not at or within 20 metres of junction,None,None,Did not leave carriageway,None,Front,No,Not known,Not known,Data missing or out of range,Data missing or out of range,NA,Heavy oil,13,NA,Data missing or out of range,Data missing or out of range
20201371K1779,2020,1371K1779,4,Car,No tow/articulation,Parked,East,West,On main c'way - not in restricted lane,Not at or within 20 metres of junction,None,None,Did not leave carriageway,None,Front,No,Not known,Not known,Data missing or out of range,Data missing or out of range,Data missing or out of range,Undefined,-1,Data missing or out of range,Data missing or out of range,Data missing or out of range
20201371K1779,2020,1371K1779,5,Car,No tow/articulation,Parked,East,West,On main c'way - not in restricted lane,Not at or within 20 metres of junction,None,None,Did not leave carriageway,None,Front,No,Not known,Not known,Data missing or out of range,Data missing or out of range,NA,Petrol,20,NA,Data missing or out of range,Data missing or out of range
20201371K1779,2020,1371K1779,6,Car,No tow/articulation,Parked,East,West,On main c'way - not in restricted lane,Not at or within 20 metres of junction,None,None,Did not leave carriageway,None,Front,No,Not known,Not known,Data missing or out of range,Data missing or out of range,NA,Hybrid electric,10,NA,Data missing or out of range,Data missing or out of range
20201371L0185,2020,1371L0185,1,Car,No tow/articulation,Going ahead other,South West,North East,On main c'way - not in restricted lane,Mid Junction - on roundabout or on main road,None,None,Did not leave carriageway,None,Offside,No,Not known,Not known,Data missing or out of range,Data missing or out of range,Data missing or out of range,Undefined,-1,Data missing or out of range,Data missing or out of range,Data missing or out of range
20201371L0185,2020,1371L0185,2,Car,No tow/articulation,Going ahead other,South West,North East,On main c'way - not in restricted lane,Mid Junction - on roundabout or on main road,None,None,Did not leave carriageway,None,Nearside,No,Commuting to/from work,Male,NA,36 - 45,NA,Petrol,2,NA,More deprived 40-50%,Urban area
20201371L0388,2020,1371L0388,1,Car,No tow/articulation,Overtaking moving vehicle - offside,East,West,On main c'way - not in restricted lane,Not at or within 20 metres of junction,None,None,Did not leave carriageway,None,Front,No,Not known,Male,NA,21 - 25,NA,Heavy oil,3,NA,More deprived 20-30%,Urban area
20201371L0388,2020,1371L0388,2,Car,No tow/articulation,U-turn,West,East,On main c'way - not in restricted lane,Not at or within 20 metres of junction,None,None,Did not leave carriageway,None,Offside,No,Journey as part of work,Male,NA,56 - 65,NA,Heavy oil,10,NA,More deprived 20-30%,Urban area
20201371L1224,2020,1371L1224,1,Car,No tow/articulation,Going ahead other,South East,North West,On main c'way - not in restricted lane,Mid Junction - on roundabout or on main road,None,None,Did not leave carriageway,None,Front,No,Not known,Not known,Data missing or out of range,Data missing or out of range,Data missing or out of range,Undefined,-1,Data missing or out of range,Data missing or out of range,Data missing or out of range
20201371L1224,2020,1371L1224,2,Pedal cycle,No tow/articulation,Going ahead other,South West,North East,On main c'way - not in restricted lane,Mid Junction - on roundabout or on main road,None,None,Did not leave carriageway,None,Back,No,Commuting to/from work,Male,NA,36 - 45,Data missing or out of range,Undefined,-1,Data missing or out of range,Less deprived 10-20%,Urban area
20201371L1421,2020,1371L1421,1,Car,No tow/articulation,Turning right,North,West,On main c'way - not in restricted lane,Mid Junction - on roundabout or on main road,None,None,Did not leave carriageway,None,Front,No,Not known,Male,NA,26 - 35,NA,Petrol,1,NA,Most deprived 10%,Urban area
20201371L1421,2020,1371L1421,2,Car,No tow/articulation,Going ahead other,South East,North,On main c'way - not in restricted lane,Mid Junction - on roundabout or on main road,None,None,Did not leave carriageway,None,Front,No,Not known,Male,NA,Over 75,NA,Heavy oil,14,NA,Most deprived 10%,Urban area
20201371L1460,2020,1371L1460,1,Car,No tow/articulation,Going ahead other,North West,East,On main c'way - not in restricted lane,Mid Junction - on roundabout or on main road,None,None,Did not leave carriageway,None,Front,No,Not known,Male,NA,26 - 35,NA,Heavy oil,16,NA,Most deprived 10%,Urban area
20201371L1460,2020,1371L1460,2,Car,No tow/articulation,Going ahead other,North East,South East,On main c'way - not in restricted lane,Mid Junction - on roundabout or on main road,None,None,Nearside,Lamp post,Offside,No,Not known,Male,NA,36 - 45,NA,Heavy oil,14,NA,More deprived 20-30%,Urban area
20201371L1619,2020,1371L1619,1,Motorcycle over 500cc,No tow/articulation,Going ahead other,West,East,On main c'way - not in restricted lane,Not at or within 20 metres of junction,Skidded,None,Did not leave carriageway,None,Front,No,Not known,Male,NA,16 - 20,NA,Petrol,11,NA,Most deprived 10%,Urban area
20201371L1619,2020,1371L1619,2,Car,No tow/articulation,Parked,Parked,Parked,On main c'way - not in restricted lane,Not at or within 20 metres of junction,None,None,Did not leave carriageway,None,Back,No,Not known,Not known,Data missing or out of range,Data missing or out of range,Data missing or out of range,Undefined,-1,Data missing or out of range,Data missing or out of range,Data missing or out of range
20201371L1825,2020,1371L1825,1,Car,No tow/articulation,Going ahead right-hand bend,South East,East,On main c'way - not in restricted lane,Not at or within 20 metres of junction,Skidded,None,Nearside,Wall or fence,Front,No,Not known,Male,NA,16 - 20,NA,Petrol,5,NA,Less deprived 30-40%,Urban area
20201371L1825,2020,1371L1825,2,Car,No tow/articulation,Parked,Parked,Parked,Footway (pavement),Not at or within 20 metres of junction,None,None,Did not leave carriageway,None,Back,No,Not known,Not known,Data missing or out of range,Data missing or out of range,NA,Heavy oil,9,NA,Data missing or out of range,Data missing or out of range
20201371L1829,2020,1371L1829,1,Car,No tow/articulation,Going ahead other,West,East,On main c'way - not in restricted lane,Mid Junction - on roundabout or on main road,None,None,Did not leave carriageway,None,Offside,No,Not known,Female,NA,21 - 25,NA,Heavy oil,15,NA,More deprived 10-20%,Urban area
20201371L1829,2020,1371L1829,2,Car,No tow/articulation,Going ahead other,South West,North East,On main c'way - not in restricted lane,Approaching junction or waiting/parked at junction approach,None,None,Did not leave carriageway,None,Front,No,Not known,Female,NA,26 - 35,NA,Heavy oil,7,NA,Most deprived 10%,Urban area
20201371M0205,2020,1371M0205,1,Car,No tow/articulation,Going ahead other,North,South East,On main c'way - not in restricted lane,Entering main road,None,None,Did not leave carriageway,None,Front,No,Journey as part of work,Male,NA,46 - 55,NA,Heavy oil,1,NA,Less deprived 30-40%,Rural
20201371M0205,2020,1371M0205,2,Pedal cycle,No tow/articulation,Going ahead other,South West,North East,On main c'way - not in restricted lane,Mid Junction - on roundabout or on main road,None,None,Did not leave carriageway,None,Front,No,Journey as part of work,Male,NA,26 - 35,Data missing or out of range,Undefined,-1,Data missing or out of range,Most deprived 10%,Urban area
20201371M0764,2020,1371M0764,1,Car,No tow/articulation,Turning left,West,North East,On main c'way - not in restricted lane,Leaving roundabout,None,None,Did not leave carriageway,None,Front,No,Not known,Male,Data missing or out of range,Data missing or out of range,Data missing or out of range,Undefined,-1,Data missing or out of range,Data missing or out of range,Data missing or out of range
20201371M2008,2020,1371M2008,1,Car,No tow/articulation,Going ahead other,West,East,On main c'way - not in restricted lane,Mid Junction - on roundabout or on main road,None,None,Nearside,Lamp post,Front,No,Not known,Female,NA,16 - 20,NA,Petrol,1,NA,More deprived 30-40%,Small town
20201371N0630,2020,1371N0630,1,Car,No tow/articulation,Moving off,West,East,Footway (pavement),Not at or within 20 metres of junction,None,None,Did not leave carriageway,None,Nearside,No,Not known,Male,NA,46 - 55,NA,Petrol,6,NA,More deprived 30-40%,Urban area
20201371O0637,2020,1371O0637,1,Motorcycle 125cc and under,No tow/articulation,Going ahead other,West,East,On main c'way - not in restricted lane,Not at or within 20 metres of junction,None,None,Did not leave carriageway,None,Did not impact,No,Not known,Male,NA,66 - 75,NA,Petrol,4,Data missing or out of range,Most deprived 10%,Urban area
20201371O1258,2020,1371O1258,1,Car,No tow/articulation,Going ahead other,South East,North,On main c'way - not in restricted lane,Not at or within 20 metres of junction,None,None,Did not leave carriageway,None,Front,No,Journey as part of work,Male,NA,46 - 55,NA,Heavy oil,11,NA,More deprived 40-50%,Urban area
20201371O1882,2020,1371O1882,1,Car,No tow/articulation,Going ahead other,North,South East,On main c'way - not in restricted lane,Mid Junction - on roundabout or on main road,None,None,Did not leave carriageway,None,Front,No,Not known,Male,Data missing or out of range,Data missing or out of range,Data missing or out of range,Undefined,-1,Data missing or out of range,Data missing or out of range,Data missing or out of range
20201371O1882,2020,1371O1882,2,Car,No tow/articulation,Going ahead other,East,West,On main c'way - not in restricted lane,Mid Junction - on roundabout or on main road,None,None,Did not leave carriageway,None,Front,No,Not known,Male,NA,46 - 55,NA,Petrol,14,NA,More deprived 20-30%,Urban area
20201371P0853,2020,1371P0853,1,Car,No tow/articulation,Going ahead other,North,South East,On main c'way - not in restricted lane,Mid Junction - on roundabout or on main road,None,None,Did not leave carriageway,None,Front,No,Not known,Male,NA,56 - 65,NA,Heavy oil,12,NA,More deprived 30-40%,Urban area
20201371P1675,2020,1371P1675,1,Car,No tow/articulation,Turning right,South West,North East,On main c'way - not in restricted lane,Mid Junction - on roundabout or on main road,None,None,Did not leave carriageway,None,Front,No,Not known,Female,NA,16 - 20,NA,Petrol,14,NA,More deprived 10-20%,Urban area
20201371P1675,2020,1371P1675,2,Car,No tow/articulation,Going ahead other,South East,North West,On main c'way - not in restricted lane,Approaching junction or waiting/parked at junction approach,None,None,Nearside and rebounded,Telegraph or electricity pole,Nearside,No,Not known,Male,NA,26 - 35,NA,Petrol,13,NA,More deprived 20-30%,Urban area
20201371P1868,2020,1371P1868,1,Car,No tow/articulation,Turning right,North,West,On main c'way - not in restricted lane,Mid Junction - on roundabout or on main road,None,None,Did not leave carriageway,None,Nearside,No,Not known,Female,NA,26 - 35,NA,Heavy oil,14,NA,Most deprived 10%,Urban area
20201371P1868,2020,1371P1868,2,Car,No tow/articulation,Going ahead other,South East,North,On main c'way - not in restricted lane,Mid Junction - on roundabout or on main road,None,None,Did not leave carriageway,None,Front,No,Not known,Female,NA,26 - 35,Data missing or out of range,Undefined,-1,Data missing or out of range,Most deprived 10%,Urban area
20201371Q0636,2020,1371Q0636,1,Car,No tow/articulation,Going ahead other,South West,North East,On main c'way - not in restricted lane,Approaching junction or waiting/parked at junction approach,Skidded and overturned,None,Offside,None,Front,No,Not known,Male,NA,21 - 25,NA,Petrol,16,NA,More deprived 10-20%,Urban area
20201371Q1539,2020,1371Q1539,1,Car,No tow/articulation,Going ahead other,West,East,On main c'way - not in restricted lane,Not at or within 20 metres of junction,None,None,Did not leave carriageway,None,Front,No,Not known,Male,NA,21 - 25,NA,Petrol,1,NA,Most deprived 10%,Urban area
20201371R0409,2020,1371R0409,1,Car,No tow/articulation,Going ahead other,South East,North West,On main c'way - not in restricted lane,Not at or within 20 metres of junction,None,None,Did not leave carriageway,None,Front,No,Not known,Not known,Data missing or out of range,Data missing or out of range,Data missing or out of range,Undefined,-1,Data missing or out of range,Data missing or out of range,Data missing or out of range
20201371R0409,2020,1371R0409,2,Car,No tow/articulation,Going ahead other,South East,North West,On main c'way - not in restricted lane,Not at or within 20 metres of junction,None,None,Did not leave carriageway,None,Offside,No,Not known,Male,NA,46 - 55,NA,Heavy oil,12,NA,Less deprived 20-30%,Urban area
20201371R0531,2020,1371R0531,1,Motorcycle 50cc and under,No tow/articulation,Going ahead other,East,West,On main c'way - not in restricted lane,Not at or within 20 metres of junction,None,None,Did not leave carriageway,None,Front,No,Not known,Not known,Data missing or out of range,Data missing or out of range,Data missing or out of range,Undefined,-1,Data missing or out of range,Data missing or out of range,Data missing or out of range
20201371R1606,2020,1371R1606,1,Car,No tow/articulation,Parked,South East,North,On main c'way - not in restricted lane,Approaching junction or waiting/parked at junction approach,None,None,Did not leave carriageway,None,Back,No,Not known,Female,NA,46 - 55,NA,Heavy oil,5,NA,Less deprived 40-50%,Urban area
20201371R1606,2020,1371R1606,2,Car,No tow/articulation,Going ahead other,South East,North,On main c'way - not in restricted lane,Approaching junction or waiting/parked at junction approach,None,None,Did not leave carriageway,None,Front,No,Not known,Female,NA,21 - 25,NA,Petrol,10,NA,Data missing or out of range,Data missing or out of range
20201371T0676,2020,1371T0676,1,Car,No tow/articulation,Waiting to turn right,South East,East,On main c'way - not in restricted lane,Approaching junction or waiting/parked at junction approach,None,None,Did not leave carriageway,None,Did not impact,No,Not known,Male,NA,46 - 55,Data missing or out of range,Undefined,-1,Data missing or out of range,More deprived 20-30%,Urban area
20201371T0676,2020,1371T0676,2,Car,No tow/articulation,Going ahead other,South East,North,On main c'way - not in restricted lane,Approaching junction or waiting/parked at junction approach,None,None,Did not leave carriageway,None,Did not impact,No,Not known,Male,Data missing or out of range,Data missing or out of range,NA,Petrol,1,NA,Data missing or out of range,Data missing or out of range
20201371T1099,2020,1371T1099,1,Car,No tow/articulation,Going ahead other,South West,North East,On main c'way - not in restricted lane,Approaching junction or waiting/parked at junction approach,None,None,Did not leave carriageway,None,Nearside,No,Not known,Not known,Data missing or out of range,Data missing or out of range,Data missing or out of range,Undefined,-1,Data missing or out of range,Data missing or out of range,Data missing or out of range
20201371T1122,2020,1371T1122,1,Taxi/Private hire car,No tow/articulation,Turning right,East,North,On main c'way - not in restricted lane,Leaving main road,None,None,Did not leave carriageway,None,Front,No,Not known,Male,NA,36 - 45,NA,Petrol,10,NA,Most deprived 10%,Urban area
20201371T1584,2020,1371T1584,1,Car,No tow/articulation,Moving off,North East,South West,On main c'way - not in restricted lane,Entering roundabout,None,None,Straight ahead at junction,Road sign or traffic signal,Front,No,Not known,Male,NA,26 - 35,NA,Heavy oil,6,NA,Most deprived 10%,Urban area
20201371T1584,2020,1371T1584,2,Car,No tow/articulation,Turning left,North,South East,On main c'way - not in restricted lane,Mid Junction - on roundabout or on main road,Skidded and overturned,None,Did not leave carriageway,None,Nearside,No,Commuting to/from work,Male,NA,36 - 45,NA,Heavy oil,2,NA,Less deprived 20-30%,Urban area