accident_index,accident_year,accident_reference,vehicle_reference,vehicle_type,towing_and_articulation,vehicle_manoeuvre,vehicle_direction_from,vehicle_direction_to,vehicle_location_restricted_lane,junction_location,skidding_and_overturning,hit_object_in_carriageway,vehicle_leaving_carriageway,hit_object_off_carriageway,first_point_of_impact,vehicle_left_hand_drive,journey_purpose_of_driver,sex_of_driver,age_of_driver,age_band_of_driver,engine_capacity_cc,propulsion_code,age_of_vehicle,generic_make_model,driver_imd_decile,driver_home_area_type
20201371T2229,2020,1371T2229,1,Car,No tow/articulation,Going ahead other,South East,North,On main c'way - not in restricted lane,Mid Junction - on roundabout or on main road,None,None,Did not leave carriageway,None,Front,No,Not known,Not known,Data missing or out of range,Data missing or out of range,Data missing or out of range,Undefined,-1,Data missing or out of range,Data missing or out of range,Data missing or out of range
20201371T2229,2020,1371T2229,2,Car,No tow/articulation,Going ahead other,East,West,On main c'way - not in restricted lane,Entering roundabout,None,None,Did not leave carriageway,None,Nearside,No,Not known,Male,NA,26 - 35,NA,Petrol,17,NA,Most deprived 10%,Urban area
20201371U1017,2020,1371U1017,1,Car,No tow/articulation,Going ahead other,South East,North West,On main c'way - not in restricted lane,Entering roundabout,None,None,Did not leave carriageway,None,Front,No,Not known,Male,NA,36 - 45,Data missing or out of range,Undefined,-1,Data missing or out of range,Data missing or out of range,Data missing or out of range
20201371U1906,2020,1371U1906,1,Car,No tow/articulation,Going ahead other,North,East,On main c'way - not in restricted lane,Entering main road,None,None,Did not leave carriageway,None,Nearside,No,Not known,Male,NA,36 - 45,Data missing or out of range,Undefined,-1,Data missing or out of range,Data missing or out of range,Data missing or out of range
20201371U1906,2020,1371U1906,2,Car,No tow/articulation,Going ahead other,North,East,On main c'way - not in restricted lane,Leaving main road,None,None,Did not leave carriageway,None,Offside,No,Not known,Male,NA,21 - 25,NA,Petrol,5,NA,More deprived 40-50%,Urban area
20201371V1031,2020,1371V1031,1,Car,No tow/articulation,Moving off,North,South East,On main c'way - not in restricted lane,Not at or within 20 metres of junction,None,None,Did not leave carriageway,None,Offside,No,Not known,Male,NA,Over 75,NA,Petrol,18,NA,Less deprived 40-50%,Urban area
20201371V2007,2020,1371V2007,1,Car,No tow/articulation,Going ahead other,North,South East,On main c'way - not in restricted lane,Approaching junction or waiting/parked at junction approach,None,None,Did not leave carriageway,None,Nearside,No,Not known,Female,Data missing or out of range,Data missing or out of range,Data missing or out of range,Undefined,-1,Data missing or out of range,Data missing or out of range,Data missing or out of range
20201371V2007,2020,1371V2007,2,Pedal cycle,No tow/articulation,Going ahead other,East,West,On main c'way - not in restricted lane,Approaching junction or waiting/parked at junction approach,None,None,Did not leave carriageway,None,Nearside,No,Not known,Male,NA,11 - 15,Data missing or out of range,Undefined,-1,Data missing or out of range,Most deprived 10%,Urban area
20201371V2199,2020,1371V2199,1,Car,No tow/articulation,Going ahead other,South East,North,On main c'way - not in restricted lane,Entering roundabout,Skidded,Parked vehicle,Straight ahead at junction,None,Front,No,Not known,Male,NA,16 - 20,NA,Petrol,9,NA,Most deprived 10%,Urban area
20201371V2199,2020,1371V2199,2,Car,No tow/articulation,Going ahead other,East,West,On main c'way - not in restricted lane,Mid Junction - on roundabout or on main road,Skidded,None,Did not leave carriageway,None,Front,No,Not known,Male,NA,26 - 35,NA,Heavy oil,8,NA,Most deprived 10%,Urban area
20201371V2199,2020,1371V2199,3,Car,No tow/articulation,Parked,Parked,Parked,On main c'way - not in restricted lane,Approaching junction or waiting/parked at junction approach,None,None,Did not leave carriageway,None,Offside,No,Not known,Male,Data missing or out of range,Data missing or out of range,NA,Petrol,4,NA,Data missing or out of range,Data missing or out of range
2020137211491,2020,137211491,1,Car,No tow/articulation,Going ahead other,North,South East,On main c'way - not in restricted lane,Mid Junction - on roundabout or on main road,None,None,Did not leave carriageway,None,Front,No,Not known,Not known,Data missing or out of range,Data missing or out of range,NA,Petrol,16,NA,Data missing or out of range,Data missing or out of range
2020137211491,2020,137211491,2,Car,No tow/articulation,Going ahead other,North,South East,On main c'way - not in restricted lane,Mid Junction - on roundabout or on main road,None,None,Did not leave carriageway,None,Back,No,Not known,Male,NA,21 - 25,NA,Petrol,3,NA,More deprived 10-20%,Urban area
2020137211780,2020,137211780,1,Car,No tow/articulation,Going ahead other,South East,North West,On main c'way - not in restricted lane,Not at or within 20 metres of junction,None,None,Did not leave carriageway,None,Front,No,Not known,Male,NA,56 - 65,NA,Heavy oil,13,NA,Most deprived 10%,Urban area
2020137220147,2020,137220147,1,Taxi/Private hire car,No tow/articulation,Waiting to go - held up,West,East,On main c'way - not in restricted lane,Approaching junction or waiting/parked at junction approach,None,None,Did not leave carriageway,None,Back,No,Journey as part of work,Male,NA,26 - 35,NA,Heavy oil,7,NA,More deprived 10-20%,Urban area
2020137220147,2020,137220147,2,Car,No tow/articulation,Slowing or stopping,West,East,On main c'way - not in restricted lane,Approaching junction or waiting/parked at junction approach,None,None,Did not leave carriageway,None,Front,No,Journey as part of work,Male,NA,26 - 35,NA,Petrol,17,NA,Most deprived 10%,Urban area
2020137220595,2020,137220595,1,Car,No tow/articulation,Going ahead other,West,East,On main c'way - not in restricted lane,Not at or within 20 metres of junction,None,None,Did not leave carriageway,None,Nearside,No,Not known,Male,NA,46 - 55,Data missing or out of range,Undefined,-1,Data missing or out of range,Most deprived 10%,Urban area
2020137221739,2020,137221739,1,Car,No tow/articulation,Going ahead other,North,South East,On main c'way - not in restricted lane,Entering roundabout,Skidded,None,Nearside,Near/Offside crash barrier,Front,No,Not known,Male,NA,26 - 35,NA,Petrol,11,NA,Less deprived 20-30%,Urban area
2020137221739,2020,137221739,2,Car,No tow/articulation,Turning right,South East,East,On main c'way - not in restricted lane,Mid Junction - on roundabout or on main road,None,None,Did not leave carriageway,None,Nearside,No,Not known,Male,NA,46 - 55,NA,Hybrid electric,2,NA,More deprived 30-40%,Urban area
2020137231039,2020,137231039,1,Motorcycle 50cc and under,No tow/articulation,Going ahead other,North West,South East,On main c'way - not in restricted lane,Not at or within 20 metres of junction,None,None,Did not leave carriageway,None,Front,No,Not known,Male,NA,36 - 45,Data missing or out of range,Undefined,-1,Data missing or out of range,Data missing or out of range,Data missing or out of range
2020137231039,2020,137231039,2,Pedal cycle,No tow/articulation,Going ahead other,North West,South East,On main c'way - not in restricted lane,Not at or within 20 metres of junction,None,None,Did not leave carriageway,None,Front,No,Not known,Male,NA,11 - 15,Data missing or out of range,Undefined,-1,Data missing or out of range,Most deprived 10%,Urban area
2020137231218,2020,137231218,1,Car,No tow/articulation,Waiting to go - held up,North East,South West,On main c'way - not in restricted lane,Not at or within 20 metres of junction,None,None,Did not leave carriageway,None,Back,No,Not known,Male,NA,26 - 35,NA,Heavy oil,4,NA,Most deprived 10%,Urban area
2020137231218,2020,137231218,2,Car,No tow/articulation,Slowing or stopping,North East,South West,On main c'way - not in restricted lane,Not at or within 20 metres of junction,None,None,Did not leave carriageway,None,Front,No,Not known,Female,NA,26 - 35,NA,Petrol,1,NA,Most deprived 10%,Urban area
2020137231586,2020,137231586,1,Motorcycle over 125cc and up to 500cc,No tow/articulation,Going ahead other,West,East,On main c'way - not in restricted lane,Approaching junction or waiting/parked at junction approach,Overturned,None,Did not leave carriageway,None,Front,No,Not known,Male,NA,26 - 35,Data missing or out of range,Undefined,-1,Data missing or out of range,Most deprived 10%,Urban area
2020137231586,2020,137231586,2,Car,No tow/articulation,Turning right,East,North West,On main c'way - not in restricted lane,Leaving main road,None,None,Did not leave carriageway,None,Nearside,No,Not known,Male,NA,66 - 75,NA,Petrol,5,NA,Less deprived 40-50%,Urban area
2020137240424,2020,137240424,1,Car,No tow/articulation,Going ahead other,East,West,On main c'way - not in restricted lane,Not at or within 20 metres of junction,None,None,Did not leave carriageway,None,Front,No,Not known,Male,NA,21 - 25,NA,Heavy oil,13,NA,Most deprived 10%,Urban area
2020137240556,2020,137240556,1,Car,No tow/articulation,Going ahead other,North West,South East,On main c'way - not in restricted lane,Not at or within 20 metres of junction,None,None,Did not leave carriageway,None,Nearside,No,Not known,Female,NA,36 - 45,NA,Heavy oil,1,NA,Less deprived 30-40%,Urban area
2020137240556,2020,137240556,2,Car,No tow/articulation,U-turn,South East,West,On main c'way - not in restricted lane,Not at or within 20 metres of junction,None,None,Did not leave carriageway,None,Front,No,Not known,Male,NA,21 - 25,NA,Heavy oil,7,NA,More deprived 40-50%,Urban area
2020137241469,2020,137241469,1,Van / Goods 3.5 tonnes mgw or under,No tow/articulation,Turning right,South East,North East,On main c'way - not in restricted lane,Leaving main road,None,None,Did not leave carriageway,None,Nearside,No,Not known,Male,NA,56 - 65,NA,Heavy oil,12,NA,More deprived 30-40%,Urban area
2020137250587,2020,137250587,1,Car,No tow/articulation,Going ahead other,South East,North,On main c'way - not in restricted lane,Mid Junction - on roundabout or on main road,None,None,Did not leave carriageway,None,Front,No,Not known,Male,NA,36 - 45,Data missing or out of range,Undefined,-1,Data missing or out of range,Data missing or out of range,Data missing or out of range
2020137251075,2020,137251075,1,Car,No tow/articulation,Going ahead other,West,East,On main c'way - not in restricted lane,Not at or within 20 metres of junction,None,None,Did not leave carriageway,None,Nearside,No,Not known,Male,NA,46 - 55,NA,Heavy oil,3,NA,Less deprived 40-50%,Small town
2020137251979,2020,137251979,1,Car,No tow/articulation,Going ahead other,North,South East,On main c'way - not in restricted lane,Not at or within 20 metres of junction,None,None,Did not leave carriageway,None,Front,No,Journey as part of work,Male,NA,46 - 55,NA,Heavy oil,8,NA,More deprived 10-20%,Urban area
2020137251979,2020,137251979,2,Goods over 3.5t. and under 7.5t,No tow/articulation,Slowing or stopping,North,South East,On main c'way - not in restricted lane,Not at or within 20 metres of junction,None,None,Did not leave carriageway,None,Back,No,Journey as part of work,Male,NA,56 - 65,NA,Heavy oil,5,NA,Most deprived 10%,Urban area
2020137260867,2020,137260867,1,Goods over 3.5t. and under 7.5t,No tow/articulation,Going ahead other,East,West,On main c'way - not in restricted lane,Not at or within 20 metres of junction,None,None,Did not leave carriageway,None,Nearside,No,Journey as part of work,Male,NA,26 - 35,Data missing or out of range,Undefined,-1,NA,More deprived 30-40%,Rural
2020137260867,2020,137260867,2,Car,No tow/articulation,Going ahead other,East,West,On main c'way - not in restricted lane,Not at or within 20 metres of junction,None,None,Did not leave carriageway,None,Offside,No,Not known,Female,NA,26 - 35,NA,Petrol,14,NA,More deprived 10-20%,Urban area
2020137261170,2020,137261170,1,Car,No tow/articulation,Going ahead other,North,South East,On main c'way - not in restricted lane,Mid Junction - on roundabout or on main road,None,None,Did not leave carriageway,None,Offside,No,Not known,Male,NA,46 - 55,NA,Petrol,4,NA,Less deprived 30-40%,Urban area
2020137261974,2020,137261974,1,Car,No tow/articulation,Going ahead other,East,West,On main c'way - not in restricted lane,Mid Junction - on roundabout or on main road,Skidded,None,Did not leave carriageway,None,Front,No,Not known,Male,NA,21 - 25,NA,Heavy oil,13,NA,More deprived 20-30%,Urban area
2020137261974,2020,137261974,2,Car,No tow/articulation,Moving off,South East,North,On main c'way - not in restricted lane,Mid Junction - on roundabout or on main road,Overturned,Kerb,Nearside,Near/Offside crash barrier,Offside,No,Not known,Male,NA,46 - 55,NA,Heavy oil,8,NA,Most deprived 10%,Urban area
2020137270037,2020,137270037,1,Pedal cycle,No tow/articulation,Going ahead other,East,South West,On main c'way - not in restricted lane,Mid Junction - on roundabout or on main road,None,None,Did not leave carriageway,None,Did not impact,No,Not known,Male,NA,56 - 65,Data missing or out of range,Undefined,-1,Data missing or out of range,Less deprived 30-40%,Rural
2020137270349,2020,137270349,1,Car,No tow/articulation,Going ahead other,South East,North West,On main c'way - not in restricted lane,Not at or within 20 metres of junction,None,None,Did not leave carriageway,None,Front,No,Not known,Not known,Data missing or out of range,Data missing or out of range,Data missing or out of range,Undefined,-1,Data missing or out of range,Data missing or out of range,Data missing or out of range
2020137270520,2020,137270520,1,Car,No tow/articulation,Turning right,South East,North,On main c'way - not in restricted lane,Cleared junction or waiting/parked at junction exit,None,Other object,Did not leave carriageway,None,Front,No,Not known,Female,NA,36 - 45,NA,Petrol,11,NA,Most deprived 10%,Urban area
2020137270520,2020,137270520,2,Motorcycle 50cc and under,No tow/articulation,Going ahead other,North East,South West,On main c'way - not in restricted lane,Approaching junction or waiting/parked at junction approach,Overturned,Other object,Did not leave carriageway,None,Front,No,Not known,Male,NA,26 - 35,NA,Petrol,5,Data missing or out of range,Most deprived 10%,Urban area
2020137270655,2020,137270655,1,Car,No tow/articulation,Going ahead other,North East,South West,On main c'way - not in restricted lane,Not at or within 20 metres of junction,None,None,Did not leave carriageway,None,Back,No,Not known,Male,Data missing or out of range,Data missing or out of range,NA,Heavy oil,8,NA,Data missing or out of range,Data missing or out of range
2020137270655,2020,137270655,2,Car,No tow/articulation,Reversing,South West,North East,On main c'way - not in restricted lane,Not at or within 20 metres of junction,None,None,Did not leave carriageway,None,Front,No,Not known,Female,NA,26 - 35,NA,Petrol,5,NA,Most deprived 10%,Urban area
2020137271978,2020,137271978,1,Car,No tow/articulation,Going ahead other,South East,North West,On main c'way - not in restricted lane,Not at or within 20 metres of junction,None,None,Did not leave carriageway,None,Back,No,Not known,Male,NA,21 - 25,NA,Heavy oil,4,NA,Least deprived 10%,Urban area
2020137271978,2020,137271978,2,Car,No tow/articulation,Going ahead other,South East,North West,On main c'way - not in restricted lane,Not at or within 20 metres of junction,None,None,Did not leave carriageway,None,Front,No,Not known,Male,NA,21 - 25,NA,Petrol,10,NA,Least deprived 10%,Urban area
2020137271978,2020,137271978,3,Car,No tow/articulation,Going ahead other,South East,North West,On main c'way - not in restricted lane,Not at or within 20 metres of junction,None,None,Did not leave carriageway,None,Front,No,Not known,Male,NA,21 - 25,NA,Heavy oil,11,NA,Less deprived 10-20%,Urban area
2020137280692,2020,137280692,1,Car,No tow/articulation,Turning right,South East,North West,On main c'way - not in restricted lane,Entering main road,None,None,Did not leave carriageway,None,Offside,No,Not known,Female,NA,36 - 45,NA,Heavy oil,5,NA,Data missing or out of range,Data missing or out of range
2020137280692,2020,137280692,2,Pedal cycle,No tow/articulation,Overtaking static vehicle - offside,South West,South East,On main c'way - not in restricted lane,Approaching junction or waiting/parked at junction approach,None,None,Did not leave carriageway,None,Front,No,Not known,Male,NA,46 - 55,Data missing or out of range,Undefined,-1,Data missing or out of range,Less deprived 40-50%,Urban area
2020137280784,2020,137280784,1,Car,No tow/articulation,Moving off,West,East,On main c'way - not in restricted lane,Not at or within 20 metres of junction,None,None,Did not leave carriageway,None,Nearside,No,Not known,Female,NA,26 - 35,NA,Petrol,1,NA,Most deprived 10%,Urban area
2020137280784,2020,137280784,2,Car,No tow/articulation,Overtaking moving vehicle - offside,West,East,On main c'way - not in restricted lane,Not at or within 20 metres of junction,None,None,Did not leave carriageway,None,Offside,No,Not known,Female,NA,36 - 45,NA,Heavy oil,8,NA,More deprived 10-20%,Urban area
2020137280898,2020,137280898,1,Car,No tow/articulation,Reversing,Parked,Parked,Footway (pavement),Not at or within 20 metres of junction,None,None,Nearside,Wall or fence,Back,No,Not known,Male,NA,Over 75,NA,Petrol,3,NA,Least deprived 10%,Urban area
2020137281568,2020,137281568,1,Car,No tow/articulation,Going ahead other,South West,North East,On main c'way - not in restricted lane,Not at or within 20 metres of junction,None,None,Did not leave carriageway,None,Offside,No,Not known,Not known,Data missing or out of range,Data missing or out of range,Data missing or out of range,Undefined,-1,Data missing or out of range,Data missing or out of range,Data missing or out of range
2020137291077,2020,137291077,1,Car,No tow/articulation,U-turn,North West,South West,On main c'way - not in restricted lane,Mid Junction - on roundabout or on main road,None,None,Offside,Road sign or traffic signal,Front,No,Not known,Male,NA,26 - 35,NA,Petrol,17,NA,Most deprived 10%,Urban area
20201372A0943,2020,1372A0943,1,Car,No tow/articulation,Going ahead other,North,South East,On main c'way - not in restricted lane,Not at or within 20 metres of junction,None,None,Did not leave carriageway,None,Nearside,No,Not known,Male,NA,21 - 25,NA,Heavy oil,10,NA,Data missing or out of range,Data missing or out of range
20201372A1058,2020,1372A1058,1,Car,No tow/articulation,Going ahead other,West,East,On main c'way - not in restricted lane,Not at or within 20 metres of junction,None,None,Did not leave carriageway,None,Front,No,Not known,Male,NA,36 - 45,NA,Heavy oil,8,NA,More deprived 10-20%,Urban area
20201372A1100,2020,1372A1100,1,Car,No tow/articulation,Slowing or stopping,North West,South East,On main c'way - not in restricted lane,Not at or within 20 metres of junction,Skidded,None,Did not leave carriageway,None,Front,No,Not known,Female,NA,46 - 55,NA,Heavy oil,7,NA,Less deprived 10-20%,Rural
20201372A1100,2020,1372A1100,2,Car,No tow/articulation,Slowing or stopping,North West,South East,On main c'way - not in restricted lane,Not at or within 20 metres of junction,None,None,Did not leave carriageway,None,Back,No,Not known,Female,NA,46 - 55,NA,Heavy oil,1,NA,Less deprived 20-30%,Small town
20201372A1100,2020,1372A1100,3,Car,No tow/articulation,Slowing or stopping,North West,South East,On main c'way - not in restricted lane,Not at or within 20 metres of junction,None,None,Offside,Entered ditch,Offside,No,Not known,Female,NA,21 - 25,NA,Heavy oil,7,NA,Least deprived 10%,Urban area
20201372B0028,2020,1372B0028,1,Car,No tow/articulation,Going ahead other,North,South East,On main c'way - not in restricted lane,Mid Junction - on roundabout or on main road,Skidded,None,Did not leave carriageway,Wall or fence,Front,No,Not known,Male,NA,16 - 20,NA,Petrol,10,NA,Most deprived 10%,Urban area
20201372B0233,2020,1372B0233,1,Van / Goods 3.5 tonnes mgw or under,No tow/articulation,Going ahead other,South East,North West,On main c'way - not in restricted lane,Not at or within 20 metres of junction,None,None,Did not leave carriageway,None,Front,No,Journey as part of work,Male,NA,26 - 35,NA,Heavy oil,4,NA,Less deprived 20-30%,Urban area
20201372B1511,2020,1372B1511,1,Car,No tow/articulation,Going ahead other,West,East,On main c'way - not in restricted lane,Not at or within 20 metres of junction,None,None,Did not leave carriageway,None,Front,No,Not known,Male,NA,26 - 35,NA,Petrol,18,NA,More deprived 40-50%,Urban area
20201372B1803,2020,1372B1803,1,Car,No tow/articulation,Going ahead other,North,South East,On main c'way - not in restricted lane,Not at or within 20 metres of junction,None,None,Nearside,Near/Offside crash barrier,Nearside,No,Not known,Male,NA,36 - 45,NA,Heavy oil,3,NA,More deprived 30-40%,Urban area
20201372C0254,2020,1372C0254,1,Car,No tow/articulation,Going ahead other,South West,West,On main c'way - not in restricted lane,Mid Junction - on roundabout or on main road,None,None,Did not leave carriageway,None,Front,No,Journey as part of work,Male,NA,26 - 35,NA,Heavy oil,13,NA,More deprived 30-40%,Urban area
20201372C0254,2020,1372C0254,2,Car,No tow/articulation,Going ahead other,South East,North West,On main c'way - not in restricted lane,Mid Junction - on roundabout or on main road,None,Other object,Did not leave carriageway,Road sign or traffic signal,Nearside,No,Journey as part of work,Male,NA,26 - 35,NA,Heavy oil,7,NA,Less deprived 20-30%,Urban area
20201372C0765,2020,1372C0765,1,Car,No tow/articulation,Going ahead other,North East,South West,On main c'way - not in restricted lane,Approaching junction or waiting/parked at junction approach,None,None,Did not leave carriageway,None,Nearside,No,Not known,Male,NA,26 - 35,NA,Heavy oil,4,NA,More deprived 20-30%,Urban area
20201372C1708,2020,1372C1708,1,Car,No tow/articulation,Going ahead other,North East,South West,On main c'way - not in restricted lane,Approaching junction or waiting/parked at junction approach,None,None,Did not leave carriageway,None,Front,No,Not known,Not known,Data missing or out of range,Data missing or out of range,NA,Heavy oil,2,NA,Data missing or out of range,Data missing or out of range
20201372C1708,2020,1372C1708,2,Car,No tow/articulation,Going ahead other,North East,South West,On main c'way - not in restricted lane,Approaching junction or waiting/parked at junction approach,None,None,Did not leave carriageway,None,Back,No,Not known,Female,NA,46 - 55,NA,Heavy oil,14,NA,More deprived 20-30%,Urban area
20201372D0581,2020,1372D0581,1,Car,No tow/articulation,Going ahead other,North East,South West,On main c'way - not in restricted lane,Mid Junction - on roundabout or on main road,None,None,Did not leave carriageway,None,Nearside,No,Not known,Female,NA,26 - 35,NA,Heavy oil,6,NA,More deprived 20-30%,Urban area
20201372D0581,2020,1372D0581,2,Car,No tow/articulation,Turning left,South East,South West,On main c'way - not in restricted lane,Entering main road,None,None,Did not leave carriageway,None,Front,No,Not known,Female,NA,26 - 35,NA,Heavy oil,8,NA,More deprived 20-30%,Urban area
20201372D0600,2020,1372D0600,1,Van / Goods 3.5 tonnes mgw or under,No tow/articulation,Moving off,North West,South East,On main c'way - not in restricted lane,Entering main road,None,None,Did not leave carriageway,None,Front,No,Not known,Male,NA,36 - 45,NA,Heavy oil,5,NA,More deprived 30-40%,Urban area
20201372D0880,2020,1372D0880,1,Car,No tow/articulation,Going ahead other,South East,North,On main c'way - not in restricted lane,Not at or within 20 metres of junction,None,None,Did not leave carriageway,None,Front,No,Not known,Male,NA,36 - 45,NA,Heavy oil,5,NA,Less deprived 20-30%,Urban area
20201372D1346,2020,1372D1346,1,Car,No tow/articulation,Going ahead other,South West,North East,On main c'way - not in restricted lane,Approaching junction or waiting/parked at junction approach,None,None,Did not leave carriageway,None,Front,No,Not known,Male,NA,46 - 55,NA,Petrol,4,Data missing or out of range,Less deprived 40-50%,Urban area
20201372E0569,2020,1372E0569,1,Car,No tow/articulation,Going ahead other,North,South East,On main c'way - not in restricted lane,Not at or within 20 metres of junction,None,None,Did not leave carriageway,None,Front,No,Not known,Not known,Data missing or out of range,Data missing or out of range,NA,Petrol,8,NA,Data missing or out of range,Data missing or out of range
20201372E0718,2020,1372E0718,1,Bus or coach (17 or more pass seats),No tow/articulation,Going ahead other,South East,North West,On main c'way - not in restricted lane,Not at or within 20 metres of junction,None,None,Did not leave carriageway,None,Nearside,No,Journey as part of work,Male,NA,56 - 65,NA,Heavy oil,19,NA,Less deprived 30-40%,Urban area
20201372E0765,2020,1372E0765,1,Bus or coach (17 or more pass seats),No tow/articulation,Going ahead other,South East,West,On main c'way - not in restricted lane,Not at or within 20 metres of junction,None,None,Did not leave carriageway,None,Nearside,No,Journey as part of work,Male,NA,46 - 55,NA,Heavy oil,5,NA,Less deprived 30-40%,Urban area
20201372E0859,2020,1372E0859,1,Car,No tow/articulation,Going ahead other,North,South East,On main c'way - not in restricted lane,Mid Junction - on roundabout or on main road,None,None,Did not leave carriageway,None,Front,No,Not known,Female,NA,16 - 20,NA,Petrol,8,NA,More deprived 40-50%,Urban area
20201372E0859,2020,1372E0859,2,Car,No tow/articulation,Going ahead other,East,West,On main c'way - not in restricted lane,Mid Junction - on roundabout or on main road,None,None,Did not leave carriageway,None,Front,No,Taking pupil to/from school,Female,NA,26 - 35,NA,Petrol,15,NA,More deprived 40-50%,Urban area
20201372F0533,2020,1372F0533,1,Car,No tow/articulation,Going ahead other,West,East,On main c'way - not in restricted lane,Not at or within 20 metres of junction,None,None,Did not leave carriageway,None,Front,No,Not known,Female,NA,56 - 65,NA,Petrol,3,NA,More deprived 40-50%,Urban area
20201372F1901,2020,1372F1901,1,Car,No tow/articulation,Going ahead other,North,South East,On main c'way - not in restricted lane,Approaching junction or waiting/parked at junction approach,Skidded,None,Nearside,Other permanent object,Back,No,Not known,Male,NA,21 - 25,NA,Petrol,2,Data missing or out of range,Most deprived 10%,Urban area
20201372F1901,2020,1372F1901,2,Car,No tow/articulation,Going ahead other,North,South East,On main c'way - not in restricted lane,Approaching junction or waiting/parked at junction approach,None,None,Did not leave carriageway,None,Back,No,Not known,Male,NA,26 - 35,NA,Petrol,1,NA,Most deprived 10%,Urban area
20201372F1901,2020,1372F1901,3,Car,No tow/articulation,Parked,Parked,Parked,On lay-by or hard shoulder,Cleared junction or waiting/parked at junction exit,None,None,Did not leave carriageway,None,Did not impact,No,Not known,Male,NA,36 - 45,NA,Heavy oil,11,NA,Data missing or out of range,Data missing or out of range
20201372F1981,2020,1372F1981,1,Car,No tow/articulation,Going ahead other,South East,North,On main c'way - not in restricted lane,Not at or within 20 metres of junction,Skidded,None,Nearside,Near/Offside crash barrier,Front,No,Not known,Male,NA,26 - 35,NA,Heavy oil,14,NA,More deprived 10-20%,Urban area
20201372G0418,2020,1372G0418,1,Car,No tow/articulation,Going ahead other,West,East,On main c'way - not in restricted lane,Not at or within 20 metres of junction,None,None,Did not leave carriageway,None,Nearside,No,Commuting to/from work,Female,NA,36 - 45,NA,Hybrid electric,4,NA,Most deprived 10%,Urban area
20201372G0832,2020,1372G0832,1,Van / Goods 3.5 tonnes mgw or under,No tow/articulation,Going ahead other,North East,South West,On main c'way - not in restricted lane,Mid Junction - on roundabout or on main road,None,None,Did not leave carriageway,None,Front,No,Journey as part of work,Male,NA,26 - 35,NA,Heavy oil,2,NA,More deprived 10-20%,Urban area
20201372G0832,2020,1372G0832,2,Car,No tow/articulation,Going ahead other,North East,South West,On main c'way - not in restricted lane,Mid Junction - on roundabout or on main road,None,None,Did not leave carriageway,None,Back,No,Not known,Male,NA,66 - 75,NA,Petrol,9,NA,Less deprived 40-50%,Urban area
20201372G0832,2020,1372G0832,3,Car,No tow/articulation,Going ahead other,North East,South West,On main c'way - not in restricted lane,Mid Junction - on roundabout or on main road,None,None,Did not leave carriageway,None,Back,No,Not known,Female,NA,26 - 35,NA,Heavy oil,1,NA,More deprived 40-50%,Urban area
20201372G0976,2020,1372G0976,1,Car,No tow/articulation,Going ahead other,West,East,On main c'way - not in restricted lane,Mid Junction - on roundabout or on main road,None,None,Did not leave carriageway,None,Front,No,Not known,Male,NA,21 - 25,NA,Heavy oil,12,NA,Less deprived 40-50%,Urban area
20201372G0976,2020,1372G0976,2,Car,No tow/articulation,Turning right,East,North,On main c'way - not in restricted lane,Mid Junction - on roundabout or on main road,None,None,Did not leave carriageway,None,Nearside,No,Not known,Male,NA,16 - 20,NA,Heavy oil,10,NA,Less deprived 40-50%,Urban area
20201372G0976,2020,1372G0976,3,Taxi/Private hire car,No tow/articulation,Waiting to go - held up,North,East,On main c'way - not in restricted lane,Cleared junction or waiting/parked at junction exit,None,None,Did not leave carriageway,None,Front,No,Journey as part of work,Male,NA,46 - 55,NA,Heavy oil,1,Data missing or out of range,Most deprived 10%,Urban area
20201372G1920,2020,1372G1920,1,Car,No tow/articulation,Going ahead left-hand bend,South West,North East,On main c'way - not in restricted lane,Mid Junction - on roundabout or on main road,None,None,Nearside,Road sign or traffic signal,Offside,No,Not known,Male,NA,26 - 35,Data missing or out of range,Undefined,-1,Data missing or out of range,Most deprived 10%,Urban area
20201372G1920,2020,1372G1920,2,Car,No tow/articulation,Going ahead right-hand bend,South East,North West,On main c'way - not in restricted lane,Mid Junction - on roundabout or on main road,None,None,Did not leave carriageway,None,Front,No,Not known,Male,NA,66 - 75,NA,Petrol,11,NA,More deprived 30-40%,Urban area
20201372H1774,2020,1372H1774,1,Car,No tow/articulation,Turning right,North,West,On main c'way - not in restricted lane,Mid Junction - on roundabout or on main road,None,None,Did not leave carriageway,None,Nearside,No,Not known,Male,NA,26 - 35,NA,Petrol,1,NA,Most deprived 10%,Urban area
20201372H1774,2020,1372H1774,2,Car,No tow/articulation,Going ahead other,South East,North,On main c'way - not in restricted lane,Mid Junction - on roundabout or on main road,None,None,Did not leave carriageway,None,Front,No,Not known,Female,NA,36 - 45,NA,Heavy oil,5,NA,Data missing or out of range,Data missing or out of range
20201372K0094,2020,1372K0094,1,Car,No tow/articulation,Going ahead other,South East,North,On main c'way - not in restricted lane,Not at or within 20 metres of junction,None,None,Nearside and rebounded,Wall or fence,Nearside,No,Not known,Male,NA,26 - 35,NA,Petrol,17,NA,Less deprived 40-50%,Urban area
20201372K0732,2020,1372K0732,1,Car,No tow/articulation,Going ahead other,North,South West,On main c'way - not in restricted lane,Entering roundabout,None,None,Did not leave carriageway,None,Front,No,Commuting to/from work,Female,NA,36 - 45,NA,Heavy oil,12,NA,More deprived 20-30%,Urban area
20201372K0732,2020,1372K0732,2,Car,No tow/articulation,Going ahead other,West,East,On main c'way - not in restricted lane,Mid Junction - on roundabout or on main road,None,None,Offside,Wall or fence,Nearside,No,Journey as part of work,Male,NA,46 - 55,NA,Heavy oil,8,NA,Most deprived 10%,Urban area