accident_index,accident_year,accident_reference,vehicle_reference,vehicle_type,towing_and_articulation,vehicle_manoeuvre,vehicle_direction_from,vehicle_direction_to,vehicle_location_restricted_lane,junction_location,skidding_and_overturning,hit_object_in_carriageway,vehicle_leaving_carriageway,hit_object_off_carriageway,first_point_of_impact,vehicle_left_hand_drive,journey_purpose_of_driver,sex_of_driver,age_of_driver,age_band_of_driver,engine_capacity_cc,propulsion_code,age_of_vehicle,generic_make_model,driver_imd_decile,driver_home_area_type
20201372L0017,2020,1372L0017,1,Van / Goods 3.5 tonnes mgw or under,No tow/articulation,Going ahead other,South West,North East,On main c'way - not in restricted lane,Mid Junction - on roundabout or on main road,None,None,Did not leave carriageway,None,Front,No,Not known,Male,NA,26 - 35,NA,Heavy oil,6,NA,More deprived 40-50%,Urban area
20201372L0017,2020,1372L0017,2,Car,No tow/articulation,Turning right,North West,South West,On main c'way - not in restricted lane,Entering main road,None,None,Did not leave carriageway,None,Offside,No,Not known,Male,NA,36 - 45,NA,Petrol,7,NA,More deprived 20-30%,Urban area
20201372L0647,2020,1372L0647,1,Car,No tow/articulation,Turning left,West,East,On main c'way - not in restricted lane,Mid Junction - on roundabout or on main road,None,None,Did not leave carriageway,None,Front,No,Not known,Not known,Data missing or out of range,Data missing or out of range,NA,Petrol,13,NA,Data missing or out of range,Data missing or out of range
20201372L0647,2020,1372L0647,2,Car,No tow/articulation,Going ahead other,North,East,On main c'way - not in restricted lane,Mid Junction - on roundabout or on main road,None,None,Offside,None,Front,No,Not known,Male,NA,36 - 45,NA,Heavy oil,5,NA,Most deprived 10%,Urban area
20201372L1367,2020,1372L1367,1,Car,No tow/articulation,Going ahead left-hand bend,North East,South West,On main c'way - not in restricted lane,Not at or within 20 metres of junction,None,None,Did not leave carriageway,None,Front,No,Not known,Female,NA,21 - 25,NA,Petrol,12,NA,More deprived 30-40%,Urban area
20201372L1467,2020,1372L1467,1,Car,No tow/articulation,Turning left,South East,North,On main c'way - not in restricted lane,Leaving main road,None,None,Did not leave carriageway,None,Nearside,No,Not known,Not known,Data missing or out of range,Data missing or out of range,NA,Heavy oil,9,NA,Data missing or out of range,Data missing or out of range
20201372L1471,2020,1372L1471,1,Car,No tow/articulation,Going ahead other,East,West,On main c'way - not in restricted lane,Not at or within 20 metres of junction,None,None,Did not leave carriageway,None,Back,No,Not known,Female,NA,46 - 55,NA,Heavy oil,2,NA,More deprived 20-30%,Urban area
20201372L1471,2020,1372L1471,2,Car,No tow/articulation,Going ahead other,East,West,On main c'way - not in restricted lane,Not at or within 20 metres of junction,None,None,Did not leave carriageway,None,Front,No,Not known,Male,Data missing or out of range,Data missing or out of range,NA,Petrol,8,NA,Most deprived 10%,Urban area
20201372M1060,2020,1372M1060,1,Car,No tow/articulation,Turning right,South West,North West,Footway (pavement),Mid Junction - on roundabout or on main road,None,None,Did not leave carriageway,None,Front,No,Not known,Male,NA,21 - 25,NA,Heavy oil,9,NA,Most deprived 10%,Urban area
20201372M1275,2020,1372M1275,1,Car,No tow/articulation,Turning right,South East,East,On main c'way - not in restricted lane,Mid Junction - on roundabout or on main road,None,None,Did not leave carriageway,None,Front,No,Not known,Male,NA,21 - 25,NA,Petrol,6,NA,Data missing or out of range,Data missing or out of range
20201372M1869,2020,1372M1869,1,Car,No tow/articulation,Going ahead other,South East,North,On main c'way - not in restricted lane,Not at or within 20 metres of junction,None,None,Did not leave carriageway,None,Front,No,Not known,Male,NA,36 - 45,NA,Heavy oil,7,NA,More deprived 10-20%,Urban area
20201372M1894,2020,1372M1894,1,Van / Goods 3.5 tonnes mgw or under,No tow/articulation,Moving off,South East,North West,On main c'way - not in restricted lane,Not at or within 20 metres of junction,None,None,Did not leave carriageway,None,Offside,Yes,Journey as part of work,Male,NA,56 - 65,Data missing or out of range,Undefined,-1,Data missing or out of range,Less deprived 20-30%,Small town
20201372N0216,2020,1372N0216,1,Car,No tow/articulation,Going ahead other,East,West,On main c'way - not in restricted lane,Entering main road,Skidded,None,Did not leave carriageway,None,Front,No,Not known,Male,NA,16 - 20,NA,Petrol,3,NA,More deprived 20-30%,Urban area
20201372N0216,2020,1372N0216,2,Minibus (8 - 16 passenger seats),No tow/articulation,Going ahead other,South East,North,On main c'way - not in restricted lane,Mid Junction - on roundabout or on main road,None,None,Did not leave carriageway,None,Front,No,Journey as part of work,Male,NA,26 - 35,Data missing or out of range,Undefined,-1,Data missing or out of range,More deprived 20-30%,Urban area
20201372N0662,2020,1372N0662,1,Car,No tow/articulation,Turning right,North West,South East,On main c'way - not in restricted lane,Leaving main road,None,None,Did not leave carriageway,None,Front,No,Not known,Male,NA,26 - 35,NA,Heavy oil,1,NA,Most deprived 10%,Urban area
20201372N0662,2020,1372N0662,2,Car,No tow/articulation,Turning right,South East,North,On main c'way - not in restricted lane,Leaving main road,None,None,Did not leave carriageway,None,Front,No,Not known,Male,NA,46 - 55,NA,Heavy oil,3,NA,Most deprived 10%,Urban area
20201372N0914,2020,1372N0914,1,Car,No tow/articulation,Going ahead other,South West,North East,On main c'way - not in restricted lane,Mid Junction - on roundabout or on main road,None,None,Did not leave carriageway,None,Front,No,Not known,Male,NA,26 - 35,NA,Heavy oil,7,NA,More deprived 20-30%,Urban area
20201372N0914,2020,1372N0914,2,Car,No tow/articulation,Going ahead other,South East,North West,On main c'way - not in restricted lane,Mid Junction - on roundabout or on main road,None,None,Did not leave carriageway,None,Back,No,Not known,Male,NA,36 - 45,NA,Heavy oil,11,NA,More deprived 10-20%,Urban area
20201372N1809,2020,1372N1809,1,Car,No tow/articulation,Going ahead other,West,East,On main c'way - not in restricted lane,Not at or within 20 metres of junction,None,None,Did not leave carriageway,None,Front,No,Not known,Not known,Data missing or out of range,Data missing or out of range,NA,Petrol,18,NA,Data missing or out of range,Data missing or out of range
20201372N1809,2020,1372N1809,2,Car,No tow/articulation,Going ahead other,West,East,On main c'way - not in restricted lane,Not at or within 20 metres of junction,None,None,Did not leave carriageway,None,Back,No,Journey as part of work,Male,NA,26 - 35,NA,Petrol,14,NA,Most deprived 10%,Urban area
20201372O0657,2020,1372O0657,1,Car,No tow/articulation,Going ahead other,South East,North,On main c'way - not in restricted lane,Not at or within 20 metres of junction,None,None,Did not leave carriageway,None,Front,No,Not known,Male,NA,26 - 35,NA,Heavy oil,14,NA,More deprived 30-40%,Urban area
20201372O0657,2020,1372O0657,2,Car,No tow/articulation,Changing lane to right,South East,North,On main c'way - not in restricted lane,Not at or within 20 metres of junction,None,None,Did not leave carriageway,None,Back,No,Not known,Female,NA,26 - 35,NA,Hybrid electric,4,NA,More deprived 20-30%,Urban area
20201372Q0286,2020,1372Q0286,1,Car,No tow/articulation,Going ahead other,North West,South East,Footway (pavement),Not at or within 20 metres of junction,None,None,Nearside,None,Front,No,Not known,Female,NA,46 - 55,NA,Petrol,14,NA,Most deprived 10%,Urban area
20201372R0246,2020,1372R0246,1,Car,No tow/articulation,Going ahead other,South East,North,On main c'way - not in restricted lane,Mid Junction - on roundabout or on main road,None,None,Did not leave carriageway,None,Front,No,Not known,Male,Data missing or out of range,Data missing or out of range,NA,Petrol,11,NA,Data missing or out of range,Data missing or out of range
20201372R0246,2020,1372R0246,2,Car,No tow/articulation,Going ahead other,East,West,On main c'way - not in restricted lane,Mid Junction - on roundabout or on main road,None,None,Did not leave carriageway,None,Nearside,No,Not known,Male,NA,26 - 35,NA,Petrol,9,NA,More deprived 20-30%,Urban area
20201372R0641,2020,1372R0641,1,Car,No tow/articulation,Turning right,North West,South West,On main c'way - not in restricted lane,Mid Junction - on roundabout or on main road,None,None,Did not leave carriageway,None,Front,No,Journey as part of work,Female,NA,26 - 35,NA,Petrol,11,NA,Most deprived 10%,Urban area
20201372R0738,2020,1372R0738,1,Other vehicle,No tow/articulation,Turning right,North East,North,On main c'way - not in restricted lane,Leaving main road,None,None,Offside,Wall or fence,Front,No,Not known,Male,NA,21 - 25,NA,Petrol,5,Data missing or out of range,More deprived 40-50%,Urban area
20201372R1074,2020,1372R1074,1,Car,No tow/articulation,Going ahead other,South East,North,On main c'way - not in restricted lane,Mid Junction - on roundabout or on main road,None,None,Did not leave carriageway,None,Front,No,Not known,Female,NA,26 - 35,NA,Heavy oil,10,NA,Most deprived 10%,Urban area
20201372R1074,2020,1372R1074,2,Car,No tow/articulation,Waiting to go - held up,Parked,Parked,On main c'way - not in restricted lane,Mid Junction - on roundabout or on main road,None,None,Did not leave carriageway,None,Back,No,Not known,Male,NA,46 - 55,NA,Heavy oil,5,NA,Most deprived 10%,Urban area
20201372R1074,2020,1372R1074,3,Car,No tow/articulation,Waiting to go - held up,Parked,Parked,On main c'way - not in restricted lane,Mid Junction - on roundabout or on main road,None,None,Did not leave carriageway,None,Back,No,Not known,Male,NA,46 - 55,NA,Heavy oil,9,NA,More deprived 30-40%,Urban area
20201372R1184,2020,1372R1184,1,Car,No tow/articulation,Going ahead other,South East,North,On main c'way - not in restricted lane,Mid Junction - on roundabout or on main road,None,None,Did not leave carriageway,None,Front,No,Not known,Female,NA,46 - 55,NA,Petrol,2,NA,Less deprived 40-50%,Rural
20201372R1184,2020,1372R1184,2,Car,No tow/articulation,Waiting to go - held up,Parked,Parked,On main c'way - not in restricted lane,Mid Junction - on roundabout or on main road,None,None,Did not leave carriageway,None,Back,No,Not known,Male,NA,36 - 45,NA,Heavy oil,10,NA,Most deprived 10%,Urban area
20201372S1869,2020,1372S1869,1,Car,No tow/articulation,Turning right,North West,North East,On main c'way - not in restricted lane,Mid Junction - on roundabout or on main road,None,None,Did not leave carriageway,None,Front,No,Not known,Male,NA,26 - 35,NA,Heavy oil,18,NA,Most deprived 10%,Urban area
20201372S1869,2020,1372S1869,2,Car,No tow/articulation,Waiting to turn left,East,South East,On main c'way - not in restricted lane,Mid Junction - on roundabout or on main road,None,None,Did not leave carriageway,None,Front,No,Not known,Male,NA,36 - 45,NA,Petrol,14,NA,More deprived 10-20%,Urban area
20201372T0072,2020,1372T0072,1,Car,No tow/articulation,Going ahead other,East,West,On main c'way - not in restricted lane,Approaching junction or waiting/parked at junction approach,None,None,Did not leave carriageway,None,Front,No,Not known,Male,NA,36 - 45,Data missing or out of range,Undefined,-1,Data missing or out of range,Data missing or out of range,Data missing or out of range
20201372T0883,2020,1372T0883,1,Car,No tow/articulation,Turning right,North West,South East,On main c'way - not in restricted lane,Entering main road,None,None,Did not leave carriageway,None,Front,No,Not known,Male,NA,21 - 25,NA,Hybrid electric,1,NA,Most deprived 10%,Urban area
20201372T0883,2020,1372T0883,2,Car,No tow/articulation,Going ahead other,South West,North East,On main c'way - not in restricted lane,Mid Junction - on roundabout or on main road,None,Parked vehicle,Did not leave carriageway,None,Nearside,No,Not known,Male,NA,26 - 35,NA,Heavy oil,9,NA,Most deprived 10%,Urban area
20201372T0883,2020,1372T0883,3,Car,No tow/articulation,Parked,Parked,Parked,On main c'way - not in restricted lane,Mid Junction - on roundabout or on main road,None,None,Did not leave carriageway,None,Offside,No,Not known,Not known,Data missing or out of range,Data missing or out of range,NA,Petrol,3,NA,Data missing or out of range,Data missing or out of range
2020137311620,2020,137311620,1,Car,No tow/articulation,Going ahead other,South East,North,On main c'way - not in restricted lane,Not at or within 20 metres of junction,None,None,Did not leave carriageway,None,Nearside,No,Journey as part of work,Male,Data missing or out of range,Data missing or out of range,Data missing or out of range,Undefined,-1,Data missing or out of range,Data missing or out of range,Data missing or out of range
2020137320494,2020,137320494,1,Car,No tow/articulation,Turning right,North West,South East,On main c'way - not in restricted lane,Leaving main road,None,None,Did not leave carriageway,None,Nearside,No,Not known,Male,NA,46 - 55,NA,Petrol,3,NA,Less deprived 40-50%,Urban area
2020137320494,2020,137320494,2,Motorcycle 125cc and under,No tow/articulation,Going ahead other,East,North West,On main c'way - not in restricted lane,Approaching junction or waiting/parked at junction approach,None,None,Did not leave carriageway,None,Front,No,Not known,Male,NA,26 - 35,NA,Petrol,8,NA,Less deprived 10-20%,Urban area
2020137321147,2020,137321147,1,Car,No tow/articulation,U-turn,East,East,On main c'way - not in restricted lane,Not at or within 20 metres of junction,None,None,Did not leave carriageway,None,Nearside,No,Not known,Female,NA,36 - 45,NA,Petrol,14,NA,Most deprived 10%,Urban area
2020137321147,2020,137321147,2,Car,No tow/articulation,Going ahead other,North East,South West,On main c'way - not in restricted lane,Not at or within 20 metres of junction,None,None,Did not leave carriageway,None,Front,No,Not known,Male,NA,21 - 25,NA,Petrol,8,NA,Most deprived 10%,Urban area
2020137321172,2020,137321172,1,Car,No tow/articulation,Going ahead other,South East,North West,On main c'way - not in restricted lane,Not at or within 20 metres of junction,None,None,Did not leave carriageway,None,Nearside,No,Commuting to/from work,Male,NA,56 - 65,NA,Petrol,5,NA,More deprived 40-50%,Urban area
2020137321469,2020,137321469,1,Car,No tow/articulation,Going ahead other,East,West,On main c'way - not in restricted lane,Not at or within 20 metres of junction,None,None,Did not leave carriageway,None,Front,No,Not known,Male,NA,56 - 65,NA,Petrol,9,NA,Less deprived 20-30%,Urban area
2020137321469,2020,137321469,2,Car,No tow/articulation,Going ahead other,East,West,On main c'way - not in restricted lane,Not at or within 20 metres of junction,None,None,Did not leave carriageway,None,Back,No,Not known,Female,NA,16 - 20,NA,Heavy oil,6,NA,More deprived 30-40%,Urban area
2020137330061,2020,137330061,1,Car,No tow/articulation,Going ahead other,South East,North West,On main c'way - not in restricted lane,Not at or within 20 metres of junction,Skidded,None,Did not leave carriageway,Wall or fence,Front,No,Not known,Male,NA,16 - 20,NA,Petrol,5,NA,Less deprived 40-50%,Urban area
2020137330290,2020,137330290,1,Car,No tow/articulation,Going ahead other,North,South East,On main c'way - not in restricted lane,Not at or within 20 metres of junction,None,None,Did not leave carriageway,None,Front,No,Not known,Not known,Data missing or out of range,Data missing or out of range,Data missing or out of range,Undefined,-1,Data missing or out of range,Data missing or out of range,Data missing or out of range
2020137330290,2020,137330290,2,Car,No tow/articulation,Slowing or stopping,North,South East,On main c'way - not in restricted lane,Not at or within 20 metres of junction,None,None,Did not leave carriageway,None,Front,No,Not known,Male,NA,16 - 20,NA,Petrol,17,NA,Less deprived 40-50%,Urban area
2020137330290,2020,137330290,3,Car,No tow/articulation,Slowing or stopping,North,South East,On main c'way - not in restricted lane,Not at or within 20 metres of junction,None,None,Did not leave carriageway,None,Front,No,Not known,Female,NA,21 - 25,NA,Petrol,1,NA,Less deprived 20-30%,Urban area
2020137330290,2020,137330290,4,Car,No tow/articulation,Slowing or stopping,North,South East,On main c'way - not in restricted lane,Not at or within 20 metres of junction,None,None,Did not leave carriageway,None,Back,No,Not known,Female,NA,46 - 55,NA,Petrol,16,NA,More deprived 20-30%,Urban area
2020137330817,2020,137330817,1,Car,No tow/articulation,Turning right,West,East,On main c'way - not in restricted lane,Leaving main road,None,Other object,Did not leave carriageway,None,Front,No,Not known,Male,NA,46 - 55,NA,Hybrid electric,11,NA,Most deprived 10%,Urban area
2020137341016,2020,137341016,1,Car,No tow/articulation,Reversing,West,East,On main c'way - not in restricted lane,Mid Junction - on roundabout or on main road,None,None,Did not leave carriageway,None,Back,No,Not known,Male,NA,26 - 35,NA,Heavy oil,10,NA,Most deprived 10%,Urban area
2020137341016,2020,137341016,2,Car,No tow/articulation,Going ahead other,South East,North,On main c'way - not in restricted lane,Entering main road,None,None,Did not leave carriageway,None,Front,No,Not known,Male,NA,21 - 25,NA,Heavy oil,6,NA,Data missing or out of range,Data missing or out of range
2020137350681,2020,137350681,1,Car,No tow/articulation,Going ahead other,South East,North,On main c'way - not in restricted lane,Mid Junction - on roundabout or on main road,None,None,Did not leave carriageway,None,Front,No,Not known,Male,Data missing or out of range,Data missing or out of range,Data missing or out of range,Undefined,-1,Data missing or out of range,Data missing or out of range,Data missing or out of range
2020137350681,2020,137350681,2,Car,No tow/articulation,Parked,Parked,Parked,On main c'way - not in restricted lane,Approaching junction or waiting/parked at junction approach,None,None,Did not leave carriageway,None,Back,No,Not known,Male,NA,26 - 35,Data missing or out of range,Undefined,-1,Data missing or out of range,More deprived 10-20%,Urban area
2020137371208,2020,137371208,1,Car,No tow/articulation,Going ahead other,West,East,On main c'way - not in restricted lane,Mid Junction - on roundabout or on main road,None,None,Did not leave carriageway,None,Front,No,Not known,Male,NA,26 - 35,NA,Heavy oil,4,NA,Most deprived 10%,Urban area
2020137371208,2020,137371208,2,Car,No tow/articulation,Turning right,North,West,On main c'way - not in restricted lane,Mid Junction - on roundabout or on main road,None,None,Did not leave carriageway,None,Offside,No,Not known,Male,NA,26 - 35,NA,Petrol,18,NA,Less deprived 40-50%,Urban area
2020137372048,2020,137372048,1,Car,No tow/articulation,Going ahead other,East,West,On main c'way - not in restricted lane,Not at or within 20 metres of junction,None,None,Did not leave carriageway,None,Front,No,Not known,Male,NA,16 - 20,Data missing or out of range,Undefined,-1,Data missing or out of range,Most deprived 10%,Urban area
2020137381072,2020,137381072,1,Motorcycle 125cc and under,No tow/articulation,Going ahead other,South West,North East,On main c'way - not in restricted lane,Not at or within 20 metres of junction,None,None,Did not leave carriageway,None,Offside,No,Not known,Male,NA,21 - 25,NA,Petrol,4,NA,Less deprived 30-40%,Rural
2020137381072,2020,137381072,2,Car,No tow/articulation,Going ahead other,South West,North East,On main c'way - not in restricted lane,Not at or within 20 metres of junction,None,None,Did not leave carriageway,None,Nearside,No,Not known,Female,NA,56 - 65,NA,Heavy oil,14,NA,Less deprived 30-40%,Urban area
2020137390197,2020,137390197,1,Car,No tow/articulation,Going ahead left-hand bend,South East,North,On main c'way - not in restricted lane,Not at or within 20 metres of junction,Skidded,None,Did not leave carriageway,None,Front,No,Not known,Female,NA,36 - 45,NA,Heavy oil,15,NA,Data missing or out of range,Data missing or out of range
2020137390197,2020,137390197,2,Car,No tow/articulation,Waiting to go - held up,South East,North,On main c'way - not in restricted lane,Not at or within 20 metres of junction,None,None,Did not leave carriageway,None,Nearside,No,Not known,Male,NA,46 - 55,Data missing or out of range,Undefined,-1,Data missing or out of range,Data missing or out of range,Data missing or out of range
2020137390197,2020,137390197,3,Car,No tow/articulation,Waiting to go - held up,South East,North,On main c'way - not in restricted lane,Not at or within 20 metres of junction,None,None,Did not leave carriageway,None,Nearside,No,Not known,Male,NA,46 - 55,NA,Heavy oil,1,NA,Less deprived 30-40%,Small town
2020137390803,2020,137390803,1,Car,No tow/articulation,Waiting to go - held up,South East,North West,On main c'way - not in restricted lane,Not at or within 20 metres of junction,None,None,Did not leave carriageway,None,Back,No,Not known,Male,NA,56 - 65,NA,Petrol,12,NA,Less deprived 10-20%,Urban area
2020137390803,2020,137390803,2,Car,No tow/articulation,Going ahead other,South East,North West,On main c'way - not in restricted lane,Not at or within 20 metres of junction,None,None,Did not leave carriageway,None,Front,No,Not known,Female,NA,26 - 35,NA,Heavy oil,7,NA,More deprived 30-40%,Urban area
2020137390961,2020,137390961,1,Car,No tow/articulation,Going ahead other,West,East,On main c'way - not in restricted lane,Approaching junction or waiting/parked at junction approach,None,None,Did not leave carriageway,None,Nearside,No,Not known,Female,NA,56 - 65,NA,Petrol,6,NA,More deprived 10-20%,Urban area
2020137391486,2020,137391486,1,Car,No tow/articulation,Going ahead other,South East,North West,On main c'way - not in restricted lane,Not at or within 20 metres of junction,None,None,Did not leave carriageway,None,Nearside,No,Not known,Female,NA,16 - 20,NA,Petrol,2,NA,More deprived 30-40%,Small town
2020137391759,2020,137391759,1,Car,No tow/articulation,Turning right,North West,South West,On main c'way - not in restricted lane,Mid Junction - on roundabout or on main road,Skidded,None,Nearside,Telegraph or electricity pole,Front,No,Not known,Male,NA,26 - 35,NA,Heavy oil,13,NA,Most deprived 10%,Urban area
2020137391759,2020,137391759,2,Car,No tow/articulation,Turning right,North West,South West,On main c'way - not in restricted lane,Mid Junction - on roundabout or on main road,None,None,Did not leave carriageway,None,Front,No,Journey as part of work,Female,NA,36 - 45,NA,Heavy oil,2,NA,Most deprived 10%,Urban area
2020137391759,2020,137391759,3,Car,No tow/articulation,Going ahead other,North,South East,On main c'way - not in restricted lane,Mid Junction - on roundabout or on main road,None,None,Did not leave carriageway,None,Offside,No,Not known,Not known,Data missing or out of range,Data missing or out of range,Data missing or out of range,Undefined,-1,Data missing or out of range,Data missing or out of range,Data missing or out of range
2020137391834,2020,137391834,1,Car,No tow/articulation,Moving off,East,West,On main c'way - not in restricted lane,Approaching junction or waiting/parked at junction approach,None,None,Did not leave carriageway,None,Front,No,Not known,Male,NA,36 - 45,NA,Heavy oil,6,NA,Most deprived 10%,Urban area
2020137391834,2020,137391834,2,Car,No tow/articulation,Going ahead other,East,West,On main c'way - not in restricted lane,Approaching junction or waiting/parked at junction approach,None,None,Did not leave carriageway,None,Front,No,Not known,Male,NA,46 - 55,NA,Heavy oil,7,NA,Most deprived 10%,Urban area
20201373A0318,2020,1373A0318,1,Car,No tow/articulation,Turning left,North,East,On main c'way - not in restricted lane,Mid Junction - on roundabout or on main road,None,Bollard or refuge,Nearside,Lamp post,Front,Yes,Not known,Male,NA,21 - 25,NA,Petrol,12,NA,Data missing or out of range,Data missing or out of range
20201373A0345,2020,1373A0345,1,Taxi/Private hire car,No tow/articulation,Turning right,North,South East,Bus lane,Entering main road,None,None,Did not leave carriageway,None,Front,No,Journey as part of work,Male,NA,36 - 45,NA,Heavy oil,9,Data missing or out of range,Most deprived 10%,Urban area
20201373A0345,2020,1373A0345,2,Car,No tow/articulation,Going ahead other,West,East,On main c'way - not in restricted lane,Mid Junction - on roundabout or on main road,None,None,Did not leave carriageway,None,Offside,No,Commuting to/from work,Female,NA,36 - 45,NA,Heavy oil,9,NA,More deprived 20-30%,Urban area
20201373A1339,2020,1373A1339,1,Car,No tow/articulation,Going ahead other,North,South East,On main c'way - not in restricted lane,Leaving roundabout,None,None,Did not leave carriageway,None,Front,No,Not known,Female,NA,46 - 55,NA,Heavy oil,15,NA,Less deprived 40-50%,Urban area
20201373B0198,2020,1373B0198,1,Car,No tow/articulation,Going ahead other,North West,South East,On main c'way - not in restricted lane,Not at or within 20 metres of junction,None,None,Did not leave carriageway,None,Front,No,Commuting to/from work,Female,NA,21 - 25,NA,Petrol,2,NA,Less deprived 10-20%,Urban area
20201373B0198,2020,1373B0198,2,Bus or coach (17 or more pass seats),No tow/articulation,Waiting to go - held up,South East,North West,On main c'way - not in restricted lane,Not at or within 20 metres of junction,None,None,Did not leave carriageway,None,Front,No,Journey as part of work,Male,NA,46 - 55,NA,Heavy oil,12,NA,More deprived 10-20%,Urban area
20201373B0272,2020,1373B0272,1,Car,No tow/articulation,Going ahead other,East,West,On main c'way - not in restricted lane,Not at or within 20 metres of junction,None,None,Did not leave carriageway,None,Front,No,Commuting to/from work,Male,NA,46 - 55,NA,Heavy oil,13,NA,Less deprived 40-50%,Urban area
20201373B0272,2020,1373B0272,2,Van / Goods 3.5 tonnes mgw or under,No tow/articulation,Going ahead other,West,East,On main c'way - not in restricted lane,Not at or within 20 metres of junction,None,None,Did not leave carriageway,None,Front,No,Commuting to/from work,Male,NA,26 - 35,NA,Heavy oil,6,NA,Least deprived 10%,Urban area
20201373B0303,2020,1373B0303,1,Car,No tow/articulation,Turning left,South West,North West,On main c'way - not in restricted lane,Cleared junction or waiting/parked at junction exit,None,None,Did not leave carriageway,None,Nearside,No,Commuting to/from work,Male,NA,26 - 35,NA,Heavy oil,2,NA,Less deprived 20-30%,Urban area
20201373B0691,2020,1373B0691,1,Car,No tow/articulation,Going ahead other,North East,South West,On main c'way - not in restricted lane,Approaching junction or waiting/parked at junction approach,None,None,Did not leave carriageway,None,Offside,No,Not known,Female,NA,66 - 75,NA,Petrol,9,NA,Less deprived 20-30%,Urban area
20201373B0691,2020,1373B0691,2,Van / Goods 3.5 tonnes mgw or under,No tow/articulation,Turning right,South West,East,On main c'way - not in restricted lane,Approaching junction or waiting/parked at junction approach,None,None,Did not leave carriageway,None,Front,No,Not known,Male,NA,26 - 35,NA,Heavy oil,4,NA,Less deprived 30-40%,Rural
20201373B1761,2020,1373B1761,1,Car,No tow/articulation,Turning right,East,North,On main c'way - not in restricted lane,Mid Junction - on roundabout or on main road,None,None,Did not leave carriageway,None,Front,No,Not known,Female,NA,26 - 35,NA,Heavy oil,9,NA,Most deprived 10%,Urban area
20201373C0416,2020,1373C0416,1,Car,No tow/articulation,Going ahead other,South East,North West,On main c'way - not in restricted lane,Not at or within 20 metres of junction,None,Kerb,Nearside,Wall or fence,Front,No,Journey as part of work,Male,NA,16 - 20,NA,Petrol,1,NA,Most deprived 10%,Urban area
20201373C0416,2020,1373C0416,2,Van / Goods 3.5 tonnes mgw or under,No tow/articulation,Going ahead other,South East,North West,On main c'way - not in restricted lane,Not at or within 20 metres of junction,None,None,Did not leave carriageway,None,Back,No,Journey as part of work,Male,NA,26 - 35,NA,Heavy oil,9,NA,More deprived 40-50%,Urban area
20201373C0416,2020,1373C0416,3,Car,No tow/articulation,Going ahead other,South East,North West,On main c'way - not in restricted lane,Not at or within 20 metres of junction,None,None,Did not leave carriageway,None,Offside,No,Not known,Male,NA,46 - 55,NA,Heavy oil,13,NA,Most deprived 10%,Urban area
20201373C0629,2020,1373C0629,1,Car,No tow/articulation,Turning right,North West,South East,On main c'way - not in restricted lane,Leaving main road,None,None,Did not leave carriageway,None,Offside,No,Journey as part of work,Male,NA,46 - 55,NA,Heavy oil,2,NA,Less deprived 30-40%,Urban area
20201373C0629,2020,1373C0629,2,Motorcycle over 125cc and up to 500cc,No tow/articulation,Going ahead other,West,East,On main c'way - not in restricted lane,Approaching junction or waiting/parked at junction approach,None,None,Did not leave carriageway,None,Front,No,Not known,Male,NA,56 - 65,NA,Petrol,0,Data missing or out of range,Less deprived 10-20%,Small town
20201373C1696,2020,1373C1696,1,Car,No tow/articulation,Going ahead left-hand bend,North East,South West,On main c'way - not in restricted lane,Cleared junction or waiting/parked at junction exit,Skidded,None,Nearside,None,Front,No,Not known,Male,NA,26 - 35,NA,Heavy oil,12,NA,Most deprived 10%,Urban area
20201373C1696,2020,1373C1696,2,Car,No tow/articulation,Parked,Parked,Parked,Footway (pavement),Cleared junction or waiting/parked at junction exit,None,None,Did not leave carriageway,None,Front,No,Not known,Male,NA,36 - 45,NA,Heavy oil,10,NA,Most deprived 10%,Urban area
20201373D0046,2020,1373D0046,1,Taxi/Private hire car,No tow/articulation,Going ahead other,East,West,On main c'way - not in restricted lane,Approaching junction or waiting/parked at junction approach,Overturned,None,Offside and rebounded,None,Front,No,Not known,Male,NA,36 - 45,NA,Heavy oil,7,NA,Most deprived 10%,Urban area
20201373D0046,2020,1373D0046,2,Car,No tow/articulation,Going ahead other,South East,North,On main c'way - not in restricted lane,Mid Junction - on roundabout or on main road,None,None,Offside and rebounded,Lamp post,Nearside,No,Not known,Male,NA,21 - 25,NA,Heavy oil,4,NA,More deprived 20-30%,Urban area
20201373D0193,2020,1373D0193,1,Car,No tow/articulation,Turning right,South West,North East,On main c'way - not in restricted lane,Entering main road,None,None,Did not leave carriageway,None,Back,No,Commuting to/from work,Male,NA,21 - 25,NA,Petrol,1,NA,More deprived 30-40%,Urban area
20201373D0193,2020,1373D0193,2,Motorcycle over 500cc,No tow/articulation,Going ahead other,South East,North West,On main c'way - not in restricted lane,Mid Junction - on roundabout or on main road,None,None,Did not leave carriageway,None,Front,No,Commuting to/from work,Male,NA,66 - 75,NA,Petrol,10,Data missing or out of range,Most deprived 10%,Urban area
20201373D1425,2020,1373D1425,1,Car,No tow/articulation,Turning right,West,South East,On main c'way - not in restricted lane,Approaching junction or waiting/parked at junction approach,None,None,Did not leave carriageway,None,Front,No,Not known,Female,NA,21 - 25,NA,Petrol,4,NA,Most deprived 10%,Urban area
20201373D1425,2020,1373D1425,2,Motorcycle 125cc and under,No tow/articulation,Going ahead other,South East,North West,On main c'way - not in restricted lane,Approaching junction or waiting/parked at junction approach,None,None,Did not leave carriageway,None,Front,No,Not known,Male,NA,21 - 25,NA,Petrol,1,Data missing or out of range,Most deprived 10%,Urban area
20201373D1447,2020,1373D1447,1,Car,No tow/articulation,Going ahead other,South East,North,On main c'way - not in restricted lane,Not at or within 20 metres of junction,None,None,Did not leave carriageway,None,Front,No,Journey as part of work,Male,NA,36 - 45,NA,Heavy oil,4,NA,Less deprived 40-50%,Urban area