accident_index,accident_year,accident_reference,vehicle_reference,vehicle_type,towing_and_articulation,vehicle_manoeuvre,vehicle_direction_from,vehicle_direction_to,vehicle_location_restricted_lane,junction_location,skidding_and_overturning,hit_object_in_carriageway,vehicle_leaving_carriageway,hit_object_off_carriageway,first_point_of_impact,vehicle_left_hand_drive,journey_purpose_of_driver,sex_of_driver,age_of_driver,age_band_of_driver,engine_capacity_cc,propulsion_code,age_of_vehicle,generic_make_model,driver_imd_decile,driver_home_area_type
20201373D1447,2020,1373D1447,2,Car,No tow/articulation,Going ahead other,North,South East,On main c'way - not in restricted lane,Not at or within 20 metres of junction,None,None,Did not leave carriageway,None,Front,No,Commuting to/from work,Female,NA,36 - 45,NA,Petrol,6,NA,Less deprived 20-30%,Small town
20201373E0415,2020,1373E0415,1,Car,No tow/articulation,Reversing,West,East,On main c'way - not in restricted lane,Not at or within 20 metres of junction,None,None,Did not leave carriageway,None,Back,No,Not known,Male,Data missing or out of range,Data missing or out of range,NA,Petrol,7,NA,Data missing or out of range,Data missing or out of range
20201373E0546,2020,1373E0546,1,Car,No tow/articulation,Turning left,North,South East,On main c'way - not in restricted lane,Mid Junction - on roundabout or on main road,None,None,Did not leave carriageway,None,Front,No,Not known,Male,NA,46 - 55,NA,Heavy oil,10,NA,Most deprived 10%,Urban area
20201373E0546,2020,1373E0546,2,Car,No tow/articulation,Waiting to go - held up,South East,North,On main c'way - not in restricted lane,Approaching junction or waiting/parked at junction approach,None,None,Did not leave carriageway,None,Front,No,Not known,Male,NA,21 - 25,NA,Petrol,3,NA,More deprived 30-40%,Urban area
20201373E0647,2020,1373E0647,1,Car,No tow/articulation,Going ahead left-hand bend,West,East,On main c'way - not in restricted lane,Not at or within 20 metres of junction,None,None,Did not leave carriageway,None,Front,No,Not known,Female,NA,36 - 45,NA,Petrol,3,NA,More deprived 30-40%,Small town
20201373E0647,2020,1373E0647,2,Car,No tow/articulation,Going ahead right-hand bend,East,West,On main c'way - not in restricted lane,Not at or within 20 metres of junction,None,None,Did not leave carriageway,None,Front,No,Not known,Female,NA,66 - 75,NA,Petrol,6,NA,Less deprived 10-20%,Urban area
20201373E0802,2020,1373E0802,1,Car,No tow/articulation,Going ahead other,North,South East,On main c'way - not in restricted lane,Not at or within 20 metres of junction,None,None,Did not leave carriageway,None,Front,No,Not known,Male,NA,26 - 35,NA,Petrol,13,NA,Less deprived 20-30%,Urban area
20201373E0802,2020,1373E0802,2,Pedal cycle,No tow/articulation,Going ahead other,North,South East,On main c'way - not in restricted lane,Not at or within 20 metres of junction,None,Parked vehicle,Did not leave carriageway,None,Back,No,Not known,Male,NA,46 - 55,Data missing or out of range,Undefined,-1,Data missing or out of range,More deprived 40-50%,Urban area
20201373E0802,2020,1373E0802,3,Van / Goods 3.5 tonnes mgw or under,No tow/articulation,Parked,Parked,Parked,On main c'way - not in restricted lane,Not at or within 20 metres of junction,None,None,Did not leave carriageway,None,Offside,No,Not known,Not known,Data missing or out of range,Data missing or out of range,NA,Heavy oil,5,NA,Data missing or out of range,Data missing or out of range
20201373G0272,2020,1373G0272,1,Car,No tow/articulation,U-turn,North,South East,On main c'way - not in restricted lane,Not at or within 20 metres of junction,None,None,Did not leave carriageway,None,Offside,No,Commuting to/from work,Female,NA,21 - 25,NA,Petrol,9,NA,More deprived 10-20%,Urban area
20201373G0272,2020,1373G0272,2,Pedal cycle,No tow/articulation,Going ahead other,North,South East,On main c'way - not in restricted lane,Not at or within 20 metres of junction,None,None,Did not leave carriageway,None,Front,No,Commuting to/from work,Male,NA,36 - 45,Data missing or out of range,Undefined,-1,Data missing or out of range,Least deprived 10%,Urban area
20201373G0376,2020,1373G0376,1,Car,No tow/articulation,Going ahead other,South East,North,On main c'way - not in restricted lane,Approaching junction or waiting/parked at junction approach,None,None,Did not leave carriageway,None,Front,No,Not known,Female,NA,36 - 45,NA,Heavy oil,8,NA,More deprived 30-40%,Urban area
20201373G1127,2020,1373G1127,1,Car,No tow/articulation,Moving off,South East,North West,On main c'way - not in restricted lane,Not at or within 20 metres of junction,None,None,Did not leave carriageway,None,Nearside,No,Taking pupil to/from school,Male,NA,36 - 45,NA,Petrol,2,NA,More deprived 20-30%,Urban area
20201373G1195,2020,1373G1195,1,Car,No tow/articulation,Going ahead other,North East,South West,On main c'way - not in restricted lane,Not at or within 20 metres of junction,None,None,Did not leave carriageway,None,Front,No,Not known,Male,NA,16 - 20,NA,Petrol,5,NA,More deprived 10-20%,Urban area
20201373G1697,2020,1373G1697,1,Car,No tow/articulation,Turning right,North East,South West,On main c'way - not in restricted lane,Approaching junction or waiting/parked at junction approach,None,None,Did not leave carriageway,None,Nearside,No,Not known,Male,NA,66 - 75,Data missing or out of range,Undefined,-1,Data missing or out of range,Most deprived 10%,Urban area
20201373G1697,2020,1373G1697,2,Motorcycle over 500cc,No tow/articulation,Going ahead other,South East,North,On main c'way - not in restricted lane,Approaching junction or waiting/parked at junction approach,None,None,Did not leave carriageway,None,Front,No,Not known,Male,NA,36 - 45,Data missing or out of range,Undefined,-1,Data missing or out of range,Most deprived 10%,Urban area
20201373I0774,2020,1373I0774,1,Car,No tow/articulation,Going ahead other,West,East,On main c'way - not in restricted lane,Mid Junction - on roundabout or on main road,None,None,Did not leave carriageway,None,Front,No,Not known,Female,NA,16 - 20,NA,Petrol,11,NA,Most deprived 10%,Urban area
20201373I0774,2020,1373I0774,2,Car,No tow/articulation,Turning right,North,South East,On main c'way - not in restricted lane,Mid Junction - on roundabout or on main road,None,None,Did not leave carriageway,None,Offside,No,Not known,Male,NA,56 - 65,NA,Heavy oil,15,NA,More deprived 40-50%,Urban area
20201373K1035,2020,1373K1035,1,Car,No tow/articulation,Going ahead other,North,South East,On main c'way - not in restricted lane,Not at or within 20 metres of junction,None,None,Did not leave carriageway,None,Front,No,Not known,Not known,Data missing or out of range,Data missing or out of range,Data missing or out of range,Undefined,-1,Data missing or out of range,Data missing or out of range,Data missing or out of range
20201373K1035,2020,1373K1035,2,Pedal cycle,No tow/articulation,Turning right,West,East,On main c'way - not in restricted lane,Not at or within 20 metres of junction,None,None,Did not leave carriageway,None,Nearside,No,Not known,Male,NA,16 - 20,Data missing or out of range,Undefined,-1,Data missing or out of range,Most deprived 10%,Urban area
20201373K1169,2020,1373K1169,1,Car,No tow/articulation,Going ahead other,North East,North West,On main c'way - not in restricted lane,Approaching junction or waiting/parked at junction approach,None,None,Did not leave carriageway,None,Nearside,No,Not known,Male,NA,56 - 65,NA,Petrol,12,NA,Most deprived 10%,Urban area
20201373K1169,2020,1373K1169,2,Car,No tow/articulation,Turning right,South West,North East,On main c'way - not in restricted lane,Approaching junction or waiting/parked at junction approach,None,None,Did not leave carriageway,None,Front,No,Journey as part of work,Female,NA,36 - 45,NA,Heavy oil,1,NA,Most deprived 10%,Urban area
20201373L0124,2020,1373L0124,1,Car,No tow/articulation,Going ahead other,West,East,On main c'way - not in restricted lane,Mid Junction - on roundabout or on main road,None,None,Did not leave carriageway,None,Front,No,Not known,Male,NA,46 - 55,NA,Heavy oil,8,NA,Most deprived 10%,Urban area
20201373L0124,2020,1373L0124,2,Car,No tow/articulation,Going ahead other,East,West,On main c'way - not in restricted lane,Mid Junction - on roundabout or on main road,None,None,Did not leave carriageway,None,Front,No,Not known,Not known,NA,26 - 35,NA,Heavy oil,17,NA,Data missing or out of range,Data missing or out of range
20201373L0790,2020,1373L0790,1,Car,No tow/articulation,Going ahead other,North,South East,On main c'way - not in restricted lane,Not at or within 20 metres of junction,None,None,Did not leave carriageway,None,Front,No,Not known,Female,NA,16 - 20,NA,Petrol,3,NA,Most deprived 10%,Urban area
20201373L1081,2020,1373L1081,1,Car,No tow/articulation,Going ahead other,South East,North,Footway (pavement),Not at or within 20 metres of junction,None,None,Did not leave carriageway,None,Front,No,Not known,Female,NA,21 - 25,NA,Heavy oil,15,NA,Most deprived 10%,Urban area
20201373L1081,2020,1373L1081,2,Car,No tow/articulation,Parked,Parked,Parked,On main c'way - not in restricted lane,Not at or within 20 metres of junction,None,None,Did not leave carriageway,None,Front,No,Not known,Not known,Data missing or out of range,Data missing or out of range,NA,Petrol,21,NA,Data missing or out of range,Data missing or out of range
20201373L1081,2020,1373L1081,3,Car,No tow/articulation,Parked,Parked,Parked,On main c'way - not in restricted lane,Not at or within 20 metres of junction,None,None,Did not leave carriageway,None,Front,No,Not known,Not known,Data missing or out of range,Data missing or out of range,NA,Petrol,16,NA,Data missing or out of range,Data missing or out of range
20201373N0401,2020,1373N0401,1,Car,No tow/articulation,Parked,North,South East,Footway (pavement),Not at or within 20 metres of junction,None,None,Nearside,Wall or fence,Front,No,Not known,Female,NA,56 - 65,NA,Petrol,1,NA,Less deprived 10-20%,Small town
20201373N1590,2020,1373N1590,1,Car,No tow/articulation,Going ahead other,North West,South East,On main c'way - not in restricted lane,Mid Junction - on roundabout or on main road,Skidded,None,Straight ahead at junction,Other permanent object,Front,No,Not known,Male,NA,21 - 25,NA,Heavy oil,8,NA,More deprived 20-30%,Urban area
20201373O0387,2020,1373O0387,1,Car,No tow/articulation,Going ahead left-hand bend,East,West,On main c'way - not in restricted lane,Not at or within 20 metres of junction,None,None,Did not leave carriageway,None,Front,No,Not known,Female,NA,Over 75,NA,Petrol,6,NA,Less deprived 20-30%,Urban area
20201373O1496,2020,1373O1496,1,Car,No tow/articulation,Going ahead other,South East,North West,On main c'way - not in restricted lane,Not at or within 20 metres of junction,None,None,Did not leave carriageway,None,Front,No,Not known,Male,NA,16 - 20,NA,Heavy oil,17,NA,Most deprived 10%,Urban area
20201373O1496,2020,1373O1496,2,Car,No tow/articulation,Parked,Parked,Parked,On main c'way - not in restricted lane,Not at or within 20 metres of junction,None,None,Did not leave carriageway,None,Front,No,Not known,Not known,Data missing or out of range,Data missing or out of range,NA,Heavy oil,9,NA,Data missing or out of range,Data missing or out of range
20201373P1165,2020,1373P1165,1,Pedal cycle,No tow/articulation,Going ahead other,North East,South West,On main c'way - not in restricted lane,Approaching junction or waiting/parked at junction approach,Skidded,None,Did not leave carriageway,None,Front,No,Not known,Male,NA,11 - 15,Data missing or out of range,Undefined,-1,Data missing or out of range,Most deprived 10%,Urban area
20201373P1165,2020,1373P1165,2,Car,No tow/articulation,Going ahead other,South East,North West,On main c'way - not in restricted lane,Approaching junction or waiting/parked at junction approach,None,None,Did not leave carriageway,None,Offside,No,Not known,Male,NA,26 - 35,NA,Heavy oil,11,NA,Most deprived 10%,Urban area
20201373R0769,2020,1373R0769,1,Car,No tow/articulation,Going ahead other,North West,South East,On main c'way - not in restricted lane,Approaching junction or waiting/parked at junction approach,None,None,Did not leave carriageway,None,Front,No,Not known,Male,NA,21 - 25,NA,Heavy oil,13,NA,Less deprived 30-40%,Urban area
20201373V0213,2020,1373V0213,1,Van / Goods 3.5 tonnes mgw or under,No tow/articulation,Turning left,South East,West,On main c'way - not in restricted lane,Approaching junction or waiting/parked at junction approach,None,None,Did not leave carriageway,None,Nearside,No,Journey as part of work,Male,NA,26 - 35,NA,Heavy oil,1,NA,Data missing or out of range,Data missing or out of range
20201373V0213,2020,1373V0213,2,Car,No tow/articulation,Going ahead other,South East,North,On main c'way - not in restricted lane,Approaching junction or waiting/parked at junction approach,None,None,Did not leave carriageway,None,Offside,No,Commuting to/from work,Female,NA,36 - 45,NA,Heavy oil,3,NA,More deprived 40-50%,Urban area
20201373V1415,2020,1373V1415,1,Motorcycle 125cc and under,No tow/articulation,Going ahead other,North West,South East,On main c'way - not in restricted lane,Mid Junction - on roundabout or on main road,None,None,Did not leave carriageway,None,Front,No,Not known,Male,NA,21 - 25,NA,Petrol,16,NA,More deprived 30-40%,Small town
20201373V1415,2020,1373V1415,2,Van / Goods 3.5 tonnes mgw or under,No tow/articulation,Waiting to turn right,North East,North West,On main c'way - not in restricted lane,Mid Junction - on roundabout or on main road,None,None,Did not leave carriageway,None,Nearside,No,Not known,Male,Data missing or out of range,Data missing or out of range,Data missing or out of range,Undefined,-1,Data missing or out of range,Most deprived 10%,Urban area
2020137410248,2020,137410248,1,Car,No tow/articulation,Going ahead other,South East,North West,On main c'way - not in restricted lane,Mid Junction - on roundabout or on main road,None,None,Did not leave carriageway,None,Front,No,Not known,Female,NA,16 - 20,NA,Petrol,14,NA,Less deprived 40-50%,Urban area
2020137410248,2020,137410248,2,Car,No tow/articulation,Going ahead other,North East,South West,On main c'way - not in restricted lane,Mid Junction - on roundabout or on main road,None,None,Did not leave carriageway,None,Front,No,Not known,Male,NA,46 - 55,NA,Petrol,13,NA,Least deprived 10%,Rural
2020137430137,2020,137430137,1,Car,No tow/articulation,Going ahead other,South East,North,On main c'way - not in restricted lane,Approaching junction or waiting/parked at junction approach,Overturned,None,Did not leave carriageway,None,Front,No,Not known,Male,NA,16 - 20,NA,Heavy oil,3,NA,More deprived 10-20%,Urban area
2020137430137,2020,137430137,2,Car,No tow/articulation,Turning right,South East,East,On main c'way - not in restricted lane,Approaching junction or waiting/parked at junction approach,None,None,Nearside,None,Front,No,Not known,Female,NA,36 - 45,NA,Petrol,13,NA,More deprived 10-20%,Urban area
2020137430137,2020,137430137,3,Car,No tow/articulation,Parked,Parked,Parked,On main c'way - not in restricted lane,Approaching junction or waiting/parked at junction approach,None,None,Did not leave carriageway,None,Front,No,Not known,Not known,Data missing or out of range,Data missing or out of range,NA,Heavy oil,7,NA,Data missing or out of range,Data missing or out of range
2020137430137,2020,137430137,4,Car,No tow/articulation,Parked,Parked,Parked,On main c'way - not in restricted lane,Approaching junction or waiting/parked at junction approach,None,None,Did not leave carriageway,None,Front,No,Not known,Not known,Data missing or out of range,Data missing or out of range,NA,Heavy oil,8,NA,Data missing or out of range,Data missing or out of range
2020137461266,2020,137461266,1,Car,No tow/articulation,Going ahead other,East,West,On main c'way - not in restricted lane,Not at or within 20 metres of junction,None,None,Did not leave carriageway,None,Front,No,Not known,Male,NA,16 - 20,NA,Petrol,17,NA,More deprived 30-40%,Urban area
2020137461266,2020,137461266,2,Car,No tow/articulation,Parked,Parked,Parked,On main c'way - not in restricted lane,Not at or within 20 metres of junction,None,None,Did not leave carriageway,None,Back,No,Not known,Not known,Data missing or out of range,Data missing or out of range,NA,Petrol,7,NA,More deprived 20-30%,Urban area
20201374A2644,2020,1374A2644,1,Car,No tow/articulation,Going ahead other,South East,North West,On main c'way - not in restricted lane,Not at or within 20 metres of junction,None,None,Did not leave carriageway,Wall or fence,Front,No,Not known,Male,Data missing or out of range,Data missing or out of range,NA,Petrol,13,NA,Data missing or out of range,Data missing or out of range
20201374B2570,2020,1374B2570,1,Car,No tow/articulation,Going ahead right-hand bend,North West,South East,On main c'way - not in restricted lane,Not at or within 20 metres of junction,Overturned,Bollard or refuge,Offside on to central reservation,Central crash barrier,Front,No,Not known,Male,NA,16 - 20,NA,Petrol,20,NA,Most deprived 10%,Urban area
20201374B2570,2020,1374B2570,2,Car,No tow/articulation,Going ahead right-hand bend,North West,South East,On main c'way - not in restricted lane,Not at or within 20 metres of junction,Skidded,None,Did not leave carriageway,None,Offside,No,Not known,Male,NA,16 - 20,NA,Petrol,11,NA,More deprived 10-20%,Urban area
20201374E0610,2020,1374E0610,1,Car,No tow/articulation,Going ahead other,South East,North,On main c'way - not in restricted lane,Not at or within 20 metres of junction,Overturned,None,Did not leave carriageway,None,Front,No,Not known,Male,NA,16 - 20,NA,Heavy oil,11,NA,More deprived 40-50%,Urban area
20201374E0610,2020,1374E0610,2,Van / Goods 3.5 tonnes mgw or under,No tow/articulation,Going ahead other,North,South East,On main c'way - not in restricted lane,Not at or within 20 metres of junction,None,None,Did not leave carriageway,None,Did not impact,No,Journey as part of work,Male,Data missing or out of range,Data missing or out of range,NA,Heavy oil,4,NA,Data missing or out of range,Data missing or out of range
20201374E0610,2020,1374E0610,3,Car,No tow/articulation,Parked,Parked,Parked,On main c'way - not in restricted lane,Not at or within 20 metres of junction,None,None,Did not leave carriageway,None,Front,No,Not known,Male,Data missing or out of range,Data missing or out of range,NA,Heavy oil,14,NA,Data missing or out of range,Data missing or out of range
20201374E0610,2020,1374E0610,4,Car,No tow/articulation,Going ahead other,South East,North,On main c'way - not in restricted lane,Not at or within 20 metres of junction,None,None,Did not leave carriageway,None,Did not impact,No,Journey as part of work,Male,Data missing or out of range,Data missing or out of range,NA,Heavy oil,1,NA,Most deprived 10%,Urban area
20201374E1470,2020,1374E1470,1,Car,No tow/articulation,Going ahead right-hand bend,South East,North West,On main c'way - not in restricted lane,Not at or within 20 metres of junction,Skidded,Other object,Did not leave carriageway,None,Nearside,No,Not known,Male,NA,21 - 25,Data missing or out of range,Undefined,-1,Data missing or out of range,More deprived 10-20%,Urban area
20201374E1470,2020,1374E1470,2,Car,No tow/articulation,Going ahead other,North West,South East,On main c'way - not in restricted lane,Not at or within 20 metres of junction,None,None,Did not leave carriageway,None,Front,No,Not known,Male,NA,26 - 35,NA,Heavy oil,8,NA,Most deprived 10%,Urban area
20201374I0774,2020,1374I0774,1,Car,No tow/articulation,Turning right,East,West,On main c'way - not in restricted lane,Approaching junction or waiting/parked at junction approach,None,None,Did not leave carriageway,None,Front,No,Not known,Male,NA,Over 75,NA,Heavy oil,10,NA,More deprived 40-50%,Urban area
20201374I0774,2020,1374I0774,2,Pedal cycle,No tow/articulation,Going ahead right-hand bend,West,East,On main c'way - not in restricted lane,Approaching junction or waiting/parked at junction approach,None,None,Did not leave carriageway,None,Front,No,Not known,Male,NA,36 - 45,Data missing or out of range,Undefined,-1,Data missing or out of range,Less deprived 30-40%,Urban area
20201374J0892,2020,1374J0892,1,Car,No tow/articulation,Turning right,North,West,On main c'way - not in restricted lane,Leaving main road,None,None,Did not leave carriageway,None,Offside,No,Not known,Female,NA,66 - 75,NA,Hybrid electric,2,NA,Less deprived 40-50%,Urban area
20201374J0892,2020,1374J0892,2,Pedal cycle,No tow/articulation,Going ahead other,South East,North,On main c'way - not in restricted lane,Mid Junction - on roundabout or on main road,Skidded and overturned,None,Did not leave carriageway,None,Offside,No,Not known,Male,NA,46 - 55,Data missing or out of range,Undefined,-1,Data missing or out of range,Least deprived 10%,Urban area
20201374M1677,2020,1374M1677,1,Car,No tow/articulation,Parked,Parked,Parked,On main c'way - not in restricted lane,Approaching junction or waiting/parked at junction approach,None,None,Did not leave carriageway,None,Front,No,Not known,Male,NA,26 - 35,NA,Heavy oil,10,NA,Most deprived 10%,Urban area
20201374M1677,2020,1374M1677,2,Car,No tow/articulation,Going ahead other,North,South East,On main c'way - not in restricted lane,Approaching junction or waiting/parked at junction approach,None,None,Did not leave carriageway,None,Back,No,Not known,Female,NA,16 - 20,NA,Petrol,10,NA,More deprived 10-20%,Urban area
20201374N1438,2020,1374N1438,1,Car,No tow/articulation,Going ahead other,East,West,On main c'way - not in restricted lane,Mid Junction - on roundabout or on main road,None,None,Did not leave carriageway,None,Back,No,Not known,Male,NA,46 - 55,NA,Heavy oil,7,NA,More deprived 30-40%,Urban area
20201374N1438,2020,1374N1438,2,Car,No tow/articulation,Going ahead other,East,West,On main c'way - not in restricted lane,Mid Junction - on roundabout or on main road,None,None,Did not leave carriageway,None,Front,No,Not known,Male,NA,46 - 55,Data missing or out of range,Undefined,-1,Data missing or out of range,Most deprived 10%,Urban area
20201374N1438,2020,1374N1438,3,Car,No tow/articulation,Going ahead other,South East,East,On main c'way - not in restricted lane,Mid Junction - on roundabout or on main road,None,None,Did not leave carriageway,None,Did not impact,No,Journey as part of work,Male,NA,36 - 45,NA,Heavy oil,2,NA,Data missing or out of range,Data missing or out of range
20201374O1465,2020,1374O1465,1,Car,No tow/articulation,Waiting to turn right,North,West,On main c'way - not in restricted lane,Mid Junction - on roundabout or on main road,None,None,Did not leave carriageway,None,Nearside,No,Not known,Male,NA,46 - 55,NA,Petrol,15,NA,Most deprived 10%,Urban area
20201374O1465,2020,1374O1465,2,Car,No tow/articulation,Going ahead other,North,South East,On main c'way - not in restricted lane,Mid Junction - on roundabout or on main road,None,None,Did not leave carriageway,None,Front,No,Journey as part of work,Male,NA,26 - 35,NA,Heavy oil,0,NA,Most deprived 10%,Urban area
20201374P0230,2020,1374P0230,1,Car,No tow/articulation,Going ahead left-hand bend,South East,North West,On main c'way - not in restricted lane,Not at or within 20 metres of junction,Overturned,None,Offside,Other permanent object,Front,No,Not known,Male,NA,21 - 25,NA,Petrol,13,NA,Less deprived 10-20%,Urban area
20201374Q0971,2020,1374Q0971,1,Pedal cycle,No tow/articulation,Going ahead other,West,East,On main c'way - not in restricted lane,Not at or within 20 metres of junction,None,None,Did not leave carriageway,None,Front,No,Not known,Male,NA,26 - 35,Data missing or out of range,Undefined,-1,Data missing or out of range,Most deprived 10%,Urban area
20201374Q0971,2020,1374Q0971,2,Van / Goods 3.5 tonnes mgw or under,No tow/articulation,Going ahead other,West,East,On main c'way - not in restricted lane,Not at or within 20 metres of junction,None,None,Did not leave carriageway,None,Nearside,No,Not known,Male,Data missing or out of range,Data missing or out of range,Data missing or out of range,Undefined,-1,Data missing or out of range,Data missing or out of range,Data missing or out of range
20201374Q1719,2020,1374Q1719,1,Car,No tow/articulation,Turning right,North East,North,On main c'way - not in restricted lane,Approaching junction or waiting/parked at junction approach,None,None,Did not leave carriageway,None,Offside,No,Not known,Male,NA,36 - 45,NA,Petrol,5,NA,More deprived 40-50%,Small town
20201374Q1719,2020,1374Q1719,2,Pedal cycle,No tow/articulation,Going ahead other,North East,South West,On main c'way - not in restricted lane,Approaching junction or waiting/parked at junction approach,None,None,Did not leave carriageway,None,Front,No,Not known,Male,NA,36 - 45,Data missing or out of range,Undefined,-1,Data missing or out of range,Data missing or out of range,Data missing or out of range
20201374S1820,2020,1374S1820,1,Car,No tow/articulation,Going ahead right-hand bend,East,South East,On main c'way - not in restricted lane,Leaving main road,None,None,Did not leave carriageway,None,Front,No,Not known,Not known,Data missing or out of range,Data missing or out of range,NA,Heavy oil,12,NA,Data missing or out of range,Data missing or out of range
20201374T0918,2020,1374T0918,1,Car,No tow/articulation,Going ahead other,West,East,On main c'way - not in restricted lane,Not at or within 20 metres of junction,Skidded,Kerb,Nearside,Other permanent object,Front,No,Journey as part of work,Male,NA,46 - 55,NA,Petrol,19,Data missing or out of range,More deprived 20-30%,Urban area
20201374U0550,2020,1374U0550,1,Car,No tow/articulation,Going ahead other,South East,North,On main c'way - not in restricted lane,Approaching junction or waiting/parked at junction approach,None,None,Offside,Wall or fence,Nearside,No,Not known,Male,NA,26 - 35,NA,Heavy oil,5,NA,Most deprived 10%,Urban area
20201374U0550,2020,1374U0550,2,Car,No tow/articulation,Going ahead other,South East,North,On main c'way - not in restricted lane,Approaching junction or waiting/parked at junction approach,None,None,Did not leave carriageway,None,Offside,No,Not known,Male,NA,26 - 35,NA,Heavy oil,14,NA,Data missing or out of range,Data missing or out of range
2020137511274,2020,137511274,1,Motorcycle 50cc and under,No tow/articulation,Going ahead other,South West,North East,On main c'way - not in restricted lane,Not at or within 20 metres of junction,None,Parked vehicle,Did not leave carriageway,None,Front,No,Not known,Male,NA,26 - 35,NA,Petrol,4,Data missing or out of range,Data missing or out of range,Data missing or out of range
2020137511274,2020,137511274,2,Car,No tow/articulation,Parked,Parked,Parked,On main c'way - not in restricted lane,Not at or within 20 metres of junction,None,None,Did not leave carriageway,None,Did not impact,No,Not known,Female,NA,26 - 35,NA,Petrol,11,NA,Data missing or out of range,Data missing or out of range
2020137511755,2020,137511755,1,Car,No tow/articulation,Going ahead other,North,South East,On main c'way - not in restricted lane,Mid Junction - on roundabout or on main road,None,None,Offside,Wall or fence,Nearside,No,Not known,Male,NA,26 - 35,NA,Hybrid electric,0,NA,More deprived 30-40%,Urban area
2020137511755,2020,137511755,2,Van / Goods 3.5 tonnes mgw or under,No tow/articulation,Going ahead other,South East,North West,On main c'way - not in restricted lane,Mid Junction - on roundabout or on main road,None,None,Did not leave carriageway,None,Front,No,Not known,Male,NA,46 - 55,NA,Heavy oil,7,NA,Most deprived 10%,Urban area
2020137520751,2020,137520751,1,Car,No tow/articulation,Going ahead other,South West,North,Cycle lane (on main carriageway),Not at or within 20 metres of junction,None,None,Did not leave carriageway,None,Nearside,No,Journey as part of work,Male,NA,26 - 35,NA,Petrol,6,Data missing or out of range,More deprived 20-30%,Urban area
2020137520751,2020,137520751,2,Pedal cycle,No tow/articulation,Going ahead other,North,South East,Cycle lane (on main carriageway),Not at or within 20 metres of junction,None,None,Did not leave carriageway,None,Front,No,Journey as part of work,Male,NA,26 - 35,Data missing or out of range,Undefined,-1,Data missing or out of range,Most deprived 10%,Urban area
2020137540293,2020,137540293,1,Car,No tow/articulation,Slowing or stopping,North,South East,On main c'way - not in restricted lane,Not at or within 20 metres of junction,None,None,Did not leave carriageway,None,Front,No,Not known,Female,NA,46 - 55,NA,Heavy oil,3,NA,Least deprived 10%,Urban area
2020137540293,2020,137540293,2,Van / Goods 3.5 tonnes mgw or under,No tow/articulation,Parked,Parked,Parked,On main c'way - not in restricted lane,Not at or within 20 metres of junction,None,None,Did not leave carriageway,None,Front,No,Journey as part of work,Male,NA,26 - 35,NA,Heavy oil,9,NA,Less deprived 40-50%,Rural
2020137550415,2020,137550415,1,Car,No tow/articulation,Going ahead other,Parked,Parked,On main c'way - not in restricted lane,Approaching junction or waiting/parked at junction approach,None,None,Did not leave carriageway,None,Front,No,Not known,Male,NA,66 - 75,NA,Heavy oil,15,NA,More deprived 20-30%,Urban area
2020137550415,2020,137550415,2,Car,No tow/articulation,Parked,North West,South East,On main c'way - not in restricted lane,Approaching junction or waiting/parked at junction approach,None,None,Did not leave carriageway,None,Back,No,Not known,Male,NA,36 - 45,NA,Petrol,13,NA,Data missing or out of range,Data missing or out of range
2020137551013,2020,137551013,1,Motorcycle over 500cc,No tow/articulation,Going ahead right-hand bend,West,East,On main c'way - not in restricted lane,Cleared junction or waiting/parked at junction exit,Skidded,None,Nearside,Wall or fence,Back,No,Commuting to/from work,Male,NA,26 - 35,NA,Petrol,19,Data missing or out of range,More deprived 20-30%,Urban area
2020137561071,2020,137561071,1,Car,No tow/articulation,Going ahead other,North East,South West,On main c'way - not in restricted lane,Not at or within 20 metres of junction,Overturned,None,Did not leave carriageway,None,Front,No,Not known,Male,NA,36 - 45,NA,Heavy oil,17,NA,Data missing or out of range,Data missing or out of range
2020137561071,2020,137561071,2,Car,No tow/articulation,Parked,Parked,Parked,On main c'way - not in restricted lane,Not at or within 20 metres of junction,None,None,Did not leave carriageway,None,Offside,No,Not known,Not known,Data missing or out of range,Data missing or out of range,NA,Petrol,2,NA,Data missing or out of range,Data missing or out of range
2020137561071,2020,137561071,3,Car,No tow/articulation,Parked,Parked,Parked,On main c'way - not in restricted lane,Not at or within 20 metres of junction,None,None,Did not leave carriageway,None,Nearside,No,Not known,Not known,Data missing or out of range,Data missing or out of range,NA,Petrol,3,NA,More deprived 20-30%,Urban area
2020137561082,2020,137561082,1,Ridden horse,No tow/articulation,Going ahead other,East,West,On main c'way - not in restricted lane,Not at or within 20 metres of junction,Skidded,Parked vehicle,Did not leave carriageway,None,Front,No,Not known,Female,NA,21 - 25,Data missing or out of range,Undefined,-1,Data missing or out of range,Most deprived 10%,Urban area
2020137561082,2020,137561082,2,Car,No tow/articulation,Parked,Parked,Parked,On main c'way - not in restricted lane,Not at or within 20 metres of junction,None,None,Did not leave carriageway,None,Back,No,Not known,Female,Data missing or out of range,Data missing or out of range,NA,Heavy oil,4,NA,Data missing or out of range,Data missing or out of range
2020137561631,2020,137561631,1,Car,No tow/articulation,Turning right,East,North,On main c'way - not in restricted lane,Not at or within 20 metres of junction,None,None,Did not leave carriageway,None,Front,No,Not known,Male,NA,26 - 35,NA,Heavy oil,18,NA,Most deprived 10%,Urban area