accident_index,accident_year,accident_reference,vehicle_reference,vehicle_type,towing_and_articulation,vehicle_manoeuvre,vehicle_direction_from,vehicle_direction_to,vehicle_location_restricted_lane,junction_location,skidding_and_overturning,hit_object_in_carriageway,vehicle_leaving_carriageway,hit_object_off_carriageway,first_point_of_impact,vehicle_left_hand_drive,journey_purpose_of_driver,sex_of_driver,age_of_driver,age_band_of_driver,engine_capacity_cc,propulsion_code,age_of_vehicle,generic_make_model,driver_imd_decile,driver_home_area_type
2020137561631,2020,137561631,2,Car,No tow/articulation,Going ahead other,West,East,On main c'way - not in restricted lane,Not at or within 20 metres of junction,None,None,Did not leave carriageway,None,Front,No,Not known,Male,NA,26 - 35,NA,Heavy oil,10,NA,Most deprived 10%,Urban area
2020137570939,2020,137570939,1,Car,No tow/articulation,Changing lane to right,North East,North West,On main c'way - not in restricted lane,Mid Junction - on roundabout or on main road,None,None,Did not leave carriageway,None,Front,No,Not known,Not known,Data missing or out of range,Data missing or out of range,NA,Heavy oil,8,NA,Data missing or out of range,Data missing or out of range
2020137570939,2020,137570939,2,Car,No tow/articulation,Going ahead other,South West,North East,On main c'way - not in restricted lane,Mid Junction - on roundabout or on main road,None,None,Did not leave carriageway,None,Front,No,Not known,Female,NA,56 - 65,NA,Heavy oil,5,NA,More deprived 40-50%,Urban area
2020137571076,2020,137571076,1,Van / Goods 3.5 tonnes mgw or under,No tow/articulation,Parked,Parked,Parked,On main c'way - not in restricted lane,Not at or within 20 metres of junction,None,None,Did not leave carriageway,None,Back,No,Not known,Male,Data missing or out of range,Data missing or out of range,Data missing or out of range,Undefined,-1,Data missing or out of range,Data missing or out of range,Data missing or out of range
2020137571076,2020,137571076,2,Pedal cycle,No tow/articulation,Going ahead other,West,East,On main c'way - not in restricted lane,Not at or within 20 metres of junction,None,None,Did not leave carriageway,None,Front,No,Not known,Male,NA,66 - 75,Data missing or out of range,Undefined,-1,Data missing or out of range,More deprived 40-50%,Urban area
2020137572176,2020,137572176,1,Car,No tow/articulation,Moving off,South East,North,On main c'way - not in restricted lane,Not at or within 20 metres of junction,None,None,Did not leave carriageway,None,Offside,No,Not known,Female,NA,16 - 20,NA,Heavy oil,11,NA,Most deprived 10%,Urban area
2020137572176,2020,137572176,2,Car,No tow/articulation,Going ahead other,South East,North,On main c'way - not in restricted lane,Not at or within 20 metres of junction,None,Parked vehicle,Did not leave carriageway,None,Front,No,Not known,Female,NA,26 - 35,NA,Heavy oil,5,NA,More deprived 30-40%,Urban area
2020137572176,2020,137572176,3,Car,No tow/articulation,Parked,Parked,Parked,On main c'way - not in restricted lane,Not at or within 20 metres of junction,None,None,Did not leave carriageway,None,Nearside,No,Not known,Male,Data missing or out of range,Data missing or out of range,NA,Petrol,11,NA,Most deprived 10%,Urban area
2020137582916,2020,137582916,1,Taxi/Private hire car,No tow/articulation,Going ahead other,East,West,On main c'way - not in restricted lane,Mid Junction - on roundabout or on main road,Skidded,None,Did not leave carriageway,None,Offside,No,Journey as part of work,Male,NA,26 - 35,NA,Heavy oil,8,NA,More deprived 10-20%,Urban area
2020137582916,2020,137582916,2,Taxi/Private hire car,No tow/articulation,Going ahead other,West,East,On main c'way - not in restricted lane,Mid Junction - on roundabout or on main road,Skidded,None,Did not leave carriageway,None,Nearside,No,Journey as part of work,Male,NA,26 - 35,NA,Heavy oil,8,NA,More deprived 10-20%,Urban area
2020137582916,2020,137582916,3,Car,No tow/articulation,Going ahead other,North,South East,On main c'way - not in restricted lane,Mid Junction - on roundabout or on main road,Skidded,None,Did not leave carriageway,None,Front,No,Not known,Not known,Data missing or out of range,Data missing or out of range,NA,Heavy oil,11,NA,Data missing or out of range,Data missing or out of range
20201375B1211,2020,1375B1211,1,Car,No tow/articulation,Going ahead other,South West,North East,On main c'way - not in restricted lane,Not at or within 20 metres of junction,None,None,Did not leave carriageway,None,Front,No,Not known,Not known,Data missing or out of range,Data missing or out of range,Data missing or out of range,Undefined,-1,Data missing or out of range,Data missing or out of range,Data missing or out of range
20201375B1267,2020,1375B1267,1,Car,No tow/articulation,Going ahead other,North East,North,On main c'way - not in restricted lane,Entering main road,None,None,Did not leave carriageway,None,Offside,No,Not known,Male,NA,56 - 65,NA,Heavy oil,7,NA,Most deprived 10%,Urban area
20201375B1267,2020,1375B1267,2,Car,No tow/articulation,Moving off,North,South East,On main c'way - not in restricted lane,Approaching junction or waiting/parked at junction approach,None,None,Did not leave carriageway,None,Front,No,Not known,Female,NA,26 - 35,NA,Heavy oil,9,NA,More deprived 30-40%,Urban area
20201375D1517,2020,1375D1517,1,Motorcycle 125cc and under,No tow/articulation,Going ahead other,East,West,On main c'way - not in restricted lane,Not at or within 20 metres of junction,None,None,Did not leave carriageway,None,Offside,No,Not known,Male,Data missing or out of range,Data missing or out of range,NA,Petrol,19,Data missing or out of range,Data missing or out of range,Data missing or out of range
20201375D1517,2020,1375D1517,2,Car,No tow/articulation,Going ahead other,East,West,On main c'way - not in restricted lane,Not at or within 20 metres of junction,None,None,Did not leave carriageway,None,Front,No,Not known,Not known,Data missing or out of range,Data missing or out of range,Data missing or out of range,Undefined,-1,Data missing or out of range,Data missing or out of range,Data missing or out of range
20201375E1608,2020,1375E1608,1,Car,No tow/articulation,Going ahead other,East,West,On main c'way - not in restricted lane,Not at or within 20 metres of junction,None,None,Did not leave carriageway,None,Front,No,Not known,Male,NA,21 - 25,NA,Heavy oil,11,NA,More deprived 20-30%,Urban area
20201375F0258,2020,1375F0258,1,Goods 7.5 tonnes mgw and over,Articulated vehicle,Going ahead other,West,East,On main c'way - not in restricted lane,Entering roundabout,None,None,Did not leave carriageway,None,Offside,No,Journey as part of work,Male,NA,26 - 35,NA,Heavy oil,1,NA,Most deprived 10%,Urban area
20201375F0258,2020,1375F0258,2,Car,No tow/articulation,Turning right,South East,East,On main c'way - not in restricted lane,Mid Junction - on roundabout or on main road,None,None,Did not leave carriageway,None,Nearside,No,Not known,Female,NA,26 - 35,NA,Petrol,6,NA,More deprived 40-50%,Small town
20201375F0454,2020,1375F0454,1,Car,No tow/articulation,Turning right,South East,East,On main c'way - not in restricted lane,Mid Junction - on roundabout or on main road,None,None,Did not leave carriageway,None,Nearside,No,Not known,Female,NA,56 - 65,NA,Petrol,10,NA,Less deprived 10-20%,Urban area
20201375F0454,2020,1375F0454,2,Pedal cycle,No tow/articulation,Going ahead other,North,South East,On main c'way - not in restricted lane,Mid Junction - on roundabout or on main road,None,None,Did not leave carriageway,None,Front,No,Not known,Male,NA,46 - 55,Data missing or out of range,Undefined,-1,Data missing or out of range,Most deprived 10%,Urban area
20201375F0654,2020,1375F0654,1,Car,No tow/articulation,Going ahead other,North East,South West,On main c'way - not in restricted lane,Not at or within 20 metres of junction,None,None,Did not leave carriageway,None,Front,No,Not known,Male,NA,56 - 65,NA,Petrol,14,NA,Most deprived 10%,Urban area
20201375F0970,2020,1375F0970,1,Car,No tow/articulation,Going ahead left-hand bend,West,North,On main c'way - not in restricted lane,Not at or within 20 metres of junction,None,None,Did not leave carriageway,None,Offside,No,Not known,Female,Data missing or out of range,Data missing or out of range,Data missing or out of range,Undefined,-1,Data missing or out of range,Data missing or out of range,Data missing or out of range
20201375F0970,2020,1375F0970,2,Motorcycle 125cc and under,No tow/articulation,Going ahead left-hand bend,West,North,On main c'way - not in restricted lane,Not at or within 20 metres of junction,None,None,Did not leave carriageway,None,Nearside,No,Not known,Male,NA,26 - 35,NA,Petrol,5,NA,Most deprived 10%,Urban area
20201375F1453,2020,1375F1453,1,Other vehicle,No tow/articulation,Going ahead other,East,West,On main c'way - not in restricted lane,Not at or within 20 metres of junction,Overturned,None,Did not leave carriageway,None,Did not impact,No,Not known,Not known,Data missing or out of range,Data missing or out of range,Data missing or out of range,Undefined,-1,Data missing or out of range,Data missing or out of range,Data missing or out of range
20201375G0566,2020,1375G0566,1,Pedal cycle,No tow/articulation,Going ahead other,South West,North East,On main c'way - not in restricted lane,Not at or within 20 metres of junction,None,None,Did not leave carriageway,None,Offside,No,Not known,Male,NA,56 - 65,Data missing or out of range,Undefined,-1,Data missing or out of range,Data missing or out of range,Data missing or out of range
20201375G0566,2020,1375G0566,2,Car,No tow/articulation,Going ahead other,South West,North East,On main c'way - not in restricted lane,Not at or within 20 metres of junction,None,None,Did not leave carriageway,None,Back,No,Not known,Female,NA,Over 75,NA,Petrol,14,NA,Less deprived 30-40%,Urban area
20201375H0497,2020,1375H0497,1,Motorcycle over 500cc,No tow/articulation,Going ahead right-hand bend,South West,North East,On main c'way - not in restricted lane,Not at or within 20 metres of junction,None,None,Nearside,None,Did not impact,No,Not known,Male,NA,46 - 55,NA,Petrol,15,NA,Less deprived 30-40%,Urban area
20201375H0790,2020,1375H0790,1,Pedal cycle,No tow/articulation,Turning right,East,North,On main c'way - not in restricted lane,Entering main road,Overturned,None,Did not leave carriageway,None,Front,No,Not known,Male,NA,11 - 15,Data missing or out of range,Undefined,-1,Data missing or out of range,Least deprived 10%,Small town
20201375H0790,2020,1375H0790,2,Car,No tow/articulation,Going ahead other,North,South East,On main c'way - not in restricted lane,Mid Junction - on roundabout or on main road,None,None,Did not leave carriageway,None,Nearside,No,Not known,Male,Data missing or out of range,Data missing or out of range,Data missing or out of range,Undefined,-1,Data missing or out of range,Data missing or out of range,Data missing or out of range
20201375J0119,2020,1375J0119,1,Car,No tow/articulation,Going ahead other,North,South East,On main c'way - not in restricted lane,Not at or within 20 metres of junction,None,None,Did not leave carriageway,None,Front,No,Not known,Male,NA,21 - 25,NA,Petrol,11,NA,More deprived 20-30%,Urban area
20201375J0119,2020,1375J0119,2,Car,No tow/articulation,Parked,Parked,Parked,On main c'way - not in restricted lane,Not at or within 20 metres of junction,None,None,Did not leave carriageway,None,Back,No,Not known,Not known,Data missing or out of range,Data missing or out of range,NA,Heavy oil,8,NA,Data missing or out of range,Data missing or out of range
20201375J0119,2020,1375J0119,3,Car,No tow/articulation,Parked,Parked,Parked,On main c'way - not in restricted lane,Not at or within 20 metres of junction,None,None,Did not leave carriageway,None,Back,No,Not known,Not known,Data missing or out of range,Data missing or out of range,NA,Heavy oil,12,NA,Data missing or out of range,Data missing or out of range
20201375K0930,2020,1375K0930,1,Pedal cycle,No tow/articulation,Going ahead other,East,West,On main c'way - not in restricted lane,Not at or within 20 metres of junction,None,None,Did not leave carriageway,None,Front,No,Not known,Male,NA,56 - 65,Data missing or out of range,Undefined,-1,Data missing or out of range,More deprived 20-30%,Urban area
20201375K0930,2020,1375K0930,2,Car,No tow/articulation,Parked,Parked,Parked,On main c'way - not in restricted lane,Not at or within 20 metres of junction,None,None,Did not leave carriageway,None,Back,No,Journey as part of work,Female,NA,56 - 65,NA,Petrol,7,NA,Less deprived 40-50%,Urban area
20201375K2376,2020,1375K2376,1,Car,No tow/articulation,Going ahead other,North East,South West,On main c'way - not in restricted lane,Mid Junction - on roundabout or on main road,None,None,Did not leave carriageway,None,Front,No,Not known,Male,NA,26 - 35,NA,Petrol,11,NA,More deprived 40-50%,Urban area
20201375K2376,2020,1375K2376,2,Car,No tow/articulation,Turning right,South East,North West,On main c'way - not in restricted lane,Mid Junction - on roundabout or on main road,None,None,Did not leave carriageway,None,Front,No,Not known,Female,NA,26 - 35,NA,Heavy oil,11,NA,Most deprived 10%,Urban area
20201375L2345,2020,1375L2345,1,Car,No tow/articulation,Going ahead other,South East,North,On main c'way - not in restricted lane,Approaching junction or waiting/parked at junction approach,Overturned,None,Nearside,Other permanent object,Nearside,No,Not known,Male,NA,16 - 20,NA,Petrol,5,NA,More deprived 40-50%,Urban area
20201375N0471,2020,1375N0471,1,Car,No tow/articulation,Going ahead other,South West,East,On main c'way - not in restricted lane,Not at or within 20 metres of junction,None,None,Did not leave carriageway,None,Nearside,No,Not known,Female,NA,26 - 35,NA,Petrol,3,NA,Data missing or out of range,Data missing or out of range
20201375N0793,2020,1375N0793,1,Car,No tow/articulation,Going ahead other,West,East,On main c'way - not in restricted lane,Approaching junction or waiting/parked at junction approach,None,None,Did not leave carriageway,None,Front,No,Not known,Female,NA,26 - 35,NA,Petrol,3,NA,Less deprived 30-40%,Small town
20201375N0793,2020,1375N0793,2,Car,No tow/articulation,Turning right,South East,North,On main c'way - not in restricted lane,Cleared junction or waiting/parked at junction exit,None,None,Did not leave carriageway,None,Nearside,No,Not known,Male,NA,36 - 45,NA,Heavy oil,14,NA,More deprived 30-40%,Urban area
20201375N0793,2020,1375N0793,3,Car,No tow/articulation,Going ahead other,West,East,On main c'way - not in restricted lane,Approaching junction or waiting/parked at junction approach,None,None,Did not leave carriageway,None,Back,No,Not known,Male,NA,26 - 35,NA,Heavy oil,12,NA,Less deprived 40-50%,Urban area
20201375N2093,2020,1375N2093,1,Car,No tow/articulation,Going ahead other,North,South East,On main c'way - not in restricted lane,Approaching junction or waiting/parked at junction approach,None,None,Did not leave carriageway,None,Front,No,Not known,Female,NA,21 - 25,NA,Heavy oil,9,NA,More deprived 10-20%,Urban area
20201375O0721,2020,1375O0721,1,Car,No tow/articulation,Turning left,East,North,On main c'way - not in restricted lane,Leaving roundabout,None,None,Did not leave carriageway,None,Offside,No,Not known,Female,NA,26 - 35,NA,Petrol,12,NA,Most deprived 10%,Urban area
20201375O0721,2020,1375O0721,2,Car,No tow/articulation,Going ahead other,South East,North,On main c'way - not in restricted lane,Entering roundabout,None,None,Did not leave carriageway,None,Front,No,Not known,Male,NA,21 - 25,NA,Heavy oil,10,NA,Most deprived 10%,Urban area
20201375O1293,2020,1375O1293,1,Car,No tow/articulation,Going ahead other,North,South East,On main c'way - not in restricted lane,Not at or within 20 metres of junction,None,None,Did not leave carriageway,None,Offside,No,Not known,Female,NA,46 - 55,NA,Petrol,2,NA,More deprived 10-20%,Urban area
20201375O1700,2020,1375O1700,1,Car,No tow/articulation,Turning right,North,West,On main c'way - not in restricted lane,Mid Junction - on roundabout or on main road,None,None,Did not leave carriageway,None,Nearside,No,Not known,Not known,Data missing or out of range,Data missing or out of range,Data missing or out of range,Undefined,-1,Data missing or out of range,Data missing or out of range,Data missing or out of range
20201375Q0372,2020,1375Q0372,1,Car,No tow/articulation,Slowing or stopping,North,South East,On main c'way - not in restricted lane,Not at or within 20 metres of junction,None,None,Did not leave carriageway,None,Back,No,Not known,Male,NA,36 - 45,NA,Heavy oil,9,NA,More deprived 40-50%,Urban area
20201375Q0372,2020,1375Q0372,2,Car,No tow/articulation,Going ahead other,North,South East,On main c'way - not in restricted lane,Not at or within 20 metres of junction,None,None,Did not leave carriageway,None,Front,No,Not known,Male,NA,26 - 35,Data missing or out of range,Undefined,-1,Data missing or out of range,More deprived 20-30%,Urban area
20201375R1886,2020,1375R1886,1,Car,No tow/articulation,Going ahead other,South East,North,On main c'way - not in restricted lane,Mid Junction - on roundabout or on main road,None,None,Did not leave carriageway,None,Front,No,Not known,Male,NA,21 - 25,NA,Petrol,13,NA,Most deprived 10%,Urban area
20201375R1886,2020,1375R1886,2,Car,No tow/articulation,Going ahead other,West,East,On main c'way - not in restricted lane,Mid Junction - on roundabout or on main road,None,None,Offside on to central reservation,Road sign or traffic signal,Nearside,No,Not known,Male,NA,36 - 45,NA,Heavy oil,7,NA,More deprived 30-40%,Urban area
20201375R1941,2020,1375R1941,1,Car,No tow/articulation,Going ahead other,South East,North,On main c'way - not in restricted lane,Entering main road,Overturned,None,Did not leave carriageway,None,Nearside,No,Not known,Male,NA,16 - 20,NA,Petrol,8,NA,Most deprived 10%,Urban area
20201375R1941,2020,1375R1941,2,Car,No tow/articulation,Going ahead other,West,East,On main c'way - not in restricted lane,Approaching junction or waiting/parked at junction approach,None,None,Did not leave carriageway,None,Nearside,No,Not known,Male,NA,26 - 35,NA,Heavy oil,2,NA,Less deprived 20-30%,Urban area
20201375R1941,2020,1375R1941,3,Car,No tow/articulation,Going ahead other,East,West,On main c'way - not in restricted lane,Entering main road,None,None,Did not leave carriageway,None,Front,No,Not known,Male,NA,26 - 35,Data missing or out of range,Undefined,-1,Data missing or out of range,Most deprived 10%,Urban area
20201375S1176,2020,1375S1176,1,Car,No tow/articulation,Going ahead other,South East,North West,On main c'way - not in restricted lane,Not at or within 20 metres of junction,None,None,Did not leave carriageway,None,Front,No,Not known,Male,Data missing or out of range,Data missing or out of range,Data missing or out of range,Undefined,-1,Data missing or out of range,Data missing or out of range,Data missing or out of range
20201375S1176,2020,1375S1176,2,Car,No tow/articulation,Going ahead other,South East,North West,On main c'way - not in restricted lane,Not at or within 20 metres of junction,None,None,Did not leave carriageway,None,Back,No,Not known,Female,NA,16 - 20,NA,Heavy oil,8,NA,Most deprived 10%,Urban area
20201375U0592,2020,1375U0592,1,Car,No tow/articulation,Turning left,East,North East,On main c'way - not in restricted lane,Mid Junction - on roundabout or on main road,None,None,Did not leave carriageway,None,Front,No,Not known,Male,NA,Over 75,NA,Petrol,7,NA,Most deprived 10%,Urban area
20201375U0592,2020,1375U0592,2,Car,No tow/articulation,Parked,Parked,Parked,On main c'way - not in restricted lane,Cleared junction or waiting/parked at junction exit,None,None,Did not leave carriageway,None,Back,No,Not known,Male,Data missing or out of range,Data missing or out of range,NA,Heavy oil,15,NA,Most deprived 10%,Urban area
20201375U0647,2020,1375U0647,1,Car,No tow/articulation,Going ahead other,East,West,On main c'way - not in restricted lane,Entering roundabout,None,None,Did not leave carriageway,None,Nearside,No,Not known,Male,NA,66 - 75,NA,Petrol,7,NA,Less deprived 30-40%,Urban area
20201375U0647,2020,1375U0647,2,Pedal cycle,No tow/articulation,Turning right,West,South East,On main c'way - not in restricted lane,Leaving roundabout,None,None,Did not leave carriageway,None,Back,No,Not known,Male,NA,36 - 45,Data missing or out of range,Undefined,-1,Data missing or out of range,Less deprived 30-40%,Urban area
20201375U0740,2020,1375U0740,1,Motorcycle over 500cc,No tow/articulation,Going ahead other,South East,North,On main c'way - not in restricted lane,Not at or within 20 metres of junction,None,None,Did not leave carriageway,None,Front,No,Not known,Male,NA,16 - 20,NA,Petrol,20,NA,Most deprived 10%,Urban area
20201375U0916,2020,1375U0916,1,Car,No tow/articulation,Turning left,South East,West,On main c'way - not in restricted lane,Cleared junction or waiting/parked at junction exit,None,None,Nearside,Other permanent object,Nearside,No,Not known,Female,NA,36 - 45,NA,Petrol,13,NA,Most deprived 10%,Urban area
20201375U1034,2020,1375U1034,1,Pedal cycle,No tow/articulation,Going ahead other,North East,South West,On main c'way - not in restricted lane,Mid Junction - on roundabout or on main road,Skidded,None,Did not leave carriageway,None,Did not impact,No,Not known,Male,NA,56 - 65,Data missing or out of range,Undefined,-1,Data missing or out of range,Most deprived 10%,Urban area
20201375U1430,2020,1375U1430,1,Car,No tow/articulation,Overtaking - nearside,East,West,On main c'way - not in restricted lane,Not at or within 20 metres of junction,None,None,Did not leave carriageway,None,Front,No,Not known,Male,NA,66 - 75,NA,Petrol,1,NA,Less deprived 10-20%,Urban area
20201375U1430,2020,1375U1430,2,Goods over 3.5t. and under 7.5t,No tow/articulation,Slowing or stopping,East,West,On main c'way - not in restricted lane,Not at or within 20 metres of junction,None,None,Did not leave carriageway,None,Back,No,Journey as part of work,Male,NA,36 - 45,Data missing or out of range,Undefined,-1,NA,Most deprived 10%,Urban area
20201375U2402,2020,1375U2402,1,Car,No tow/articulation,Going ahead other,West,North,On main c'way - not in restricted lane,Entering roundabout,None,None,Did not leave carriageway,None,Front,No,Not known,Male,NA,21 - 25,NA,Heavy oil,5,NA,Most deprived 10%,Urban area
20201375U2402,2020,1375U2402,2,Pedal cycle,No tow/articulation,Going ahead other,South East,North,On main c'way - not in restricted lane,Entering roundabout,None,None,Did not leave carriageway,None,Front,No,Not known,Male,NA,56 - 65,Data missing or out of range,Undefined,-1,Data missing or out of range,Most deprived 10%,Urban area
20201375V0388,2020,1375V0388,1,Car,No tow/articulation,Going ahead other,North East,South West,On main c'way - not in restricted lane,Mid Junction - on roundabout or on main road,None,None,Did not leave carriageway,None,Front,No,Not known,Male,NA,21 - 25,NA,Heavy oil,1,NA,Most deprived 10%,Urban area
20201375V0388,2020,1375V0388,2,Car,No tow/articulation,Going ahead other,East,West,On main c'way - not in restricted lane,Mid Junction - on roundabout or on main road,None,None,Did not leave carriageway,None,Front,No,Not known,Male,NA,36 - 45,NA,Heavy oil,7,NA,More deprived 40-50%,Urban area
20201375V0748,2020,1375V0748,1,Pedal cycle,No tow/articulation,Going ahead other,North West,South East,On main c'way - not in restricted lane,Mid Junction - on roundabout or on main road,None,None,Did not leave carriageway,None,Front,No,Not known,Male,NA,11 - 15,Data missing or out of range,Undefined,-1,Data missing or out of range,More deprived 30-40%,Urban area
20201375V0748,2020,1375V0748,2,Car,No tow/articulation,Turning right,North West,South West,On main c'way - not in restricted lane,Mid Junction - on roundabout or on main road,None,None,Did not leave carriageway,None,Offside,No,Not known,Male,NA,26 - 35,NA,Petrol,15,NA,More deprived 20-30%,Urban area
20201375V1082,2020,1375V1082,1,Motorcycle 125cc and under,No tow/articulation,Going ahead other,South West,North East,On main c'way - not in restricted lane,Approaching junction or waiting/parked at junction approach,None,None,Did not leave carriageway,None,Offside,No,Commuting to/from work,Female,NA,36 - 45,NA,Petrol,2,NA,Most deprived 10%,Urban area
20201375V2251,2020,1375V2251,1,Car,No tow/articulation,Going ahead other,North West,South East,On main c'way - not in restricted lane,Not at or within 20 metres of junction,None,None,Did not leave carriageway,None,Front,No,Not known,Female,NA,36 - 45,NA,Heavy oil,10,NA,Most deprived 10%,Urban area
2020137610903,2020,137610903,1,Car,No tow/articulation,Overtaking - nearside,West,East,On main c'way - not in restricted lane,Approaching junction or waiting/parked at junction approach,None,None,Did not leave carriageway,None,Offside,No,Not known,Male,NA,16 - 20,NA,Petrol,0,NA,More deprived 20-30%,Urban area
2020137610903,2020,137610903,2,Car,No tow/articulation,Waiting to turn right,West,East,On main c'way - not in restricted lane,Approaching junction or waiting/parked at junction approach,None,None,Did not leave carriageway,None,Back,No,Not known,Female,NA,26 - 35,NA,Petrol,7,NA,Data missing or out of range,Data missing or out of range
2020137610903,2020,137610903,3,Car,No tow/articulation,Going ahead other,West,East,On main c'way - not in restricted lane,Cleared junction or waiting/parked at junction exit,None,None,Did not leave carriageway,None,Back,No,Not known,Male,NA,26 - 35,NA,Heavy oil,10,NA,More deprived 20-30%,Urban area
2020137611237,2020,137611237,1,Car,No tow/articulation,Going ahead right-hand bend,South West,North East,On main c'way - not in restricted lane,Approaching junction or waiting/parked at junction approach,Overturned,None,Did not leave carriageway,Wall or fence,Nearside,No,Not known,Male,NA,16 - 20,NA,Petrol,1,NA,Less deprived 40-50%,Small town
2020137611381,2020,137611381,1,Car,No tow/articulation,Going ahead other,North East,South West,On main c'way - not in restricted lane,Not at or within 20 metres of junction,None,None,Did not leave carriageway,None,Front,No,Not known,Male,NA,46 - 55,NA,Hybrid electric,10,NA,More deprived 10-20%,Urban area
2020137621961,2020,137621961,1,Car,No tow/articulation,Going ahead other,South East,North,On main c'way - not in restricted lane,Cleared junction or waiting/parked at junction exit,None,None,Did not leave carriageway,Wall or fence,Front,No,Not known,Male,NA,Over 75,NA,Heavy oil,1,NA,Less deprived 10-20%,Small town
2020137631212,2020,137631212,1,Car,No tow/articulation,Turning right,South East,North,On main c'way - not in restricted lane,Entering main road,None,None,Did not leave carriageway,None,Did not impact,No,Not known,Not known,Data missing or out of range,Data missing or out of range,Data missing or out of range,Undefined,-1,Data missing or out of range,Data missing or out of range,Data missing or out of range
2020137631212,2020,137631212,2,Car,No tow/articulation,Going ahead right-hand bend,North,South West,On main c'way - not in restricted lane,Approaching junction or waiting/parked at junction approach,None,None,Did not leave carriageway,None,Did not impact,No,Not known,Male,NA,56 - 65,NA,Petrol,9,NA,More deprived 20-30%,Urban area
2020137641128,2020,137641128,1,Car,No tow/articulation,Going ahead other,South East,North West,On main c'way - not in restricted lane,Approaching junction or waiting/parked at junction approach,None,None,Did not leave carriageway,None,Front,No,Not known,Male,NA,26 - 35,NA,Petrol,7,NA,More deprived 20-30%,Urban area
2020137641128,2020,137641128,2,Car,No tow/articulation,Going ahead other,South West,North East,On main c'way - not in restricted lane,Mid Junction - on roundabout or on main road,None,None,Did not leave carriageway,None,Offside,No,Not known,Female,NA,26 - 35,NA,Heavy oil,8,NA,More deprived 10-20%,Urban area
2020137650255,2020,137650255,1,Car,No tow/articulation,Going ahead other,North East,South West,On main c'way - not in restricted lane,Mid Junction - on roundabout or on main road,None,None,Did not leave carriageway,None,Nearside,No,Commuting to/from work,Male,NA,26 - 35,NA,Petrol,10,NA,More deprived 40-50%,Urban area
2020137650255,2020,137650255,2,Pedal cycle,No tow/articulation,Going ahead other,North West,South East,On main c'way - not in restricted lane,Mid Junction - on roundabout or on main road,Overturned,None,Did not leave carriageway,None,Front,No,Commuting to/from work,Male,NA,36 - 45,Data missing or out of range,Undefined,-1,Data missing or out of range,Most deprived 10%,Urban area
2020137650997,2020,137650997,1,Van / Goods 3.5 tonnes mgw or under,No tow/articulation,Going ahead other,South West,North East,On main c'way - not in restricted lane,Not at or within 20 metres of junction,None,None,Offside,Wall or fence,Front,No,Not known,Male,NA,26 - 35,NA,Heavy oil,17,Data missing or out of range,More deprived 40-50%,Urban area
2020137651326,2020,137651326,1,Car,No tow/articulation,Going ahead other,West,East,On main c'way - not in restricted lane,Not at or within 20 metres of junction,Skidded,None,Nearside,None,Front,No,Not known,Male,NA,26 - 35,NA,Heavy oil,12,NA,Most deprived 10%,Urban area
2020137651326,2020,137651326,2,Car,No tow/articulation,Going ahead other,East,West,On main c'way - not in restricted lane,Not at or within 20 metres of junction,None,None,Did not leave carriageway,None,Front,No,Not known,Male,NA,21 - 25,NA,Heavy oil,6,NA,Most deprived 10%,Urban area
2020137651326,2020,137651326,3,Car,No tow/articulation,Parked,Parked,Parked,On main c'way - not in restricted lane,Not at or within 20 metres of junction,None,None,Did not leave carriageway,None,Back,No,Not known,Not known,Data missing or out of range,Data missing or out of range,NA,Heavy oil,8,NA,Data missing or out of range,Data missing or out of range
2020137660614,2020,137660614,1,Pedal cycle,No tow/articulation,Going ahead other,South East,North West,On main c'way - not in restricted lane,Not at or within 20 metres of junction,None,None,Did not leave carriageway,None,Did not impact,No,Not known,Male,Data missing or out of range,Data missing or out of range,Data missing or out of range,Undefined,-1,Data missing or out of range,More deprived 20-30%,Urban area
2020137660614,2020,137660614,2,Car,No tow/articulation,Going ahead other,North West,South East,On main c'way - not in restricted lane,Not at or within 20 metres of junction,None,None,Did not leave carriageway,None,Front,No,Not known,Female,NA,26 - 35,Data missing or out of range,Undefined,-1,Data missing or out of range,Less deprived 10-20%,Urban area
2020137660614,2020,137660614,3,Car,No tow/articulation,Going ahead other,North West,South East,On main c'way - not in restricted lane,Not at or within 20 metres of junction,None,None,Did not leave carriageway,None,Back,No,Not known,Male,Data missing or out of range,Data missing or out of range,NA,Heavy oil,3,NA,Less deprived 10-20%,Urban area
2020137660716,2020,137660716,1,Car,No tow/articulation,U-turn,South East,North West,On main c'way - not in restricted lane,Mid Junction - on roundabout or on main road,None,None,Did not leave carriageway,None,Front,No,Journey as part of work,Female,NA,26 - 35,NA,Petrol,14,NA,Most deprived 10%,Urban area
2020137660716,2020,137660716,2,Car,No tow/articulation,Going ahead other,South East,North West,On main c'way - not in restricted lane,Mid Junction - on roundabout or on main road,None,None,Did not leave carriageway,None,Nearside,No,Not known,Male,NA,46 - 55,NA,Heavy oil,0,NA,More deprived 40-50%,Urban area
2020137661722,2020,137661722,1,Car,No tow/articulation,Going ahead other,North,South East,On main c'way - not in restricted lane,Not at or within 20 metres of junction,None,None,Did not leave carriageway,Lamp post,Front,No,Not known,Male,NA,26 - 35,NA,Heavy oil,7,NA,Most deprived 10%,Urban area