accident_index,accident_year,accident_reference,vehicle_reference,vehicle_type,towing_and_articulation,vehicle_manoeuvre,vehicle_direction_from,vehicle_direction_to,vehicle_location_restricted_lane,junction_location,skidding_and_overturning,hit_object_in_carriageway,vehicle_leaving_carriageway,hit_object_off_carriageway,first_point_of_impact,vehicle_left_hand_drive,journey_purpose_of_driver,sex_of_driver,age_of_driver,age_band_of_driver,engine_capacity_cc,propulsion_code,age_of_vehicle,generic_make_model,driver_imd_decile,driver_home_area_type
2020137670280,2020,137670280,1,Car,No tow/articulation,Going ahead left-hand bend,North West,South East,On main c'way - not in restricted lane,Not at or within 20 metres of junction,None,None,Did not leave carriageway,None,Front,No,Journey as part of work,Male,NA,36 - 45,NA,Hybrid electric,3,NA,Data missing or out of range,Data missing or out of range
2020137670280,2020,137670280,2,Car,No tow/articulation,Going ahead left-hand bend,South East,North West,On main c'way - not in restricted lane,Not at or within 20 metres of junction,None,None,Did not leave carriageway,None,Offside,No,Journey as part of work,Male,NA,56 - 65,Data missing or out of range,Undefined,-1,Data missing or out of range,More deprived 20-30%,Urban area
2020137670280,2020,137670280,3,Car,No tow/articulation,Parked,South East,North West,On main c'way - not in restricted lane,Not at or within 20 metres of junction,None,None,Did not leave carriageway,None,Offside,No,Not known,Not known,Data missing or out of range,Data missing or out of range,NA,Heavy oil,11,NA,Data missing or out of range,Data missing or out of range
2020137670930,2020,137670930,1,Car,No tow/articulation,Going ahead other,North,South East,On main c'way - not in restricted lane,Not at or within 20 metres of junction,None,None,Did not leave carriageway,None,Front,No,Journey as part of work,Male,NA,36 - 45,NA,Hybrid electric,3,NA,More deprived 30-40%,Urban area
2020137670930,2020,137670930,2,Car,No tow/articulation,Going ahead other,South East,North,On main c'way - not in restricted lane,Not at or within 20 metres of junction,None,None,Did not leave carriageway,None,Front,No,Not known,Not known,Data missing or out of range,Data missing or out of range,Data missing or out of range,Undefined,-1,Data missing or out of range,Data missing or out of range,Data missing or out of range
2020137681975,2020,137681975,1,Car,No tow/articulation,Going ahead other,North West,South East,On main c'way - not in restricted lane,Mid Junction - on roundabout or on main road,None,None,Did not leave carriageway,Telegraph or electricity pole,Front,No,Not known,Male,NA,16 - 20,NA,Heavy oil,6,NA,Most deprived 10%,Urban area
2020137681975,2020,137681975,2,Taxi/Private hire car,No tow/articulation,Turning right,North East,West,On main c'way - not in restricted lane,Entering main road,None,None,Did not leave carriageway,None,Front,No,Commuting to/from work,Male,NA,21 - 25,NA,Heavy oil,9,NA,More deprived 20-30%,Urban area
2020137691366,2020,137691366,1,Car,No tow/articulation,Turning right,North West,South West,On main c'way - not in restricted lane,Approaching junction or waiting/parked at junction approach,None,None,Did not leave carriageway,None,Front,No,Not known,Female,NA,21 - 25,NA,Petrol,4,NA,Most deprived 10%,Urban area
2020137691366,2020,137691366,2,Car,No tow/articulation,Going ahead other,South West,North East,On main c'way - not in restricted lane,Approaching junction or waiting/parked at junction approach,None,None,Did not leave carriageway,None,Nearside,No,Not known,Female,NA,46 - 55,NA,Petrol,3,NA,Less deprived 40-50%,Rural
20201376B1246,2020,1376B1246,1,Car,No tow/articulation,Going ahead other,North East,South West,On main c'way - not in restricted lane,Not at or within 20 metres of junction,None,None,Did not leave carriageway,None,Front,No,Not known,Female,NA,21 - 25,NA,Heavy oil,11,NA,More deprived 30-40%,Urban area
20201376B1246,2020,1376B1246,2,Car,No tow/articulation,Going ahead other,North East,South West,On main c'way - not in restricted lane,Not at or within 20 metres of junction,None,None,Did not leave carriageway,None,Back,No,Not known,Female,NA,21 - 25,NA,Petrol,7,NA,More deprived 40-50%,Urban area
20201376C0913,2020,1376C0913,1,Car,No tow/articulation,Going ahead other,South West,North East,On main c'way - not in restricted lane,Entering roundabout,None,None,Did not leave carriageway,None,Front,No,Not known,Male,NA,26 - 35,NA,Heavy oil,9,NA,More deprived 20-30%,Urban area
20201376C0913,2020,1376C0913,2,Car,No tow/articulation,Going ahead other,North West,South East,On main c'way - not in restricted lane,Entering roundabout,None,None,Did not leave carriageway,None,Front,No,Not known,Female,NA,46 - 55,NA,Petrol,18,NA,Most deprived 10%,Urban area
20201376C1127,2020,1376C1127,1,Car,No tow/articulation,Turning right,North East,South West,On main c'way - not in restricted lane,Entering main road,None,None,Did not leave carriageway,None,Offside,No,Not known,Male,NA,Over 75,NA,Heavy oil,8,NA,Least deprived 10%,Small town
20201376C1127,2020,1376C1127,2,Car,No tow/articulation,Going ahead other,North West,South East,On main c'way - not in restricted lane,Approaching junction or waiting/parked at junction approach,None,None,Did not leave carriageway,None,Front,No,Not known,Male,NA,26 - 35,NA,Petrol,1,NA,More deprived 40-50%,Urban area
20201376C1172,2020,1376C1172,1,Car,No tow/articulation,Going ahead other,South West,North East,On main c'way - not in restricted lane,Not at or within 20 metres of junction,None,None,Did not leave carriageway,None,Back,No,Not known,Male,Data missing or out of range,Data missing or out of range,NA,Heavy oil,17,Data missing or out of range,Data missing or out of range,Data missing or out of range
20201376C1172,2020,1376C1172,2,Minibus (8 - 16 passenger seats),No tow/articulation,Going ahead other,South West,North East,On main c'way - not in restricted lane,Not at or within 20 metres of junction,None,None,Did not leave carriageway,None,Front,No,Not known,Female,NA,26 - 35,Data missing or out of range,Undefined,-1,Data missing or out of range,Most deprived 10%,Urban area
20201376C1512,2020,1376C1512,1,Car,No tow/articulation,Going ahead other,West,East,On main c'way - not in restricted lane,Approaching junction or waiting/parked at junction approach,None,None,Did not leave carriageway,None,Front,No,Journey as part of work,Male,NA,56 - 65,NA,Petrol,3,NA,Most deprived 10%,Urban area
20201376D1791,2020,1376D1791,1,Car,No tow/articulation,Going ahead other,South West,East,On main c'way - not in restricted lane,Mid Junction - on roundabout or on main road,None,None,Did not leave carriageway,None,Did not impact,No,Not known,Male,NA,21 - 25,NA,Petrol,9,NA,Most deprived 10%,Urban area
20201376D1791,2020,1376D1791,2,Car,No tow/articulation,Going ahead other,South West,East,On main c'way - not in restricted lane,Mid Junction - on roundabout or on main road,None,None,Did not leave carriageway,None,Front,No,Not known,Male,NA,21 - 25,NA,Heavy oil,7,NA,More deprived 20-30%,Urban area
20201376D1791,2020,1376D1791,3,Pedal cycle,No tow/articulation,Going ahead other,North West,South East,On main c'way - not in restricted lane,Mid Junction - on roundabout or on main road,None,None,Did not leave carriageway,None,Front,No,Not known,Male,NA,26 - 35,Data missing or out of range,Undefined,-1,Data missing or out of range,Data missing or out of range,Data missing or out of range
20201376E1786,2020,1376E1786,1,Car,No tow/articulation,Overtaking moving vehicle - offside,South West,North East,On main c'way - not in restricted lane,Not at or within 20 metres of junction,None,None,Did not leave carriageway,None,Nearside,No,Not known,Male,NA,26 - 35,NA,Heavy oil,11,NA,Less deprived 30-40%,Small town
20201376E1786,2020,1376E1786,2,Pedal cycle,No tow/articulation,Going ahead other,South West,North East,On main c'way - not in restricted lane,Not at or within 20 metres of junction,None,None,Did not leave carriageway,None,Offside,No,Not known,Male,NA,11 - 15,Data missing or out of range,Undefined,-1,Data missing or out of range,Less deprived 30-40%,Small town
20201376F0867,2020,1376F0867,1,Car,No tow/articulation,Turning right,East,North,On main c'way - not in restricted lane,Approaching junction or waiting/parked at junction approach,None,None,Did not leave carriageway,None,Offside,No,Not known,Male,NA,21 - 25,NA,Petrol,10,NA,Most deprived 10%,Urban area
20201376F0867,2020,1376F0867,2,Car,No tow/articulation,Turning right,North West,West,On main c'way - not in restricted lane,Cleared junction or waiting/parked at junction exit,None,None,Did not leave carriageway,None,Front,No,Not known,Male,NA,56 - 65,NA,Heavy oil,9,NA,Data missing or out of range,Data missing or out of range
20201376F1238,2020,1376F1238,1,Car,No tow/articulation,Parked,South East,North,On main c'way - not in restricted lane,Not at or within 20 metres of junction,None,None,Did not leave carriageway,None,Back,No,Not known,Female,NA,21 - 25,NA,Heavy oil,15,NA,Most deprived 10%,Urban area
20201376F1238,2020,1376F1238,2,Other vehicle,No tow/articulation,Going ahead other,South East,North,On main c'way - not in restricted lane,Not at or within 20 metres of junction,None,None,Did not leave carriageway,None,Front,No,Not known,Not known,Data missing or out of range,Data missing or out of range,Data missing or out of range,Undefined,-1,Data missing or out of range,Data missing or out of range,Data missing or out of range
20201376G1198,2020,1376G1198,1,Car,No tow/articulation,Going ahead other,North,South East,On main c'way - not in restricted lane,Not at or within 20 metres of junction,None,None,Did not leave carriageway,None,Front,No,Not known,Female,NA,26 - 35,NA,Petrol,8,NA,Most deprived 10%,Urban area
20201376G1242,2020,1376G1242,1,Car,No tow/articulation,Turning right,South East,East,On main c'way - not in restricted lane,Entering main road,None,None,Did not leave carriageway,None,Offside,No,Not known,Male,NA,36 - 45,Data missing or out of range,Undefined,-1,Data missing or out of range,More deprived 40-50%,Urban area
20201376G1242,2020,1376G1242,2,Motorcycle over 125cc and up to 500cc,No tow/articulation,Going ahead other,North,South East,On main c'way - not in restricted lane,Mid Junction - on roundabout or on main road,None,None,Did not leave carriageway,None,Front,No,Not known,Male,NA,16 - 20,NA,Petrol,2,NA,Less deprived 10-20%,Urban area
20201376G1598,2020,1376G1598,1,Car,No tow/articulation,Going ahead other,West,East,On main c'way - not in restricted lane,Not at or within 20 metres of junction,None,None,Did not leave carriageway,None,Front,No,Commuting to/from work,Male,NA,36 - 45,NA,Heavy oil,14,NA,Most deprived 10%,Urban area
20201376G1765,2020,1376G1765,1,Car,No tow/articulation,Slowing or stopping,West,East,On main c'way - not in restricted lane,Not at or within 20 metres of junction,None,None,Did not leave carriageway,None,Front,No,Not known,Female,NA,16 - 20,NA,Petrol,11,NA,More deprived 40-50%,Urban area
20201376G1765,2020,1376G1765,2,Car,No tow/articulation,Waiting to go - held up,West,East,On main c'way - not in restricted lane,Not at or within 20 metres of junction,None,None,Did not leave carriageway,None,Back,No,Not known,Male,NA,16 - 20,NA,Petrol,7,NA,Most deprived 10%,Urban area
20201376H0903,2020,1376H0903,1,Car,No tow/articulation,Going ahead other,South East,North,On main c'way - not in restricted lane,Not at or within 20 metres of junction,None,None,Did not leave carriageway,None,Front,No,Not known,Male,NA,36 - 45,Data missing or out of range,Undefined,-1,Data missing or out of range,Most deprived 10%,Urban area
20201376H0903,2020,1376H0903,2,Car,No tow/articulation,Parked,Parked,Parked,On main c'way - not in restricted lane,Not at or within 20 metres of junction,None,None,Did not leave carriageway,None,Front,No,Not known,Not known,Data missing or out of range,Data missing or out of range,NA,Petrol,14,NA,Data missing or out of range,Data missing or out of range
20201376H2141,2020,1376H2141,1,Car,No tow/articulation,Going ahead other,South West,North East,On main c'way - not in restricted lane,Entering roundabout,None,None,Did not leave carriageway,None,Front,No,Not known,Female,NA,21 - 25,NA,Petrol,6,NA,More deprived 10-20%,Urban area
20201376H2141,2020,1376H2141,2,Car,No tow/articulation,Going ahead other,South East,North West,On main c'way - not in restricted lane,Entering roundabout,Skidded,None,Offside,None,Front,No,Not known,Female,NA,26 - 35,NA,Heavy oil,11,NA,More deprived 20-30%,Urban area
20201376I0315,2020,1376I0315,1,Goods vehicle - unknown weight,No tow/articulation,U-turn,North East,West,On main c'way - not in restricted lane,Not at or within 20 metres of junction,None,None,Did not leave carriageway,None,Front,No,Journey as part of work,Male,NA,36 - 45,Data missing or out of range,Undefined,-1,Data missing or out of range,Data missing or out of range,Data missing or out of range
20201376I0315,2020,1376I0315,2,Car,No tow/articulation,Going ahead other,North East,North,On main c'way - not in restricted lane,Not at or within 20 metres of junction,None,None,Did not leave carriageway,None,Offside,No,Not known,Female,NA,26 - 35,Data missing or out of range,Undefined,-1,Data missing or out of range,Less deprived 30-40%,Urban area
20201376I1798,2020,1376I1798,1,Car,No tow/articulation,Going ahead other,North,East,On main c'way - not in restricted lane,Not at or within 20 metres of junction,None,None,Nearside,Lamp post,Front,No,Not known,Female,NA,21 - 25,NA,Heavy oil,26,NA,Most deprived 10%,Urban area
20201376J0873,2020,1376J0873,1,Pedal cycle,No tow/articulation,Going ahead other,West,North East,On main c'way - not in restricted lane,Approaching junction or waiting/parked at junction approach,Skidded,None,Did not leave carriageway,None,Did not impact,No,Not known,Male,NA,16 - 20,Data missing or out of range,Undefined,-1,Data missing or out of range,Most deprived 10%,Urban area
20201376J0873,2020,1376J0873,2,Van / Goods 3.5 tonnes mgw or under,No tow/articulation,Moving off,East,West,On main c'way - not in restricted lane,Entering main road,None,None,Did not leave carriageway,None,Did not impact,No,Journey as part of work,Male,NA,36 - 45,Data missing or out of range,Undefined,-1,Data missing or out of range,More deprived 10-20%,Urban area
20201376J1328,2020,1376J1328,1,Car,No tow/articulation,Going ahead other,North,South East,On main c'way - not in restricted lane,Not at or within 20 metres of junction,None,None,Did not leave carriageway,None,Front,No,Not known,Male,NA,21 - 25,NA,Petrol,12,NA,Most deprived 10%,Urban area
20201376J1328,2020,1376J1328,2,Car,No tow/articulation,Slowing or stopping,North,South East,On main c'way - not in restricted lane,Not at or within 20 metres of junction,None,None,Did not leave carriageway,None,Back,No,Not known,Female,NA,36 - 45,NA,Heavy oil,3,NA,Less deprived 30-40%,Urban area
20201376K0002,2020,1376K0002,1,Motorcycle 50cc and under,No tow/articulation,Going ahead other,East,West,Footway (pavement),Not at or within 20 metres of junction,None,None,Offside,Wall or fence,Offside,No,Not known,Male,NA,36 - 45,Data missing or out of range,Undefined,-1,Data missing or out of range,Most deprived 10%,Urban area
20201376K0709,2020,1376K0709,1,Car,No tow/articulation,Turning right,North West,South East,On main c'way - not in restricted lane,Entering main road,None,None,Did not leave carriageway,None,Front,No,Not known,Male,NA,46 - 55,NA,Heavy oil,20,NA,Most deprived 10%,Urban area
20201376K0709,2020,1376K0709,2,Pedal cycle,No tow/articulation,Going ahead other,South West,North East,On main c'way - not in restricted lane,Approaching junction or waiting/parked at junction approach,None,None,Did not leave carriageway,None,Front,No,Not known,Male,NA,56 - 65,Data missing or out of range,Undefined,-1,Data missing or out of range,More deprived 10-20%,Urban area
20201376K1664,2020,1376K1664,1,Car,No tow/articulation,Going ahead other,North West,South East,On main c'way - not in restricted lane,Mid Junction - on roundabout or on main road,None,None,Did not leave carriageway,None,Front,No,Not known,Male,NA,26 - 35,NA,Petrol,8,NA,More deprived 30-40%,Urban area
20201376K1681,2020,1376K1681,1,Car,No tow/articulation,Going ahead other,South West,North East,On main c'way - not in restricted lane,Approaching junction or waiting/parked at junction approach,None,None,Offside on to central reservation,Central crash barrier,Nearside,No,Journey as part of work,Male,NA,56 - 65,NA,Heavy oil,14,NA,Most deprived 10%,Urban area
20201376K1681,2020,1376K1681,2,Car,No tow/articulation,Turning left,North West,South East,On main c'way - not in restricted lane,Entering main road,None,None,Did not leave carriageway,None,Front,No,Not known,Male,NA,26 - 35,NA,Petrol,14,NA,Most deprived 10%,Urban area
20201376M0503,2020,1376M0503,1,Car,No tow/articulation,Going ahead other,North East,South West,On main c'way - not in restricted lane,Not at or within 20 metres of junction,None,None,Did not leave carriageway,None,Nearside,No,Not known,Male,NA,56 - 65,NA,Heavy oil,1,NA,Most deprived 10%,Urban area
20201376N0259,2020,1376N0259,1,Car,No tow/articulation,Going ahead other,South West,North East,On main c'way - not in restricted lane,Not at or within 20 metres of junction,Skidded,None,Nearside,Wall or fence,Offside,No,Not known,Female,NA,36 - 45,NA,Petrol,14,NA,Most deprived 10%,Urban area
20201376N0259,2020,1376N0259,2,Car,No tow/articulation,Parked,Parked,Parked,On main c'way - not in restricted lane,Not at or within 20 metres of junction,None,None,Did not leave carriageway,None,Back,No,Not known,Not known,Data missing or out of range,Data missing or out of range,NA,Petrol,2,NA,Data missing or out of range,Data missing or out of range
20201376N1321,2020,1376N1321,1,Car,No tow/articulation,Going ahead other,East,North West,On main c'way - not in restricted lane,Not at or within 20 metres of junction,None,None,Did not leave carriageway,None,Front,No,Not known,Male,NA,16 - 20,NA,Heavy oil,14,NA,More deprived 30-40%,Urban area
20201376N1409,2020,1376N1409,1,Car,No tow/articulation,Going ahead other,South West,North East,On main c'way - not in restricted lane,Approaching junction or waiting/parked at junction approach,None,None,Did not leave carriageway,None,Did not impact,No,Commuting to/from work,Male,NA,36 - 45,NA,Heavy oil,15,NA,Data missing or out of range,Data missing or out of range
20201376N1409,2020,1376N1409,2,Electric motorcycle,No tow/articulation,Going ahead other,South East,North West,On main c'way - not in restricted lane,Approaching junction or waiting/parked at junction approach,None,None,Did not leave carriageway,None,Did not impact,No,Not known,Female,NA,21 - 25,Data missing or out of range,Undefined,-1,Data missing or out of range,Most deprived 10%,Urban area
20201376N1889,2020,1376N1889,1,Car,No tow/articulation,Going ahead other,South West,North East,On main c'way - not in restricted lane,Not at or within 20 metres of junction,None,None,Did not leave carriageway,None,Front,No,Not known,Male,NA,21 - 25,NA,Heavy oil,12,NA,Data missing or out of range,Data missing or out of range
20201376O1176,2020,1376O1176,1,Car,No tow/articulation,Going ahead other,South East,North West,On main c'way - not in restricted lane,Approaching junction or waiting/parked at junction approach,None,None,Did not leave carriageway,None,Front,No,Not known,Male,Data missing or out of range,Data missing or out of range,Data missing or out of range,Undefined,-1,Data missing or out of range,Data missing or out of range,Data missing or out of range
20201376O1176,2020,1376O1176,2,Car,No tow/articulation,Going ahead other,West,East,On main c'way - not in restricted lane,Approaching junction or waiting/parked at junction approach,None,None,Did not leave carriageway,None,Nearside,No,Not known,Female,NA,46 - 55,NA,Heavy oil,16,NA,Most deprived 10%,Urban area
20201376O1482,2020,1376O1482,1,Car,No tow/articulation,Going ahead other,West,East,On main c'way - not in restricted lane,Not at or within 20 metres of junction,None,None,Did not leave carriageway,None,Offside,No,Commuting to/from work,Male,NA,36 - 45,NA,Petrol,1,NA,Most deprived 10%,Urban area
20201376O1482,2020,1376O1482,2,Pedal cycle,No tow/articulation,Going ahead other,West,East,On main c'way - not in restricted lane,Not at or within 20 metres of junction,None,None,Did not leave carriageway,None,Nearside,No,Commuting to/from work,Male,NA,26 - 35,Data missing or out of range,Undefined,-1,Data missing or out of range,Most deprived 10%,Urban area
20201376O1663,2020,1376O1663,1,Car,No tow/articulation,Going ahead other,South West,North East,On main c'way - not in restricted lane,Not at or within 20 metres of junction,None,None,Did not leave carriageway,None,Front,No,Not known,Male,NA,16 - 20,NA,Petrol,13,NA,Less deprived 20-30%,Urban area
20201376O1663,2020,1376O1663,2,Car,No tow/articulation,Going ahead other,South West,North East,On main c'way - not in restricted lane,Not at or within 20 metres of junction,None,None,Did not leave carriageway,None,Back,No,Not known,Female,Data missing or out of range,Data missing or out of range,NA,Heavy oil,7,NA,Less deprived 20-30%,Urban area
20201376P0606,2020,1376P0606,1,Car,No tow/articulation,Going ahead other,North,South East,On main c'way - not in restricted lane,Approaching junction or waiting/parked at junction approach,None,None,Did not leave carriageway,None,Did not impact,No,Not known,Male,NA,46 - 55,NA,Heavy oil,7,NA,Less deprived 20-30%,Urban area
20201376P0606,2020,1376P0606,2,Car,No tow/articulation,Going ahead other,North,South East,On main c'way - not in restricted lane,Approaching junction or waiting/parked at junction approach,None,Other object,Offside,Lamp post,Front,No,Not known,Male,NA,16 - 20,NA,Heavy oil,15,NA,Less deprived 10-20%,Urban area
20201376P0606,2020,1376P0606,3,Car,No tow/articulation,Turning right,East,North,On main c'way - not in restricted lane,Mid Junction - on roundabout or on main road,None,None,Did not leave carriageway,None,Nearside,No,Not known,Female,NA,66 - 75,NA,Heavy oil,6,NA,Less deprived 20-30%,Urban area
20201376P1239,2020,1376P1239,1,Motorcycle 125cc and under,No tow/articulation,Going ahead other,South East,North West,On main c'way - not in restricted lane,Approaching junction or waiting/parked at junction approach,None,None,Did not leave carriageway,None,Front,No,Not known,Male,NA,21 - 25,NA,Petrol,2,Data missing or out of range,Less deprived 20-30%,Urban area
20201376P1239,2020,1376P1239,2,Car,No tow/articulation,Waiting to turn right,North West,South East,On main c'way - not in restricted lane,Approaching junction or waiting/parked at junction approach,None,None,Did not leave carriageway,None,Offside,No,Not known,Male,NA,66 - 75,NA,Petrol,1,NA,Least deprived 10%,Urban area
20201376Q1785,2020,1376Q1785,1,Car,No tow/articulation,Turning right,West,South East,On main c'way - not in restricted lane,Leaving main road,None,None,Did not leave carriageway,None,Front,No,Not known,Male,Data missing or out of range,Data missing or out of range,NA,Heavy oil,11,NA,Data missing or out of range,Data missing or out of range
20201376Q1785,2020,1376Q1785,2,Pedal cycle,No tow/articulation,Going ahead other,East,West,On main c'way - not in restricted lane,Mid Junction - on roundabout or on main road,None,None,Did not leave carriageway,None,Front,No,Not known,Male,NA,26 - 35,Data missing or out of range,Undefined,-1,Data missing or out of range,Most deprived 10%,Urban area
20201376Q1807,2020,1376Q1807,1,Car,No tow/articulation,Going ahead other,North East,South West,On main c'way - not in restricted lane,Mid Junction - on roundabout or on main road,None,None,Did not leave carriageway,None,Front,No,Not known,Male,NA,36 - 45,Data missing or out of range,Undefined,-1,Data missing or out of range,Most deprived 10%,Urban area
20201376Q1807,2020,1376Q1807,2,Car,No tow/articulation,Going ahead other,North East,South West,On main c'way - not in restricted lane,Mid Junction - on roundabout or on main road,None,None,Did not leave carriageway,None,Offside,No,Not known,Male,NA,36 - 45,NA,Heavy oil,4,NA,More deprived 10-20%,Urban area
20201376Q1807,2020,1376Q1807,3,Car,No tow/articulation,Waiting to go - held up,North East,South West,On main c'way - not in restricted lane,Mid Junction - on roundabout or on main road,None,None,Did not leave carriageway,None,Back,No,Not known,Female,NA,21 - 25,NA,Heavy oil,10,NA,Less deprived 20-30%,Urban area
20201376Q1807,2020,1376Q1807,4,Bus or coach (17 or more pass seats),No tow/articulation,Waiting to go - held up,North East,South West,On main c'way - not in restricted lane,Mid Junction - on roundabout or on main road,None,None,Did not leave carriageway,None,Back,No,Journey as part of work,Male,NA,56 - 65,NA,Heavy oil,15,NA,Less deprived 40-50%,Urban area
20201376Q2395,2020,1376Q2395,1,Pedal cycle,No tow/articulation,Going ahead other,South West,North East,Footway (pavement),Mid Junction - on roundabout or on main road,None,None,Did not leave carriageway,None,Front,No,Not known,Male,NA,16 - 20,Data missing or out of range,Undefined,-1,Data missing or out of range,More deprived 20-30%,Urban area
20201376Q2395,2020,1376Q2395,2,Car,No tow/articulation,Turning left,North West,North East,On main c'way - not in restricted lane,Entering main road,None,None,Did not leave carriageway,None,Offside,No,Not known,Female,NA,21 - 25,NA,Heavy oil,6,NA,Less deprived 40-50%,Urban area
20201376S0559,2020,1376S0559,1,Car,No tow/articulation,Going ahead other,South West,North East,On main c'way - not in restricted lane,Entering main road,None,None,Offside,Wall or fence,Offside,No,Not known,Male,NA,36 - 45,NA,Petrol,17,NA,Less deprived 30-40%,Urban area
20201376S0559,2020,1376S0559,2,Car,No tow/articulation,Going ahead other,South East,North West,On main c'way - not in restricted lane,Approaching junction or waiting/parked at junction approach,None,None,Did not leave carriageway,None,Front,No,Not known,Male,NA,26 - 35,NA,Heavy oil,13,NA,Most deprived 10%,Urban area
20201376T0056,2020,1376T0056,1,Car,No tow/articulation,Parked,East,West,On main c'way - not in restricted lane,Not at or within 20 metres of junction,None,None,Did not leave carriageway,None,Front,No,Not known,Male,Data missing or out of range,Data missing or out of range,NA,Heavy oil,2,NA,Data missing or out of range,Data missing or out of range
20201376T0056,2020,1376T0056,2,Car,No tow/articulation,Going ahead other,East,West,On main c'way - not in restricted lane,Not at or within 20 metres of junction,Skidded,None,Nearside,None,Back,No,Not known,Male,NA,36 - 45,NA,Heavy oil,9,NA,Most deprived 10%,Urban area
20201376T0056,2020,1376T0056,3,Car,No tow/articulation,Going ahead other,Parked,Parked,On main c'way - not in restricted lane,Not at or within 20 metres of junction,None,None,Did not leave carriageway,None,Back,No,Not known,Male,NA,26 - 35,Data missing or out of range,Undefined,-1,Data missing or out of range,Most deprived 10%,Urban area
20201376T0646,2020,1376T0646,1,Car,No tow/articulation,Turning right,South East,East,On main c'way - not in restricted lane,Entering main road,None,None,Did not leave carriageway,None,Offside,No,Not known,Male,NA,21 - 25,NA,Petrol,16,NA,More deprived 20-30%,Urban area
20201376T0646,2020,1376T0646,2,Motorcycle 125cc and under,No tow/articulation,Going ahead other,East,West,On main c'way - not in restricted lane,Approaching junction or waiting/parked at junction approach,None,None,Did not leave carriageway,None,Nearside,No,Not known,Male,NA,21 - 25,NA,Petrol,9,NA,Data missing or out of range,Data missing or out of range
20201376T0646,2020,1376T0646,3,Car,No tow/articulation,Going ahead other,South East,North,On main c'way - not in restricted lane,Entering main road,None,None,Did not leave carriageway,None,Front,No,Not known,Female,NA,21 - 25,NA,Petrol,18,NA,Data missing or out of range,Data missing or out of range
20201376U1568,2020,1376U1568,1,Car,No tow/articulation,U-turn,South East,South East,On main c'way - not in restricted lane,Mid Junction - on roundabout or on main road,None,None,Did not leave carriageway,None,Offside,No,Not known,Male,NA,56 - 65,NA,Heavy oil,12,NA,Less deprived 30-40%,Urban area
20201376U1568,2020,1376U1568,2,Motorcycle over 125cc and up to 500cc,No tow/articulation,Overtaking moving vehicle - offside,South East,North,On main c'way - not in restricted lane,Mid Junction - on roundabout or on main road,None,None,Did not leave carriageway,None,Front,No,Not known,Male,NA,21 - 25,NA,Petrol,3,Data missing or out of range,Most deprived 10%,Urban area
2020137710758,2020,137710758,1,Goods 7.5 tonnes mgw and over,No tow/articulation,Going ahead other,South West,North East,On main c'way - not in restricted lane,Not at or within 20 metres of junction,None,None,Did not leave carriageway,None,Did not impact,No,Journey as part of work,Male,NA,36 - 45,NA,Heavy oil,11,NA,Data missing or out of range,Data missing or out of range
2020137711354,2020,137711354,1,Car,No tow/articulation,Going ahead other,East,West,On main c'way - not in restricted lane,Approaching junction or waiting/parked at junction approach,None,None,Offside,Other permanent object,Front,No,Commuting to/from work,Male,NA,46 - 55,Data missing or out of range,Undefined,-1,Data missing or out of range,Most deprived 10%,Urban area
2020137711354,2020,137711354,2,Car,No tow/articulation,Turning left,South East,North,On main c'way - not in restricted lane,Approaching junction or waiting/parked at junction approach,None,None,Did not leave carriageway,None,Front,No,Commuting to/from work,Male,NA,26 - 35,NA,Heavy oil,14,NA,Most deprived 10%,Urban area
2020137711401,2020,137711401,1,Car,No tow/articulation,Going ahead other,South East,West,On main c'way - not in restricted lane,Not at or within 20 metres of junction,None,None,Did not leave carriageway,None,Front,No,Not known,Male,NA,46 - 55,NA,Heavy oil,6,Data missing or out of range,Least deprived 10%,Urban area
2020137711401,2020,137711401,2,Car,No tow/articulation,Going ahead other,South East,West,On main c'way - not in restricted lane,Not at or within 20 metres of junction,None,None,Did not leave carriageway,None,Back,No,Not known,Male,NA,46 - 55,NA,Petrol,2,NA,Most deprived 10%,Urban area
2020137720380,2020,137720380,1,Car,No tow/articulation,Going ahead other,South East,North,On main c'way - not in restricted lane,Mid Junction - on roundabout or on main road,None,None,Did not leave carriageway,None,Front,No,Not known,Male,NA,21 - 25,NA,Heavy oil,2,NA,Least deprived 10%,Rural
2020137720380,2020,137720380,2,Car,No tow/articulation,Turning right,North,West,On main c'way - not in restricted lane,Mid Junction - on roundabout or on main road,None,None,Did not leave carriageway,None,Nearside,No,Not known,Female,NA,Over 75,NA,Petrol,1,NA,Less deprived 40-50%,Urban area
2020137730296,2020,137730296,1,Car,No tow/articulation,Reversing,North,South East,On main c'way - not in restricted lane,Mid Junction - on roundabout or on main road,None,None,Did not leave carriageway,None,Back,No,Not known,Male,NA,56 - 65,NA,Petrol,10,NA,Most deprived 10%,Urban area
2020137730607,2020,137730607,1,Taxi/Private hire car,No tow/articulation,Going ahead other,North,South East,On main c'way - not in restricted lane,Not at or within 20 metres of junction,None,None,Did not leave carriageway,None,Nearside,No,Journey as part of work,Male,NA,56 - 65,NA,Heavy oil,8,NA,More deprived 30-40%,Urban area