accident_index,accident_year,accident_reference,vehicle_reference,vehicle_type,towing_and_articulation,vehicle_manoeuvre,vehicle_direction_from,vehicle_direction_to,vehicle_location_restricted_lane,junction_location,skidding_and_overturning,hit_object_in_carriageway,vehicle_leaving_carriageway,hit_object_off_carriageway,first_point_of_impact,vehicle_left_hand_drive,journey_purpose_of_driver,sex_of_driver,age_of_driver,age_band_of_driver,engine_capacity_cc,propulsion_code,age_of_vehicle,generic_make_model,driver_imd_decile,driver_home_area_type
2020137731598,2020,137731598,1,Pedal cycle,No tow/articulation,Going ahead other,East,West,On main c'way - not in restricted lane,Entering main road,Overturned,None,Did not leave carriageway,None,Nearside,No,Not known,Male,NA,11 - 15,Data missing or out of range,Undefined,-1,Data missing or out of range,Most deprived 10%,Urban area
2020137731598,2020,137731598,2,Car,No tow/articulation,Going ahead other,South East,North,On main c'way - not in restricted lane,Mid Junction - on roundabout or on main road,None,None,Did not leave carriageway,None,Front,No,Not known,Male,NA,26 - 35,NA,Heavy oil,3,NA,Most deprived 10%,Urban area
2020137750071,2020,137750071,1,Car,No tow/articulation,U-turn,South West,North East,On main c'way - not in restricted lane,Not at or within 20 metres of junction,None,None,Did not leave carriageway,None,Front,No,Not known,Not known,Data missing or out of range,Data missing or out of range,NA,Heavy oil,16,NA,Data missing or out of range,Data missing or out of range
2020137750071,2020,137750071,2,Car,No tow/articulation,Going ahead other,North East,South West,On main c'way - not in restricted lane,Not at or within 20 metres of junction,None,None,Did not leave carriageway,None,Offside,No,Not known,Female,NA,21 - 25,NA,Heavy oil,1,NA,Most deprived 10%,Urban area
2020137751390,2020,137751390,1,Car,No tow/articulation,Slowing or stopping,South East,North,On main c'way - not in restricted lane,Approaching junction or waiting/parked at junction approach,None,None,Did not leave carriageway,None,Front,No,Not known,Male,NA,46 - 55,NA,Heavy oil,12,NA,More deprived 30-40%,Urban area
2020137751390,2020,137751390,2,Taxi/Private hire car,No tow/articulation,Slowing or stopping,South East,North,On main c'way - not in restricted lane,Approaching junction or waiting/parked at junction approach,None,None,Did not leave carriageway,None,Back,No,Journey as part of work,Male,NA,46 - 55,NA,Heavy oil,3,NA,Most deprived 10%,Urban area
2020137751554,2020,137751554,1,Taxi/Private hire car,No tow/articulation,U-turn,North East,North West,On main c'way - not in restricted lane,Not at or within 20 metres of junction,None,None,Did not leave carriageway,None,Nearside,No,Journey as part of work,Male,NA,36 - 45,NA,Heavy oil,5,NA,More deprived 30-40%,Urban area
2020137751554,2020,137751554,2,Car,No tow/articulation,Going ahead other,South East,North West,On main c'way - not in restricted lane,Not at or within 20 metres of junction,None,Parked vehicle,Nearside,None,Front,No,Not known,Male,NA,21 - 25,NA,Heavy oil,3,NA,More deprived 20-30%,Urban area
2020137751554,2020,137751554,3,Car,No tow/articulation,Parked,Parked,Parked,On main c'way - not in restricted lane,Not at or within 20 metres of junction,None,Parked vehicle,Did not leave carriageway,None,Back,No,Not known,Not known,Data missing or out of range,Data missing or out of range,NA,Heavy oil,10,NA,Data missing or out of range,Data missing or out of range
2020137751554,2020,137751554,4,Car,No tow/articulation,Parked,Parked,Parked,On main c'way - not in restricted lane,Not at or within 20 metres of junction,None,None,Did not leave carriageway,None,Back,No,Not known,Not known,Data missing or out of range,Data missing or out of range,NA,Heavy oil,10,NA,Data missing or out of range,Data missing or out of range
2020137761398,2020,137761398,1,Car,No tow/articulation,Turning right,West,South East,On main c'way - not in restricted lane,Leaving main road,None,None,Did not leave carriageway,None,Front,No,Not known,Female,NA,26 - 35,NA,Heavy oil,8,NA,More deprived 10-20%,Urban area
2020137761398,2020,137761398,2,Motorcycle 125cc and under,No tow/articulation,Going ahead other,East,West,On main c'way - not in restricted lane,Mid Junction - on roundabout or on main road,None,None,Did not leave carriageway,None,Front,No,Not known,Male,NA,21 - 25,NA,Petrol,2,Data missing or out of range,Most deprived 10%,Urban area
2020137761753,2020,137761753,1,Car,No tow/articulation,Going ahead other,South East,North,On main c'way - not in restricted lane,Mid Junction - on roundabout or on main road,None,None,Nearside,Wall or fence,Front,No,Not known,Male,NA,26 - 35,NA,Petrol,5,NA,More deprived 30-40%,Urban area
2020137761753,2020,137761753,2,Car,No tow/articulation,Turning right,North,West,On main c'way - not in restricted lane,Mid Junction - on roundabout or on main road,None,None,Did not leave carriageway,None,Offside,No,Not known,Male,NA,21 - 25,NA,Heavy oil,8,NA,Most deprived 10%,Urban area
2020137762075,2020,137762075,1,Car,No tow/articulation,Going ahead other,South East,North West,On main c'way - not in restricted lane,Not at or within 20 metres of junction,None,None,Did not leave carriageway,None,Front,No,Journey as part of work,Male,NA,36 - 45,NA,Heavy oil,11,NA,More deprived 10-20%,Urban area
2020137781461,2020,137781461,1,Car,No tow/articulation,Going ahead other,East,West,On main c'way - not in restricted lane,Not at or within 20 metres of junction,None,None,Did not leave carriageway,None,Nearside,No,Not known,Male,NA,26 - 35,NA,Heavy oil,8,NA,Most deprived 10%,Urban area
2020137781461,2020,137781461,2,Car,No tow/articulation,Moving off,East,West,On main c'way - not in restricted lane,Not at or within 20 metres of junction,None,None,Did not leave carriageway,None,Front,No,Not known,Male,NA,56 - 65,NA,Petrol,14,NA,More deprived 30-40%,Rural
2020137791423,2020,137791423,1,Car,No tow/articulation,Overtaking moving vehicle - offside,West,East,On main c'way - not in restricted lane,Not at or within 20 metres of junction,None,None,Did not leave carriageway,None,Front,No,Not known,Female,NA,16 - 20,Data missing or out of range,Undefined,-1,Data missing or out of range,Most deprived 10%,Urban area
2020137791423,2020,137791423,2,Car,No tow/articulation,Going ahead other,West,East,On main c'way - not in restricted lane,Not at or within 20 metres of junction,None,None,Did not leave carriageway,None,Offside,No,Not known,Male,NA,16 - 20,NA,Heavy oil,14,NA,Most deprived 10%,Urban area
2020137791423,2020,137791423,3,Car,No tow/articulation,Going ahead other,West,East,On main c'way - not in restricted lane,Not at or within 20 metres of junction,None,None,Did not leave carriageway,None,Offside,No,Not known,Female,NA,26 - 35,NA,Heavy oil,8,NA,Most deprived 10%,Urban area
2020137791423,2020,137791423,4,Car,No tow/articulation,Parked,Parked,Parked,On main c'way - not in restricted lane,Not at or within 20 metres of junction,None,None,Did not leave carriageway,None,Back,No,Not known,Not known,Data missing or out of range,Data missing or out of range,NA,Heavy oil,3,NA,Data missing or out of range,Data missing or out of range
2020137791423,2020,137791423,5,Car,No tow/articulation,Parked,Parked,Parked,On main c'way - not in restricted lane,Not at or within 20 metres of junction,None,None,Did not leave carriageway,None,Back,No,Not known,Not known,Data missing or out of range,Data missing or out of range,NA,Petrol,11,NA,Data missing or out of range,Data missing or out of range
20201377A0408,2020,1377A0408,1,Car,No tow/articulation,Turning right,North East,North West,On main c'way - not in restricted lane,Leaving main road,None,None,Did not leave carriageway,None,Offside,No,Not known,Female,NA,Over 75,NA,Petrol,1,NA,Less deprived 10-20%,Small town
20201377A0408,2020,1377A0408,2,Car,No tow/articulation,Going ahead other,North West,South East,On main c'way - not in restricted lane,Mid Junction - on roundabout or on main road,None,None,Did not leave carriageway,None,Front,No,Commuting to/from work,Male,NA,46 - 55,NA,Petrol,13,NA,Less deprived 40-50%,Small town
20201377A0727,2020,1377A0727,1,Car,No tow/articulation,Reversing,North,South East,On main c'way - not in restricted lane,Entering main road,None,None,Did not leave carriageway,None,Offside,No,Not known,Male,NA,66 - 75,NA,Petrol,7,NA,More deprived 10-20%,Urban area
20201377A0727,2020,1377A0727,2,Motorcycle 125cc and under,No tow/articulation,Going ahead other,East,West,On main c'way - not in restricted lane,Leaving roundabout,None,None,Did not leave carriageway,None,Front,No,Not known,Male,NA,21 - 25,NA,Petrol,4,NA,More deprived 20-30%,Urban area
20201377A0824,2020,1377A0824,1,Car,No tow/articulation,Going ahead other,North East,South East,On main c'way - not in restricted lane,Approaching junction or waiting/parked at junction approach,None,None,Did not leave carriageway,None,Front,No,Not known,Female,NA,Over 75,NA,Petrol,12,NA,Less deprived 40-50%,Urban area
20201377A0824,2020,1377A0824,2,Motorcycle 125cc and under,No tow/articulation,Going ahead other,West,East,On main c'way - not in restricted lane,Mid Junction - on roundabout or on main road,None,None,Did not leave carriageway,None,Front,No,Not known,Male,NA,16 - 20,NA,Petrol,3,NA,More deprived 20-30%,Urban area
20201377A1067,2020,1377A1067,1,Car,No tow/articulation,Turning left,East,South East,On main c'way - not in restricted lane,Not at or within 20 metres of junction,Skidded and overturned,None,Nearside and rebounded,Wall or fence,Offside,No,Commuting to/from work,Male,NA,26 - 35,NA,Heavy oil,16,NA,Most deprived 10%,Urban area
20201377B1344,2020,1377B1344,1,Car,No tow/articulation,Going ahead right-hand bend,South West,East,On main c'way - not in restricted lane,Not at or within 20 metres of junction,None,None,Nearside,Lamp post,Front,No,Not known,Male,NA,26 - 35,NA,Petrol,17,NA,Most deprived 10%,Urban area
20201377B1682,2020,1377B1682,1,Car,No tow/articulation,Parked,Parked,Parked,On main c'way - not in restricted lane,Not at or within 20 metres of junction,None,None,Did not leave carriageway,None,Offside,No,Not known,Female,NA,21 - 25,NA,Heavy oil,13,NA,More deprived 40-50%,Urban area
20201377B1682,2020,1377B1682,2,Car,No tow/articulation,Reversing,East,West,On main c'way - not in restricted lane,Not at or within 20 metres of junction,None,None,Did not leave carriageway,None,Back,No,Not known,Not known,Data missing or out of range,Data missing or out of range,NA,Petrol,4,NA,Data missing or out of range,Data missing or out of range
20201377C0658,2020,1377C0658,1,Car,No tow/articulation,Going ahead other,North,South East,On main c'way - not in restricted lane,Not at or within 20 metres of junction,None,None,Did not leave carriageway,None,Did not impact,No,Not known,Not known,Data missing or out of range,Data missing or out of range,Data missing or out of range,Undefined,-1,Data missing or out of range,Data missing or out of range,Data missing or out of range
20201377C0658,2020,1377C0658,2,Motorcycle over 125cc and up to 500cc,No tow/articulation,Going ahead other,South East,North,On main c'way - not in restricted lane,Not at or within 20 metres of junction,None,None,Did not leave carriageway,None,Front,No,Not known,Male,NA,36 - 45,NA,Petrol,18,Data missing or out of range,Least deprived 10%,Rural
20201377C0658,2020,1377C0658,3,Car,No tow/articulation,Going ahead other,North,South East,On main c'way - not in restricted lane,Not at or within 20 metres of junction,None,None,Did not leave carriageway,None,Front,No,Not known,Male,NA,66 - 75,NA,Petrol,5,NA,More deprived 20-30%,Urban area
20201377C1176,2020,1377C1176,1,Car,No tow/articulation,Turning right,North East,North West,On main c'way - not in restricted lane,Entering main road,None,None,Did not leave carriageway,None,Front,No,Not known,Female,NA,Over 75,NA,Petrol,13,NA,More deprived 40-50%,Urban area
20201377C1176,2020,1377C1176,2,Car,No tow/articulation,Going ahead other,North West,South East,On main c'way - not in restricted lane,Mid Junction - on roundabout or on main road,None,None,Did not leave carriageway,None,Front,No,Not known,Male,NA,56 - 65,NA,Heavy oil,8,NA,More deprived 20-30%,Urban area
20201377C1740,2020,1377C1740,1,Motorcycle 125cc and under,No tow/articulation,Going ahead other,West,East,On main c'way - not in restricted lane,Cleared junction or waiting/parked at junction exit,Skidded,None,Did not leave carriageway,None,Front,No,Not known,Male,NA,46 - 55,NA,Petrol,26,NA,Less deprived 30-40%,Urban area
20201377C1740,2020,1377C1740,2,Car,No tow/articulation,Going ahead other,West,East,On main c'way - not in restricted lane,Cleared junction or waiting/parked at junction exit,None,None,Did not leave carriageway,None,Back,No,Not known,Female,NA,21 - 25,NA,Petrol,10,NA,Less deprived 10-20%,Urban area
20201377E1299,2020,1377E1299,1,Car,No tow/articulation,Reversing,South East,North West,On main c'way - not in restricted lane,Not at or within 20 metres of junction,None,None,Did not leave carriageway,None,Back,No,Not known,Not known,Data missing or out of range,Data missing or out of range,NA,Heavy oil,9,NA,Data missing or out of range,Data missing or out of range
20201377E1847,2020,1377E1847,1,Car,No tow/articulation,Turning left,South West,North East,On main c'way - not in restricted lane,Approaching junction or waiting/parked at junction approach,None,None,Did not leave carriageway,None,Nearside,No,Not known,Male,NA,36 - 45,NA,Petrol,11,NA,Most deprived 10%,Urban area
20201377E1847,2020,1377E1847,2,Pedal cycle,No tow/articulation,Overtaking - nearside,South West,North East,On main c'way - not in restricted lane,Approaching junction or waiting/parked at junction approach,None,None,Did not leave carriageway,None,Offside,No,Not known,Male,NA,16 - 20,Data missing or out of range,Undefined,-1,Data missing or out of range,More deprived 20-30%,Urban area
20201377G1039,2020,1377G1039,1,Car,No tow/articulation,Going ahead other,East,West,On main c'way - not in restricted lane,Mid Junction - on roundabout or on main road,None,None,Did not leave carriageway,None,Front,No,Not known,Not known,Data missing or out of range,Data missing or out of range,Data missing or out of range,Undefined,-1,Data missing or out of range,Data missing or out of range,Data missing or out of range
20201377G1192,2020,1377G1192,1,Car,No tow/articulation,Going ahead other,South East,North West,On main c'way - not in restricted lane,Not at or within 20 metres of junction,None,None,Did not leave carriageway,None,Offside,No,Not known,Female,NA,26 - 35,NA,Heavy oil,2,NA,More deprived 40-50%,Urban area
20201377G1192,2020,1377G1192,2,Motorcycle 125cc and under,No tow/articulation,Going ahead other,South East,North West,On main c'way - not in restricted lane,Not at or within 20 metres of junction,None,None,Did not leave carriageway,None,Front,No,Not known,Male,NA,26 - 35,NA,Petrol,5,NA,Less deprived 40-50%,Urban area
20201377G1246,2020,1377G1246,1,Van / Goods 3.5 tonnes mgw or under,No tow/articulation,Turning left,South West,North West,On main c'way - not in restricted lane,Leaving main road,None,None,Did not leave carriageway,None,Nearside,No,Not known,Not known,Data missing or out of range,Data missing or out of range,NA,Heavy oil,7,NA,Data missing or out of range,Data missing or out of range
20201377G1246,2020,1377G1246,2,Pedal cycle,No tow/articulation,Going ahead other,South West,North East,On main c'way - not in restricted lane,Mid Junction - on roundabout or on main road,None,None,Did not leave carriageway,None,Front,No,Not known,Male,NA,21 - 25,Data missing or out of range,Undefined,-1,Data missing or out of range,More deprived 40-50%,Urban area
20201377G1444,2020,1377G1444,1,Car,No tow/articulation,Overtaking - nearside,West,East,On main c'way - not in restricted lane,Approaching junction or waiting/parked at junction approach,None,None,Did not leave carriageway,None,Front,No,Not known,Male,NA,66 - 75,NA,Petrol,13,NA,More deprived 40-50%,Urban area
20201377G1444,2020,1377G1444,2,Pedal cycle,No tow/articulation,Going ahead other,West,East,On main c'way - not in restricted lane,Approaching junction or waiting/parked at junction approach,None,None,Did not leave carriageway,None,Back,No,Not known,Female,NA,36 - 45,Data missing or out of range,Undefined,-1,Data missing or out of range,Less deprived 30-40%,Urban area
20201377H0499,2020,1377H0499,1,Car,No tow/articulation,Going ahead other,South East,North,On main c'way - not in restricted lane,Approaching junction or waiting/parked at junction approach,None,None,Did not leave carriageway,None,Back,No,Not known,Male,NA,16 - 20,NA,Petrol,4,NA,More deprived 30-40%,Small town
20201377H0499,2020,1377H0499,2,Car,No tow/articulation,Going ahead other,South East,North,On main c'way - not in restricted lane,Approaching junction or waiting/parked at junction approach,None,None,Did not leave carriageway,None,Front,No,Taking pupil to/from school,Male,NA,36 - 45,NA,Heavy oil,13,NA,Less deprived 40-50%,Urban area
20201377H2112,2020,1377H2112,1,Car,No tow/articulation,Going ahead other,North East,South West,On main c'way - not in restricted lane,Mid Junction - on roundabout or on main road,None,None,Did not leave carriageway,None,Front,No,Not known,Male,NA,21 - 25,NA,Petrol,5,NA,More deprived 20-30%,Urban area
20201377H2112,2020,1377H2112,2,Car,No tow/articulation,Turning right,South West,South East,On main c'way - not in restricted lane,Mid Junction - on roundabout or on main road,None,None,Did not leave carriageway,None,Front,No,Not known,Male,NA,26 - 35,NA,Heavy oil,8,NA,More deprived 20-30%,Urban area
20201377H2347,2020,1377H2347,1,Car,No tow/articulation,Going ahead other,West,East,On main c'way - not in restricted lane,Approaching junction or waiting/parked at junction approach,None,None,Did not leave carriageway,None,Front,No,Not known,Male,NA,26 - 35,NA,Heavy oil,9,NA,More deprived 20-30%,Small town
20201377H2347,2020,1377H2347,2,Car,No tow/articulation,Going ahead other,North East,South West,On main c'way - not in restricted lane,Approaching junction or waiting/parked at junction approach,None,None,Did not leave carriageway,None,Nearside,No,Not known,Male,NA,26 - 35,NA,Petrol,12,NA,Most deprived 10%,Urban area
20201377I1006,2020,1377I1006,1,Car,No tow/articulation,Turning right,South West,East,On main c'way - not in restricted lane,Mid Junction - on roundabout or on main road,None,None,Did not leave carriageway,None,Front,No,Not known,Female,NA,36 - 45,Data missing or out of range,Undefined,-1,Data missing or out of range,Less deprived 40-50%,Urban area
20201377I1006,2020,1377I1006,2,Car,No tow/articulation,Going ahead other,North East,South West,On main c'way - not in restricted lane,Mid Junction - on roundabout or on main road,None,None,Nearside,Road sign or traffic signal,Front,No,Not known,Male,NA,21 - 25,NA,Heavy oil,1,NA,More deprived 40-50%,Urban area
20201377I1604,2020,1377I1604,1,Car,No tow/articulation,Going ahead other,West,East,On main c'way - not in restricted lane,Not at or within 20 metres of junction,None,None,Did not leave carriageway,None,Front,No,Not known,Male,NA,66 - 75,NA,Petrol,16,NA,Most deprived 10%,Urban area
20201377I1604,2020,1377I1604,2,Motorcycle 125cc and under,No tow/articulation,Going ahead other,West,East,On main c'way - not in restricted lane,Not at or within 20 metres of junction,None,None,Did not leave carriageway,None,Back,No,Not known,Male,NA,21 - 25,NA,Petrol,11,NA,Most deprived 10%,Urban area
20201377I1604,2020,1377I1604,3,Car,No tow/articulation,Parked,Parked,Parked,On main c'way - not in restricted lane,Not at or within 20 metres of junction,None,None,Did not leave carriageway,None,Offside,No,Not known,Not known,Data missing or out of range,Data missing or out of range,NA,Heavy oil,17,NA,Most deprived 10%,Urban area
20201377I1724,2020,1377I1724,1,Car,No tow/articulation,Turning right,North,West,On main c'way - not in restricted lane,Approaching junction or waiting/parked at junction approach,None,None,Did not leave carriageway,None,Front,No,Not known,Male,NA,36 - 45,NA,Heavy oil,14,NA,More deprived 40-50%,Urban area
20201377I1724,2020,1377I1724,2,Car,No tow/articulation,Going ahead other,West,East,On main c'way - not in restricted lane,Cleared junction or waiting/parked at junction exit,None,None,Did not leave carriageway,None,Offside,No,Not known,Male,NA,26 - 35,NA,Petrol,12,NA,Most deprived 10%,Urban area
20201377I1824,2020,1377I1824,1,Car,No tow/articulation,Turning right,North,South West,On main c'way - not in restricted lane,Approaching junction or waiting/parked at junction approach,None,None,Did not leave carriageway,None,Front,No,Not known,Male,NA,26 - 35,NA,Petrol,16,NA,Most deprived 10%,Urban area
20201377I1824,2020,1377I1824,2,Car,No tow/articulation,Turning left,South West,North,On main c'way - not in restricted lane,Approaching junction or waiting/parked at junction approach,None,None,Did not leave carriageway,None,Front,No,Not known,Male,NA,36 - 45,NA,Heavy oil,14,NA,More deprived 20-30%,Urban area
20201377I1824,2020,1377I1824,3,Car,No tow/articulation,Parked,Parked,Parked,On main c'way - not in restricted lane,Approaching junction or waiting/parked at junction approach,None,None,Did not leave carriageway,None,Back,No,Not known,Female,NA,26 - 35,NA,Heavy oil,0,NA,More deprived 30-40%,Urban area
20201377J0969,2020,1377J0969,1,Car,No tow/articulation,Waiting to go - held up,North,South East,On main c'way - not in restricted lane,Not at or within 20 metres of junction,None,None,Did not leave carriageway,None,Back,No,Not known,Female,NA,21 - 25,NA,Petrol,12,NA,More deprived 20-30%,Urban area
20201377J0969,2020,1377J0969,2,Car,No tow/articulation,Going ahead other,North,South East,On main c'way - not in restricted lane,Not at or within 20 metres of junction,None,None,Did not leave carriageway,None,Front,No,Not known,Male,NA,26 - 35,NA,Heavy oil,6,NA,Most deprived 10%,Urban area
20201377J1640,2020,1377J1640,1,Motorcycle 125cc and under,No tow/articulation,Going ahead other,North East,South West,On main c'way - not in restricted lane,Not at or within 20 metres of junction,Overturned,Kerb,Nearside,None,Front,No,Not known,Male,NA,21 - 25,NA,Petrol,0,NA,More deprived 10-20%,Small town
20201377J1875,2020,1377J1875,1,Car,No tow/articulation,Going ahead other,West,North East,On main c'way - not in restricted lane,Not at or within 20 metres of junction,Overturned,None,Did not leave carriageway,None,Front,No,Not known,Male,NA,36 - 45,NA,Heavy oil,15,NA,More deprived 40-50%,Urban area
20201377J1875,2020,1377J1875,2,Car,No tow/articulation,Parked,Parked,Parked,On main c'way - not in restricted lane,Not at or within 20 metres of junction,None,None,Did not leave carriageway,None,Back,No,Not known,Not known,Data missing or out of range,Data missing or out of range,NA,Heavy oil,6,NA,Data missing or out of range,Data missing or out of range
20201377J1875,2020,1377J1875,3,Car,No tow/articulation,Parked,Parked,Parked,On main c'way - not in restricted lane,Not at or within 20 metres of junction,None,None,Did not leave carriageway,None,Back,No,Not known,Not known,Data missing or out of range,Data missing or out of range,NA,Petrol,1,NA,Data missing or out of range,Data missing or out of range
20201377J1875,2020,1377J1875,4,Car,No tow/articulation,Parked,Parked,Parked,On main c'way - not in restricted lane,Not at or within 20 metres of junction,None,None,Did not leave carriageway,None,Back,No,Not known,Not known,Data missing or out of range,Data missing or out of range,Data missing or out of range,Undefined,-1,Data missing or out of range,Data missing or out of range,Data missing or out of range
20201377K0477,2020,1377K0477,1,Van / Goods 3.5 tonnes mgw or under,No tow/articulation,Going ahead other,East,West,On main c'way - not in restricted lane,Not at or within 20 metres of junction,None,None,Did not leave carriageway,None,Nearside,No,Not known,Male,NA,46 - 55,NA,Heavy oil,12,NA,More deprived 20-30%,Urban area
20201377K1135,2020,1377K1135,1,Car,No tow/articulation,Going ahead other,North West,South East,On main c'way - not in restricted lane,Not at or within 20 metres of junction,None,None,Did not leave carriageway,None,Offside,No,Not known,Male,NA,26 - 35,NA,Petrol,12,NA,More deprived 20-30%,Urban area
20201377K1135,2020,1377K1135,2,Motorcycle over 125cc and up to 500cc,No tow/articulation,Going ahead other,North West,South East,On main c'way - not in restricted lane,Not at or within 20 metres of junction,None,None,Did not leave carriageway,None,Nearside,No,Not known,Male,NA,46 - 55,NA,Petrol,1,Data missing or out of range,More deprived 40-50%,Urban area
20201377K2015,2020,1377K2015,1,Car,No tow/articulation,Going ahead other,South East,North West,On main c'way - not in restricted lane,Not at or within 20 metres of junction,None,None,Offside,Entered ditch,Front,No,Not known,Male,NA,26 - 35,NA,Petrol,5,NA,Most deprived 10%,Urban area
20201377M0883,2020,1377M0883,1,Car,No tow/articulation,Turning left,South East,West,On main c'way - not in restricted lane,Leaving main road,None,None,Did not leave carriageway,None,Nearside,No,Not known,Male,NA,66 - 75,NA,Hybrid electric,6,NA,Most deprived 10%,Urban area
20201377M1808,2020,1377M1808,1,Pedal cycle,No tow/articulation,Going ahead other,North,South East,On main c'way - not in restricted lane,Not at or within 20 metres of junction,None,None,Did not leave carriageway,None,Front,No,Not known,Male,NA,46 - 55,Data missing or out of range,Undefined,-1,Data missing or out of range,Data missing or out of range,Data missing or out of range
20201377M1808,2020,1377M1808,2,Car,No tow/articulation,Parked,Parked,Parked,On main c'way - not in restricted lane,Not at or within 20 metres of junction,None,None,Did not leave carriageway,None,Back,No,Not known,Not known,NA,36 - 45,NA,Petrol,0,NA,Less deprived 30-40%,Urban area
20201377N0909,2020,1377N0909,1,Car,No tow/articulation,Going ahead other,South East,North,On main c'way - not in restricted lane,Not at or within 20 metres of junction,None,None,Did not leave carriageway,None,Nearside,No,Not known,Female,NA,56 - 65,NA,Heavy oil,12,NA,Data missing or out of range,Data missing or out of range
20201377N1253,2020,1377N1253,1,Car,No tow/articulation,Going ahead other,South East,North,On main c'way - not in restricted lane,Mid Junction - on roundabout or on main road,None,None,Did not leave carriageway,None,Offside,No,Not known,Male,NA,66 - 75,NA,Heavy oil,5,NA,More deprived 30-40%,Urban area
20201377O0154,2020,1377O0154,1,Car,No tow/articulation,Going ahead other,North East,West,On main c'way - not in restricted lane,Not at or within 20 metres of junction,None,None,Nearside,Wall or fence,Nearside,No,Not known,Female,NA,36 - 45,NA,Heavy oil,7,NA,Most deprived 10%,Urban area
20201377O0391,2020,1377O0391,1,Car,No tow/articulation,Going ahead other,West,East,On main c'way - not in restricted lane,Not at or within 20 metres of junction,None,None,Did not leave carriageway,None,Front,No,Not known,Female,NA,16 - 20,NA,Petrol,16,NA,Least deprived 10%,Small town
20201377O0391,2020,1377O0391,2,Car,No tow/articulation,Moving off,North,South East,On main c'way - not in restricted lane,Not at or within 20 metres of junction,None,None,Did not leave carriageway,None,Front,No,Not known,Male,NA,66 - 75,NA,Heavy oil,1,NA,Least deprived 10%,Urban area
20201377O1535,2020,1377O1535,1,Car,No tow/articulation,Waiting to turn left,North,South East,On main c'way - not in restricted lane,Approaching junction or waiting/parked at junction approach,None,None,Did not leave carriageway,None,Did not impact,No,Not known,Female,NA,66 - 75,NA,Petrol,13,NA,Least deprived 10%,Urban area
20201377O1535,2020,1377O1535,2,Pedal cycle,No tow/articulation,Going ahead other,West,East,On main c'way - not in restricted lane,Approaching junction or waiting/parked at junction approach,None,None,Did not leave carriageway,None,Did not impact,No,Not known,Male,NA,56 - 65,Data missing or out of range,Undefined,-1,Data missing or out of range,Less deprived 40-50%,Urban area
20201377O2224,2020,1377O2224,1,Car,No tow/articulation,Turning right,South West,North East,On main c'way - not in restricted lane,Leaving main road,None,None,Did not leave carriageway,None,Did not impact,No,Not known,Male,NA,46 - 55,NA,Heavy oil,12,NA,Most deprived 10%,Urban area
20201377O2224,2020,1377O2224,2,Motorcycle over 125cc and up to 500cc,No tow/articulation,Going ahead other,North East,South West,On main c'way - not in restricted lane,Mid Junction - on roundabout or on main road,Skidded,None,Did not leave carriageway,None,Did not impact,No,Not known,Male,NA,26 - 35,NA,Petrol,7,NA,Most deprived 10%,Urban area
20201377P1007,2020,1377P1007,1,Car,No tow/articulation,Going ahead other,South East,North West,On main c'way - not in restricted lane,Not at or within 20 metres of junction,None,None,Did not leave carriageway,None,Back,No,Not known,Female,NA,16 - 20,NA,Petrol,5,NA,Least deprived 10%,Urban area
20201377P1007,2020,1377P1007,2,Car,No tow/articulation,Going ahead other,South East,North West,On main c'way - not in restricted lane,Not at or within 20 metres of junction,None,None,Did not leave carriageway,None,Front,No,Not known,Male,NA,66 - 75,NA,Heavy oil,3,NA,More deprived 30-40%,Urban area
20201377P1955,2020,1377P1955,1,Car,No tow/articulation,Going ahead other,North,South East,On main c'way - not in restricted lane,Approaching junction or waiting/parked at junction approach,None,None,Did not leave carriageway,None,Front,No,Not known,Female,NA,16 - 20,Data missing or out of range,Undefined,-1,Data missing or out of range,Most deprived 10%,Urban area
20201377P1955,2020,1377P1955,2,Pedal cycle,No tow/articulation,Turning left,East,North,On main c'way - not in restricted lane,Cleared junction or waiting/parked at junction exit,None,None,Did not leave carriageway,None,Front,No,Not known,Male,NA,11 - 15,Data missing or out of range,Undefined,-1,Data missing or out of range,Most deprived 10%,Urban area
20201377Q0804,2020,1377Q0804,1,Car,No tow/articulation,Turning right,West,South East,On main c'way - not in restricted lane,Not at or within 20 metres of junction,None,None,Did not leave carriageway,None,Front,No,Not known,Male,NA,26 - 35,NA,Heavy oil,15,NA,Most deprived 10%,Urban area
20201377Q0804,2020,1377Q0804,2,Motorcycle over 125cc and up to 500cc,No tow/articulation,Going ahead other,North,South East,On main c'way - not in restricted lane,Not at or within 20 metres of junction,None,None,Did not leave carriageway,None,Front,No,Not known,Male,NA,16 - 20,NA,Petrol,16,NA,Most deprived 10%,Urban area
20201377R0511,2020,1377R0511,1,Car,No tow/articulation,Turning right,East,West,On main c'way - not in restricted lane,Approaching junction or waiting/parked at junction approach,None,None,Did not leave carriageway,None,Back,No,Not known,Male,NA,21 - 25,NA,Gas/Bi-fuel,9,NA,More deprived 20-30%,Urban area
20201377R0511,2020,1377R0511,2,Car,No tow/articulation,Going ahead other,East,West,On main c'way - not in restricted lane,Approaching junction or waiting/parked at junction approach,None,None,Did not leave carriageway,None,Front,No,Not known,Male,NA,36 - 45,NA,Petrol,14,NA,Most deprived 10%,Urban area
20201377R0610,2020,1377R0610,1,Car,No tow/articulation,Waiting to turn left,North,East,On main c'way - not in restricted lane,Cleared junction or waiting/parked at junction exit,None,None,Did not leave carriageway,None,Front,No,Not known,Male,NA,56 - 65,NA,Heavy oil,5,NA,Most deprived 10%,Urban area
20201377R0610,2020,1377R0610,2,Car,No tow/articulation,Going ahead other,West,East,On main c'way - not in restricted lane,Approaching junction or waiting/parked at junction approach,None,None,Did not leave carriageway,None,Nearside,No,Not known,Male,NA,26 - 35,NA,Heavy oil,6,NA,More deprived 30-40%,Urban area