accident_index,accident_year,accident_reference,vehicle_reference,vehicle_type,towing_and_articulation,vehicle_manoeuvre,vehicle_direction_from,vehicle_direction_to,vehicle_location_restricted_lane,junction_location,skidding_and_overturning,hit_object_in_carriageway,vehicle_leaving_carriageway,hit_object_off_carriageway,first_point_of_impact,vehicle_left_hand_drive,journey_purpose_of_driver,sex_of_driver,age_of_driver,age_band_of_driver,engine_capacity_cc,propulsion_code,age_of_vehicle,generic_make_model,driver_imd_decile,driver_home_area_type
20201377S0766,2020,1377S0766,1,Car,No tow/articulation,Reversing,Parked,Parked,On main c'way - not in restricted lane,Not at or within 20 metres of junction,None,None,Did not leave carriageway,None,Offside,No,Not known,Not known,Data missing or out of range,Data missing or out of range,Data missing or out of range,Undefined,-1,Data missing or out of range,Data missing or out of range,Data missing or out of range
20201377S0766,2020,1377S0766,2,Pedal cycle,No tow/articulation,Overtaking - nearside,South West,North East,On main c'way - not in restricted lane,Not at or within 20 metres of junction,None,None,Did not leave carriageway,None,Nearside,No,Not known,Male,NA,56 - 65,Data missing or out of range,Undefined,-1,Data missing or out of range,Less deprived 10-20%,Urban area
20201377T1214,2020,1377T1214,1,Car,No tow/articulation,Going ahead other,East,West,On main c'way - not in restricted lane,Not at or within 20 metres of junction,Overturned,None,Did not leave carriageway,None,Front,No,Not known,Male,NA,36 - 45,NA,Petrol,14,NA,More deprived 10-20%,Urban area
20201377T1214,2020,1377T1214,2,Van / Goods 3.5 tonnes mgw or under,No tow/articulation,Parked,Parked,Parked,On main c'way - not in restricted lane,Not at or within 20 metres of junction,None,None,Did not leave carriageway,None,Front,No,Not known,Not known,Data missing or out of range,Data missing or out of range,NA,Heavy oil,12,NA,Data missing or out of range,Data missing or out of range
20201377U0099,2020,1377U0099,1,Car,No tow/articulation,Turning right,South East,North,On main c'way - not in restricted lane,Entering main road,Overturned,None,Nearside,None,Offside,No,Not known,Male,NA,21 - 25,NA,Heavy oil,12,NA,Most deprived 10%,Urban area
20201377U0099,2020,1377U0099,2,Car,No tow/articulation,Going ahead other,East,West,On main c'way - not in restricted lane,Mid Junction - on roundabout or on main road,Skidded,None,Offside,None,Front,No,Not known,Male,NA,21 - 25,NA,Heavy oil,5,NA,More deprived 30-40%,Urban area
20201377U0099,2020,1377U0099,3,Car,No tow/articulation,Going ahead other,East,West,On main c'way - not in restricted lane,Mid Junction - on roundabout or on main road,None,None,Did not leave carriageway,None,Did not impact,No,Not known,Female,NA,26 - 35,NA,Heavy oil,0,NA,Most deprived 10%,Urban area
20201377U1147,2020,1377U1147,1,Car,No tow/articulation,Going ahead other,South East,North West,On main c'way - not in restricted lane,Not at or within 20 metres of junction,None,None,Did not leave carriageway,None,Front,No,Not known,Not known,Data missing or out of range,Data missing or out of range,NA,Petrol,11,Data missing or out of range,Data missing or out of range,Data missing or out of range
20201377U1147,2020,1377U1147,2,Pedal cycle,No tow/articulation,Going ahead other,North East,South West,On main c'way - not in restricted lane,Not at or within 20 metres of junction,None,None,Did not leave carriageway,None,Offside,No,Not known,Male,NA,11 - 15,Data missing or out of range,Undefined,-1,Data missing or out of range,Most deprived 10%,Urban area
20201377U1375,2020,1377U1375,1,Motorcycle over 500cc,No tow/articulation,Overtaking moving vehicle - offside,North East,South West,On main c'way - not in restricted lane,Not at or within 20 metres of junction,Overturned,None,Did not leave carriageway,None,Front,No,Not known,Male,NA,36 - 45,NA,Petrol,1,Data missing or out of range,More deprived 30-40%,Urban area
20201377U1375,2020,1377U1375,2,Bus or coach (17 or more pass seats),No tow/articulation,Going ahead other,South West,North East,On main c'way - not in restricted lane,Not at or within 20 metres of junction,None,None,Did not leave carriageway,None,Front,No,Journey as part of work,Male,NA,56 - 65,NA,Heavy oil,13,NA,More deprived 40-50%,Urban area
20201377U1443,2020,1377U1443,1,Car,No tow/articulation,Going ahead other,West,East,On main c'way - not in restricted lane,Not at or within 20 metres of junction,None,None,Did not leave carriageway,None,Nearside,No,Not known,Male,NA,46 - 55,NA,Petrol,7,NA,Less deprived 40-50%,Urban area
20201377U1443,2020,1377U1443,2,Pedal cycle,No tow/articulation,Going ahead other,East,West,On main c'way - not in restricted lane,Not at or within 20 metres of junction,None,None,Did not leave carriageway,None,Front,No,Not known,Male,NA,66 - 75,Data missing or out of range,Undefined,-1,Data missing or out of range,Less deprived 40-50%,Rural
20201377V0283,2020,1377V0283,1,Car,No tow/articulation,Going ahead other,South East,North West,On main c'way - not in restricted lane,Not at or within 20 metres of junction,None,None,Nearside,Lamp post,Front,No,Not known,Male,NA,46 - 55,NA,Heavy oil,4,NA,More deprived 40-50%,Urban area
2020137811022,2020,137811022,1,Car,No tow/articulation,Going ahead other,South East,North,On main c'way - not in restricted lane,Not at or within 20 metres of junction,None,None,Did not leave carriageway,None,Offside,No,Not known,Female,NA,26 - 35,NA,Petrol,3,NA,More deprived 20-30%,Urban area
2020137811022,2020,137811022,2,Car,No tow/articulation,Going ahead other,South East,North,On main c'way - not in restricted lane,Not at or within 20 metres of junction,None,None,Did not leave carriageway,None,Nearside,No,Not known,Male,NA,26 - 35,NA,Heavy oil,5,NA,Most deprived 10%,Urban area
2020137811854,2020,137811854,1,Car,No tow/articulation,Moving off,South East,North West,On main c'way - not in restricted lane,Not at or within 20 metres of junction,None,None,Did not leave carriageway,None,Offside,No,Not known,Female,NA,56 - 65,NA,Heavy oil,9,NA,Most deprived 10%,Urban area
2020137811854,2020,137811854,2,Car,No tow/articulation,Going ahead other,South East,North West,On main c'way - not in restricted lane,Not at or within 20 metres of junction,None,None,Did not leave carriageway,None,Nearside,No,Journey as part of work,Female,NA,36 - 45,NA,Heavy oil,14,NA,Most deprived 10%,Urban area
2020137821649,2020,137821649,1,Car,No tow/articulation,Going ahead other,North East,South West,On main c'way - not in restricted lane,Not at or within 20 metres of junction,None,None,Did not leave carriageway,None,Front,No,Not known,Male,Data missing or out of range,Data missing or out of range,NA,Heavy oil,1,NA,Data missing or out of range,Data missing or out of range
2020137821649,2020,137821649,2,Car,No tow/articulation,Going ahead other,North East,South West,On main c'way - not in restricted lane,Not at or within 20 metres of junction,None,None,Did not leave carriageway,None,Nearside,No,Not known,Male,NA,46 - 55,NA,Petrol,14,NA,Most deprived 10%,Urban area
2020137830767,2020,137830767,1,Car,No tow/articulation,Going ahead other,East,West,On main c'way - not in restricted lane,Not at or within 20 metres of junction,Skidded,None,Did not leave carriageway,None,Front,No,Not known,Male,NA,26 - 35,NA,Heavy oil,9,NA,Most deprived 10%,Urban area
2020137830767,2020,137830767,2,Car,No tow/articulation,Moving off,North,South East,On main c'way - not in restricted lane,Not at or within 20 metres of junction,None,None,Did not leave carriageway,None,Offside,No,Not known,Male,NA,56 - 65,NA,Heavy oil,8,NA,More deprived 10-20%,Urban area
2020137831096,2020,137831096,1,Car,No tow/articulation,Going ahead other,South East,North West,On main c'way - not in restricted lane,Not at or within 20 metres of junction,None,None,Did not leave carriageway,None,Back,No,Not known,Male,NA,21 - 25,NA,Petrol,6,NA,Most deprived 10%,Urban area
2020137831096,2020,137831096,2,Car,No tow/articulation,Going ahead other,South East,North West,On main c'way - not in restricted lane,Not at or within 20 metres of junction,None,None,Did not leave carriageway,None,Front,No,Not known,Male,NA,46 - 55,NA,Heavy oil,22,NA,Data missing or out of range,Data missing or out of range
2020137831428,2020,137831428,1,Van / Goods 3.5 tonnes mgw or under,No tow/articulation,Moving off,West,East,On main c'way - not in restricted lane,Not at or within 20 metres of junction,None,None,Did not leave carriageway,None,Back,No,Not known,Female,Data missing or out of range,Data missing or out of range,NA,Heavy oil,9,NA,More deprived 40-50%,Urban area
2020137831634,2020,137831634,1,Car,No tow/articulation,Parked,Parked,Parked,On main c'way - not in restricted lane,Not at or within 20 metres of junction,None,None,Did not leave carriageway,None,Back,No,Not known,Male,NA,36 - 45,NA,Petrol,17,NA,More deprived 40-50%,Urban area
2020137831634,2020,137831634,2,Car,No tow/articulation,Going ahead other,North,South East,On main c'way - not in restricted lane,Not at or within 20 metres of junction,None,None,Did not leave carriageway,None,Front,No,Not known,Not known,Data missing or out of range,Data missing or out of range,NA,Heavy oil,16,NA,Data missing or out of range,Data missing or out of range
2020137841058,2020,137841058,1,Mobility scooter,No tow/articulation,Going ahead other,North,South East,On main c'way - not in restricted lane,Mid Junction - on roundabout or on main road,None,None,Did not leave carriageway,None,Front,No,Not known,Female,NA,Over 75,Data missing or out of range,Undefined,-1,Data missing or out of range,Data missing or out of range,Data missing or out of range
2020137841058,2020,137841058,2,Car,No tow/articulation,Moving off,West,East,On main c'way - not in restricted lane,Approaching junction or waiting/parked at junction approach,None,None,Did not leave carriageway,None,Offside,No,Not known,Female,NA,26 - 35,NA,Heavy oil,1,NA,Most deprived 10%,Urban area
2020137841922,2020,137841922,1,Car,No tow/articulation,Going ahead other,South East,North West,On main c'way - not in restricted lane,Entering main road,None,None,Did not leave carriageway,None,Front,No,Not known,Male,Data missing or out of range,Data missing or out of range,NA,Petrol,12,NA,Data missing or out of range,Data missing or out of range
2020137841922,2020,137841922,2,Motorcycle over 500cc,No tow/articulation,Going ahead other,North East,South West,On main c'way - not in restricted lane,Mid Junction - on roundabout or on main road,Overturned,None,Did not leave carriageway,None,Offside,No,Not known,Male,NA,66 - 75,NA,Petrol,32,Data missing or out of range,Less deprived 40-50%,Small town
2020137871278,2020,137871278,1,Car,No tow/articulation,Turning left,South East,West,On main c'way - not in restricted lane,Not at or within 20 metres of junction,None,None,Did not leave carriageway,None,Nearside,No,Not known,Not known,Data missing or out of range,Data missing or out of range,Data missing or out of range,Undefined,-1,Data missing or out of range,Data missing or out of range,Data missing or out of range
2020137871278,2020,137871278,2,Car,No tow/articulation,Turning left,South East,West,On main c'way - not in restricted lane,Not at or within 20 metres of junction,None,None,Did not leave carriageway,None,Offside,No,Not known,Male,NA,46 - 55,NA,Hybrid electric,9,NA,More deprived 10-20%,Urban area
2020137871372,2020,137871372,1,Car,No tow/articulation,Going ahead other,North,South East,On main c'way - not in restricted lane,Not at or within 20 metres of junction,None,None,Did not leave carriageway,None,Offside,No,Not known,Female,NA,26 - 35,NA,Petrol,20,NA,Most deprived 10%,Urban area
2020137871372,2020,137871372,2,Pedal cycle,No tow/articulation,Going ahead other,West,East,On main c'way - not in restricted lane,Not at or within 20 metres of junction,None,None,Did not leave carriageway,None,Front,No,Not known,Male,NA,6 - 10,Data missing or out of range,Undefined,-1,Data missing or out of range,Most deprived 10%,Urban area
2020137880857,2020,137880857,1,Car,No tow/articulation,Going ahead other,North,South East,On main c'way - not in restricted lane,Not at or within 20 metres of junction,None,None,Did not leave carriageway,None,Front,No,Not known,Male,NA,56 - 65,NA,Petrol,1,NA,Most deprived 10%,Urban area
2020137881420,2020,137881420,1,Car,No tow/articulation,Going ahead other,South West,North East,On main c'way - not in restricted lane,Not at or within 20 metres of junction,None,None,Did not leave carriageway,None,Nearside,No,Not known,Female,NA,36 - 45,NA,Petrol,18,NA,Most deprived 10%,Urban area
2020137881420,2020,137881420,2,Car,No tow/articulation,Moving off,North West,South West,On main c'way - not in restricted lane,Not at or within 20 metres of junction,None,None,Did not leave carriageway,None,Front,No,Not known,Male,NA,26 - 35,NA,Heavy oil,13,NA,More deprived 30-40%,Urban area
2020137881896,2020,137881896,1,Car,No tow/articulation,Going ahead other,West,East,On main c'way - not in restricted lane,Not at or within 20 metres of junction,None,None,Did not leave carriageway,None,Front,No,Not known,Male,Data missing or out of range,Data missing or out of range,NA,Petrol,10,NA,Data missing or out of range,Data missing or out of range
2020137881896,2020,137881896,2,Car,No tow/articulation,Waiting to go - held up,West,East,On main c'way - not in restricted lane,Not at or within 20 metres of junction,None,None,Did not leave carriageway,None,Back,No,Not known,Female,NA,36 - 45,NA,Heavy oil,11,NA,More deprived 40-50%,Urban area
2020137882173,2020,137882173,1,Car,No tow/articulation,Going ahead other,South East,North,On main c'way - not in restricted lane,Approaching junction or waiting/parked at junction approach,None,None,Did not leave carriageway,None,Front,No,Not known,Female,NA,36 - 45,Data missing or out of range,Undefined,-1,Data missing or out of range,Data missing or out of range,Data missing or out of range
2020137882173,2020,137882173,2,Car,No tow/articulation,Going ahead other,East,West,On main c'way - not in restricted lane,Approaching junction or waiting/parked at junction approach,None,None,Did not leave carriageway,None,Front,No,Not known,Male,NA,46 - 55,NA,Heavy oil,5,NA,Data missing or out of range,Data missing or out of range
2020137891050,2020,137891050,1,Car,No tow/articulation,Going ahead other,North,East,On main c'way - not in restricted lane,Mid Junction - on roundabout or on main road,None,None,Did not leave carriageway,None,Front,No,Not known,Not known,Data missing or out of range,Data missing or out of range,Data missing or out of range,Undefined,-1,Data missing or out of range,Data missing or out of range,Data missing or out of range
2020137891503,2020,137891503,1,Van / Goods 3.5 tonnes mgw or under,No tow/articulation,Going ahead other,North,East,On main c'way - not in restricted lane,Not at or within 20 metres of junction,None,None,Did not leave carriageway,None,Front,No,Not known,Not known,NA,26 - 35,NA,Heavy oil,15,NA,Data missing or out of range,Data missing or out of range
2020137891503,2020,137891503,2,Car,No tow/articulation,Going ahead other,North,East,On main c'way - not in restricted lane,Not at or within 20 metres of junction,None,None,Did not leave carriageway,None,Nearside,No,Not known,Male,NA,26 - 35,NA,Heavy oil,9,NA,More deprived 40-50%,Urban area
2020137892005,2020,137892005,1,Pedal cycle,No tow/articulation,Going ahead other,South West,North East,On main c'way - not in restricted lane,Approaching junction or waiting/parked at junction approach,None,None,Did not leave carriageway,None,Front,No,Not known,Male,NA,11 - 15,Data missing or out of range,Undefined,-1,Data missing or out of range,Most deprived 10%,Urban area
2020137892005,2020,137892005,2,Taxi/Private hire car,No tow/articulation,Going ahead other,West,East,On main c'way - not in restricted lane,Approaching junction or waiting/parked at junction approach,None,None,Did not leave carriageway,None,Front,No,Journey as part of work,Male,NA,36 - 45,Data missing or out of range,Undefined,-1,Data missing or out of range,More deprived 20-30%,Urban area
20201378B0934,2020,1378B0934,1,Pedal cycle,No tow/articulation,Slowing or stopping,South West,North East,On main c'way - not in restricted lane,Not at or within 20 metres of junction,None,None,Did not leave carriageway,None,Front,No,Not known,Male,NA,6 - 10,Data missing or out of range,Undefined,-1,Data missing or out of range,Most deprived 10%,Urban area
20201378B0934,2020,1378B0934,2,Car,No tow/articulation,Going ahead right-hand bend,North East,South West,On main c'way - not in restricted lane,Not at or within 20 metres of junction,None,None,Did not leave carriageway,None,Front,No,Not known,Female,NA,46 - 55,NA,Heavy oil,14,NA,Most deprived 10%,Urban area
20201378B2219,2020,1378B2219,1,Taxi/Private hire car,No tow/articulation,Going ahead other,North,South East,On main c'way - not in restricted lane,Mid Junction - on roundabout or on main road,None,None,Did not leave carriageway,None,Front,No,Journey as part of work,Male,NA,26 - 35,NA,Hybrid electric,5,NA,Most deprived 10%,Urban area
20201378C0676,2020,1378C0676,1,Car,No tow/articulation,Turning left,South East,West,On main c'way - not in restricted lane,Mid Junction - on roundabout or on main road,None,None,Did not leave carriageway,None,Front,No,Not known,Female,NA,36 - 45,NA,Petrol,15,NA,Most deprived 10%,Urban area
20201378C0676,2020,1378C0676,2,Pedal cycle,No tow/articulation,Going ahead other,West,East,On main c'way - not in restricted lane,Mid Junction - on roundabout or on main road,None,None,Did not leave carriageway,None,Offside,No,Not known,Male,NA,6 - 10,Data missing or out of range,Undefined,-1,Data missing or out of range,Most deprived 10%,Urban area
20201378C0982,2020,1378C0982,1,Car,No tow/articulation,Going ahead other,East,West,On main c'way - not in restricted lane,Not at or within 20 metres of junction,None,None,Did not leave carriageway,None,Offside,No,Not known,Not known,Data missing or out of range,Data missing or out of range,Data missing or out of range,Undefined,-1,Data missing or out of range,Data missing or out of range,Data missing or out of range
20201378C1457,2020,1378C1457,1,Car,No tow/articulation,Going ahead left-hand bend,North East,South West,On main c'way - not in restricted lane,Not at or within 20 metres of junction,None,None,Did not leave carriageway,None,Front,No,Not known,Not known,Data missing or out of range,Data missing or out of range,NA,Heavy oil,13,NA,Data missing or out of range,Data missing or out of range
20201378C1457,2020,1378C1457,2,Car,No tow/articulation,Going ahead left-hand bend,North East,South West,On main c'way - not in restricted lane,Not at or within 20 metres of junction,None,None,Did not leave carriageway,None,Back,No,Not known,Male,NA,56 - 65,Data missing or out of range,Undefined,-1,Data missing or out of range,More deprived 10-20%,Urban area
20201378C1570,2020,1378C1570,1,Car,No tow/articulation,Going ahead other,North,South East,On main c'way - not in restricted lane,Not at or within 20 metres of junction,None,None,Did not leave carriageway,None,Front,No,Not known,Male,NA,21 - 25,NA,Heavy oil,9,NA,Less deprived 40-50%,Urban area
20201378C1570,2020,1378C1570,2,Car,No tow/articulation,Slowing or stopping,North,South East,On main c'way - not in restricted lane,Not at or within 20 metres of junction,None,None,Did not leave carriageway,None,Back,No,Not known,Male,NA,16 - 20,NA,Petrol,3,NA,Less deprived 40-50%,Rural
20201378C1570,2020,1378C1570,3,Car,No tow/articulation,Slowing or stopping,North,South East,On main c'way - not in restricted lane,Not at or within 20 metres of junction,None,None,Did not leave carriageway,None,Offside,No,Not known,Male,Data missing or out of range,Data missing or out of range,NA,Heavy oil,6,NA,Most deprived 10%,Urban area
20201378C1915,2020,1378C1915,1,Taxi/Private hire car,No tow/articulation,Going ahead other,South East,East,On main c'way - not in restricted lane,Mid Junction - on roundabout or on main road,None,None,Did not leave carriageway,None,Front,No,Not known,Male,NA,46 - 55,NA,Heavy oil,4,Data missing or out of range,Data missing or out of range,Data missing or out of range
20201378C1915,2020,1378C1915,2,Motorcycle over 125cc and up to 500cc,No tow/articulation,Going ahead other,East,West,On main c'way - not in restricted lane,Mid Junction - on roundabout or on main road,None,None,Did not leave carriageway,None,Front,No,Not known,Male,NA,26 - 35,NA,Petrol,8,NA,Most deprived 10%,Urban area
20201378D1048,2020,1378D1048,1,Car,No tow/articulation,Going ahead right-hand bend,West,East,On main c'way - not in restricted lane,Not at or within 20 metres of junction,Overturned,None,Nearside and rebounded,None,Front,No,Not known,Female,NA,66 - 75,NA,Petrol,15,NA,More deprived 10-20%,Urban area
20201378D1048,2020,1378D1048,2,Car,No tow/articulation,Going ahead left-hand bend,East,West,On main c'way - not in restricted lane,Not at or within 20 metres of junction,None,None,Did not leave carriageway,None,Front,No,Not known,Male,NA,16 - 20,Data missing or out of range,Undefined,-1,Data missing or out of range,Least deprived 10%,Small town
20201378D2119,2020,1378D2119,1,Car,No tow/articulation,Going ahead other,North East,South West,On main c'way - not in restricted lane,Not at or within 20 metres of junction,None,None,Did not leave carriageway,None,Front,No,Not known,Not known,Data missing or out of range,Data missing or out of range,NA,Heavy oil,5,NA,Most deprived 10%,Urban area
20201378D2119,2020,1378D2119,2,Pedal cycle,No tow/articulation,Going ahead other,South West,North East,On main c'way - not in restricted lane,Not at or within 20 metres of junction,None,None,Did not leave carriageway,None,Front,No,Not known,Male,NA,16 - 20,Data missing or out of range,Undefined,-1,Data missing or out of range,More deprived 10-20%,Urban area
20201378E0240,2020,1378E0240,1,Car,No tow/articulation,Going ahead other,South East,North,On main c'way - not in restricted lane,Approaching junction or waiting/parked at junction approach,None,None,Did not leave carriageway,None,Front,No,Not known,Male,NA,26 - 35,NA,Heavy oil,4,NA,Less deprived 10-20%,Small town
20201378E0240,2020,1378E0240,2,Car,No tow/articulation,Going ahead other,North,South East,On main c'way - not in restricted lane,Cleared junction or waiting/parked at junction exit,None,None,Did not leave carriageway,None,Front,No,Journey as part of work,Male,NA,26 - 35,NA,Heavy oil,0,NA,Most deprived 10%,Urban area
20201378F1015,2020,1378F1015,1,Car,No tow/articulation,Slowing or stopping,South East,North,On main c'way - not in restricted lane,Approaching junction or waiting/parked at junction approach,None,None,Did not leave carriageway,None,Front,No,Not known,Female,NA,26 - 35,NA,Petrol,2,NA,More deprived 30-40%,Urban area
20201378F1015,2020,1378F1015,2,Motorcycle over 500cc,No tow/articulation,Slowing or stopping,South East,North,On main c'way - not in restricted lane,Approaching junction or waiting/parked at junction approach,None,None,Did not leave carriageway,None,Back,No,Not known,Male,NA,56 - 65,NA,Petrol,2,NA,More deprived 40-50%,Urban area
20201378F1015,2020,1378F1015,3,Car,No tow/articulation,Slowing or stopping,South East,North,On main c'way - not in restricted lane,Approaching junction or waiting/parked at junction approach,None,None,Did not leave carriageway,None,Back,No,Not known,Female,NA,26 - 35,NA,Petrol,6,NA,More deprived 10-20%,Urban area
20201378F1681,2020,1378F1681,1,Car,No tow/articulation,Going ahead other,South East,North,On main c'way - not in restricted lane,Mid Junction - on roundabout or on main road,None,None,Did not leave carriageway,None,Offside,No,Not known,Male,NA,26 - 35,NA,Heavy oil,6,NA,Most deprived 10%,Urban area
20201378F1681,2020,1378F1681,2,Car,No tow/articulation,Changing lane to left,South East,North,On main c'way - not in restricted lane,Mid Junction - on roundabout or on main road,None,None,Did not leave carriageway,None,Nearside,No,Not known,Female,NA,26 - 35,NA,Petrol,11,NA,Most deprived 10%,Urban area
20201378F1881,2020,1378F1881,1,Car,No tow/articulation,Going ahead left-hand bend,South East,North West,On main c'way - not in restricted lane,Not at or within 20 metres of junction,None,None,Did not leave carriageway,None,Nearside,No,Commuting to/from work,Female,NA,26 - 35,NA,Petrol,7,NA,More deprived 40-50%,Small town
20201378G0928,2020,1378G0928,1,Car,No tow/articulation,Parked,Parked,Parked,On lay-by or hard shoulder,Not at or within 20 metres of junction,None,None,Did not leave carriageway,None,Back,No,Not known,Female,NA,26 - 35,NA,Heavy oil,4,NA,More deprived 20-30%,Urban area
20201378G0928,2020,1378G0928,2,Car,No tow/articulation,Going ahead other,East,West,On main c'way - not in restricted lane,Not at or within 20 metres of junction,Skidded,Kerb,Offside on to centrl res + rebounded,Other permanent object,Front,No,Not known,Male,NA,16 - 20,NA,Heavy oil,10,NA,Less deprived 10-20%,Rural
20201378G1317,2020,1378G1317,1,Car,No tow/articulation,Waiting to go - held up,East,West,On main c'way - not in restricted lane,Approaching junction or waiting/parked at junction approach,None,None,Did not leave carriageway,None,Front,No,Not known,Male,NA,26 - 35,NA,Heavy oil,11,NA,More deprived 10-20%,Urban area
20201378G1317,2020,1378G1317,2,Car,No tow/articulation,Slowing or stopping,East,West,On main c'way - not in restricted lane,Approaching junction or waiting/parked at junction approach,None,None,Did not leave carriageway,None,Back,No,Not known,Male,NA,26 - 35,NA,Heavy oil,10,NA,Most deprived 10%,Urban area
20201378G1949,2020,1378G1949,1,Car,No tow/articulation,Going ahead other,North,South East,On main c'way - not in restricted lane,Cleared junction or waiting/parked at junction exit,Skidded,None,Nearside,Wall or fence,Front,No,Not known,Female,NA,21 - 25,NA,Petrol,6,NA,Most deprived 10%,Urban area
20201378H0068,2020,1378H0068,1,Car,No tow/articulation,Going ahead other,West,East,On main c'way - not in restricted lane,Not at or within 20 metres of junction,None,None,Did not leave carriageway,None,Front,No,Not known,Male,NA,21 - 25,NA,Heavy oil,14,NA,Data missing or out of range,Data missing or out of range
20201378H0775,2020,1378H0775,1,Pedal cycle,No tow/articulation,Going ahead other,North East,South West,On main c'way - not in restricted lane,Mid Junction - on roundabout or on main road,None,None,Did not leave carriageway,None,Did not impact,No,Commuting to/from work,Female,NA,46 - 55,Data missing or out of range,Undefined,-1,Data missing or out of range,Less deprived 40-50%,Urban area
20201378H0775,2020,1378H0775,2,Car,No tow/articulation,Going ahead other,North West,South East,On main c'way - not in restricted lane,Mid Junction - on roundabout or on main road,None,None,Did not leave carriageway,None,Nearside,No,Commuting to/from work,Male,NA,21 - 25,NA,Heavy oil,8,NA,Most deprived 10%,Urban area
20201378H0776,2020,1378H0776,1,Car,No tow/articulation,Turning right,North,West,On main c'way - not in restricted lane,Mid Junction - on roundabout or on main road,None,None,Did not leave carriageway,None,Nearside,No,Not known,Male,NA,46 - 55,NA,Heavy oil,3,NA,Less deprived 40-50%,Rural
20201378H0776,2020,1378H0776,2,Car,No tow/articulation,Going ahead other,South East,North West,On main c'way - not in restricted lane,Mid Junction - on roundabout or on main road,None,None,Did not leave carriageway,None,Did not impact,No,Not known,Male,NA,26 - 35,NA,Heavy oil,3,NA,Most deprived 10%,Urban area
20201378H1196,2020,1378H1196,1,Car,No tow/articulation,Moving off,South West,North East,On main c'way - not in restricted lane,Not at or within 20 metres of junction,None,None,Did not leave carriageway,None,Offside,No,Not known,Male,NA,46 - 55,NA,Heavy oil,5,NA,More deprived 30-40%,Urban area
20201378H1196,2020,1378H1196,2,Pedal cycle,No tow/articulation,Going ahead other,South East,North West,On main c'way - not in restricted lane,Not at or within 20 metres of junction,None,None,Did not leave carriageway,None,Front,No,Not known,Male,NA,56 - 65,Data missing or out of range,Undefined,-1,Data missing or out of range,Less deprived 10-20%,Urban area
20201378H1766,2020,1378H1766,1,Motorcycle 125cc and under,No tow/articulation,Turning right,North,South West,On main c'way - not in restricted lane,Not at or within 20 metres of junction,Skidded,None,Did not leave carriageway,None,Offside,No,Commuting to/from work,Male,NA,26 - 35,NA,Petrol,0,NA,Data missing or out of range,Data missing or out of range
20201378I1021,2020,1378I1021,1,Car,No tow/articulation,Changing lane to right,North West,South East,On main c'way - not in restricted lane,Mid Junction - on roundabout or on main road,None,None,Did not leave carriageway,None,Offside,No,Not known,Female,NA,21 - 25,NA,Petrol,10,NA,Most deprived 10%,Urban area
20201378I1021,2020,1378I1021,2,Car,No tow/articulation,Going ahead other,North West,South East,On main c'way - not in restricted lane,Mid Junction - on roundabout or on main road,None,None,Did not leave carriageway,None,Front,No,Not known,Male,NA,36 - 45,Data missing or out of range,Undefined,-1,Data missing or out of range,More deprived 30-40%,Urban area
20201378I1128,2020,1378I1128,1,Car,No tow/articulation,Going ahead other,West,East,On main c'way - not in restricted lane,Not at or within 20 metres of junction,None,None,Did not leave carriageway,None,Front,No,Not known,Not known,Data missing or out of range,Data missing or out of range,NA,Heavy oil,8,NA,Most deprived 10%,Urban area
20201378I1128,2020,1378I1128,2,Car,No tow/articulation,Waiting to go - held up,West,East,On main c'way - not in restricted lane,Not at or within 20 metres of junction,None,None,Did not leave carriageway,None,Back,No,Not known,Female,NA,21 - 25,NA,Petrol,10,NA,More deprived 20-30%,Urban area
20201378I1437,2020,1378I1437,1,Car,No tow/articulation,Going ahead other,North,South East,On main c'way - not in restricted lane,Not at or within 20 metres of junction,None,None,Did not leave carriageway,None,Front,No,Not known,Male,Data missing or out of range,Data missing or out of range,Data missing or out of range,Undefined,-1,Data missing or out of range,More deprived 40-50%,Urban area
20201378I1437,2020,1378I1437,2,Car,No tow/articulation,Going ahead other,North,South East,On main c'way - not in restricted lane,Not at or within 20 metres of junction,None,None,Did not leave carriageway,None,Back,No,Not known,Male,NA,21 - 25,NA,Heavy oil,8,NA,Most deprived 10%,Urban area
20201378J0379,2020,1378J0379,1,Car,No tow/articulation,Turning right,North West,South East,On main c'way - not in restricted lane,Entering main road,None,None,Did not leave carriageway,None,Offside,No,Not known,Female,NA,36 - 45,NA,Petrol,13,NA,Most deprived 10%,Urban area
20201378J0379,2020,1378J0379,2,Motorcycle over 125cc and up to 500cc,No tow/articulation,Going ahead other,North East,North West,On main c'way - not in restricted lane,Mid Junction - on roundabout or on main road,None,None,Did not leave carriageway,None,Front,No,Not known,Male,NA,26 - 35,NA,Petrol,22,Data missing or out of range,Most deprived 10%,Urban area
20201378J1952,2020,1378J1952,1,Pedal cycle,No tow/articulation,Going ahead other,South East,North,On main c'way - not in restricted lane,Leaving main road,Skidded and overturned,None,Did not leave carriageway,None,Offside,No,Commuting to/from work,Male,NA,26 - 35,Data missing or out of range,Undefined,-1,Data missing or out of range,Most deprived 10%,Urban area
20201378J1952,2020,1378J1952,2,Car,No tow/articulation,Going ahead other,East,West,On main c'way - not in restricted lane,Approaching junction or waiting/parked at junction approach,Skidded,None,Did not leave carriageway,None,Front,No,Commuting to/from work,Male,NA,36 - 45,NA,Heavy oil,6,NA,More deprived 20-30%,Urban area