accident_index,accident_year,accident_reference,vehicle_reference,vehicle_type,towing_and_articulation,vehicle_manoeuvre,vehicle_direction_from,vehicle_direction_to,vehicle_location_restricted_lane,junction_location,skidding_and_overturning,hit_object_in_carriageway,vehicle_leaving_carriageway,hit_object_off_carriageway,first_point_of_impact,vehicle_left_hand_drive,journey_purpose_of_driver,sex_of_driver,age_of_driver,age_band_of_driver,engine_capacity_cc,propulsion_code,age_of_vehicle,generic_make_model,driver_imd_decile,driver_home_area_type
20201378L1306,2020,1378L1306,1,Car,No tow/articulation,Going ahead other,North East,South West,On main c'way - not in restricted lane,Not at or within 20 metres of junction,None,None,Did not leave carriageway,None,Front,No,Not known,Female,NA,21 - 25,NA,Heavy oil,7,NA,More deprived 30-40%,Urban area
20201378L1306,2020,1378L1306,2,Pedal cycle,No tow/articulation,Turning right,North East,West,On main c'way - not in restricted lane,Not at or within 20 metres of junction,None,None,Did not leave carriageway,None,Offside,No,Not known,Male,NA,11 - 15,Data missing or out of range,Undefined,-1,Data missing or out of range,More deprived 30-40%,Urban area
20201378L1445,2020,1378L1445,1,Car,No tow/articulation,Turning right,South East,East,On main c'way - not in restricted lane,Entering main road,None,None,Did not leave carriageway,None,Front,No,Not known,Female,NA,26 - 35,NA,Petrol,10,NA,More deprived 10-20%,Urban area
20201378L1445,2020,1378L1445,2,Car,No tow/articulation,Turning right,East,West,On main c'way - not in restricted lane,Approaching junction or waiting/parked at junction approach,None,None,Did not leave carriageway,None,Nearside,No,Not known,Male,NA,56 - 65,NA,Petrol,2,NA,More deprived 10-20%,Urban area
20201378M0813,2020,1378M0813,1,Car,No tow/articulation,Turning right,South East,East,On main c'way - not in restricted lane,Mid Junction - on roundabout or on main road,None,None,Did not leave carriageway,None,Offside,No,Journey as part of work,Female,NA,21 - 25,NA,Petrol,14,NA,More deprived 20-30%,Urban area
20201378M0813,2020,1378M0813,2,Car,No tow/articulation,Going ahead other,East,West,On main c'way - not in restricted lane,Approaching junction or waiting/parked at junction approach,None,None,Did not leave carriageway,None,Front,No,Not known,Female,NA,36 - 45,NA,Heavy oil,9,NA,More deprived 10-20%,Urban area
20201378M1322,2020,1378M1322,1,Car,No tow/articulation,Going ahead other,North,South East,On main c'way - not in restricted lane,Mid Junction - on roundabout or on main road,None,None,Did not leave carriageway,None,Nearside,No,Not known,Not known,Data missing or out of range,Data missing or out of range,Data missing or out of range,Undefined,-1,Data missing or out of range,Data missing or out of range,Data missing or out of range
20201378O0796,2020,1378O0796,1,Car,No tow/articulation,Turning left,North East,South East,On main c'way - not in restricted lane,Leaving main road,None,None,Did not leave carriageway,None,Front,No,Not known,Male,NA,26 - 35,NA,Heavy oil,8,NA,Most deprived 10%,Urban area
20201378O0796,2020,1378O0796,2,Car,No tow/articulation,Slowing or stopping,South East,North West,On main c'way - not in restricted lane,Approaching junction or waiting/parked at junction approach,None,None,Did not leave carriageway,None,Front,No,Journey as part of work,Female,NA,26 - 35,NA,Heavy oil,11,NA,Most deprived 10%,Urban area
20201378O1266,2020,1378O1266,1,Car,No tow/articulation,Going ahead other,South East,North,On main c'way - not in restricted lane,Approaching junction or waiting/parked at junction approach,None,None,Did not leave carriageway,None,Front,No,Not known,Female,NA,Over 75,NA,Petrol,0,NA,Less deprived 40-50%,Small town
20201378O1553,2020,1378O1553,1,Car,No tow/articulation,Going ahead other,North West,South East,On main c'way - not in restricted lane,Entering roundabout,None,None,Did not leave carriageway,None,Front,No,Not known,Not known,Data missing or out of range,Data missing or out of range,NA,Heavy oil,11,NA,Data missing or out of range,Data missing or out of range
20201378O1553,2020,1378O1553,2,Car,No tow/articulation,Going ahead other,North West,South East,On main c'way - not in restricted lane,Entering roundabout,None,None,Did not leave carriageway,None,Back,No,Not known,Female,NA,46 - 55,NA,Heavy oil,2,NA,Most deprived 10%,Urban area
20201378O1721,2020,1378O1721,1,Car,No tow/articulation,Going ahead other,North,South East,On main c'way - not in restricted lane,Not at or within 20 metres of junction,None,None,Did not leave carriageway,None,Front,No,Not known,Male,NA,21 - 25,NA,Heavy oil,17,NA,Data missing or out of range,Data missing or out of range
20201378O2115,2020,1378O2115,1,Car,No tow/articulation,Slowing or stopping,East,North West,On main c'way - not in restricted lane,Approaching junction or waiting/parked at junction approach,None,None,Did not leave carriageway,None,Back,No,Not known,Female,NA,36 - 45,NA,Petrol,8,NA,Less deprived 40-50%,Urban area
20201378O2115,2020,1378O2115,2,Agricultural vehicle,No tow/articulation,Slowing or stopping,East,North West,On main c'way - not in restricted lane,Approaching junction or waiting/parked at junction approach,None,None,Did not leave carriageway,None,Front,No,Not known,Male,NA,36 - 45,Data missing or out of range,Undefined,-1,Data missing or out of range,More deprived 30-40%,Urban area
20201378R0253,2020,1378R0253,1,Car,No tow/articulation,Going ahead other,West,East,On main c'way - not in restricted lane,Not at or within 20 metres of junction,None,None,Nearside,Wall or fence,Front,No,Not known,Male,Data missing or out of range,Data missing or out of range,NA,Heavy oil,7,NA,Data missing or out of range,Data missing or out of range
20201378R1109,2020,1378R1109,1,Car,No tow/articulation,Going ahead other,North,South East,On main c'way - not in restricted lane,Not at or within 20 metres of junction,None,None,Did not leave carriageway,None,Front,No,Not known,Male,NA,21 - 25,NA,Heavy oil,1,NA,Most deprived 10%,Urban area
20201378R1944,2020,1378R1944,1,Car,No tow/articulation,Going ahead other,South East,North West,On main c'way - not in restricted lane,Not at or within 20 metres of junction,None,None,Did not leave carriageway,None,Offside,No,Commuting to/from work,Male,NA,26 - 35,NA,Heavy oil,6,NA,Most deprived 10%,Urban area
20201378S0276,2020,1378S0276,1,Car,No tow/articulation,Going ahead other,East,West,On main c'way - not in restricted lane,Mid Junction - on roundabout or on main road,None,None,Did not leave carriageway,None,Front,No,Not known,Male,NA,26 - 35,NA,Heavy oil,14,NA,More deprived 40-50%,Urban area
20201378S0276,2020,1378S0276,2,Car,No tow/articulation,Going ahead other,North,South East,On main c'way - not in restricted lane,Mid Junction - on roundabout or on main road,None,None,Did not leave carriageway,None,Front,No,Not known,Male,NA,21 - 25,Data missing or out of range,Undefined,-1,Data missing or out of range,Most deprived 10%,Urban area
20201378S0276,2020,1378S0276,3,Car,No tow/articulation,Parked,Parked,Parked,On main c'way - not in restricted lane,Mid Junction - on roundabout or on main road,None,None,Did not leave carriageway,None,Back,No,Not known,Not known,Data missing or out of range,Data missing or out of range,NA,Heavy oil,7,NA,Data missing or out of range,Data missing or out of range
20201378S1079,2020,1378S1079,1,Car,No tow/articulation,Going ahead other,North West,South East,On main c'way - not in restricted lane,Not at or within 20 metres of junction,None,None,Did not leave carriageway,None,Offside,No,Not known,Male,NA,46 - 55,NA,Petrol,10,NA,More deprived 20-30%,Urban area
20201378S1937,2020,1378S1937,1,Car,No tow/articulation,Going ahead other,North,South East,On main c'way - not in restricted lane,Cleared junction or waiting/parked at junction exit,None,None,Did not leave carriageway,None,Nearside,No,Not known,Female,NA,16 - 20,NA,Petrol,1,NA,Most deprived 10%,Urban area
20201378S1937,2020,1378S1937,2,Car,No tow/articulation,Going ahead other,South East,North,On main c'way - not in restricted lane,Approaching junction or waiting/parked at junction approach,None,None,Did not leave carriageway,None,Offside,No,Not known,Not known,Data missing or out of range,Data missing or out of range,NA,Heavy oil,6,NA,Data missing or out of range,Data missing or out of range
20201378S1937,2020,1378S1937,3,Car,No tow/articulation,Parked,Parked,Parked,On main c'way - not in restricted lane,Approaching junction or waiting/parked at junction approach,None,None,Did not leave carriageway,None,Offside,No,Not known,Not known,Data missing or out of range,Data missing or out of range,NA,Petrol,7,NA,Data missing or out of range,Data missing or out of range
20201378S1937,2020,1378S1937,4,Car,No tow/articulation,Parked,Parked,Parked,On main c'way - not in restricted lane,Approaching junction or waiting/parked at junction approach,None,None,Did not leave carriageway,None,Offside,No,Not known,Not known,Data missing or out of range,Data missing or out of range,NA,Heavy oil,14,NA,Data missing or out of range,Data missing or out of range
20201378T0704,2020,1378T0704,1,Car,No tow/articulation,Going ahead other,North East,South West,On main c'way - not in restricted lane,Mid Junction - on roundabout or on main road,None,None,Did not leave carriageway,None,Front,No,Not known,Male,NA,21 - 25,NA,Heavy oil,9,NA,More deprived 10-20%,Urban area
20201378U0854,2020,1378U0854,1,Van / Goods 3.5 tonnes mgw or under,No tow/articulation,Turning left,North,East,On main c'way - not in restricted lane,Not at or within 20 metres of junction,None,None,Did not leave carriageway,None,Front,No,Not known,Male,Data missing or out of range,Data missing or out of range,NA,Heavy oil,1,NA,Data missing or out of range,Data missing or out of range
20201378U0854,2020,1378U0854,2,Car,No tow/articulation,Turning right,North,West,On main c'way - not in restricted lane,Not at or within 20 metres of junction,None,None,Did not leave carriageway,None,Front,No,Not known,Male,NA,16 - 20,Data missing or out of range,Undefined,-1,Data missing or out of range,Most deprived 10%,Urban area
20201378U1264,2020,1378U1264,1,Motorcycle over 125cc and up to 500cc,No tow/articulation,Going ahead other,North,South East,On main c'way - not in restricted lane,Not at or within 20 metres of junction,None,None,Did not leave carriageway,None,Front,No,Not known,Male,NA,46 - 55,NA,Petrol,2,Data missing or out of range,Most deprived 10%,Urban area
20201378U1264,2020,1378U1264,2,Car,No tow/articulation,Going ahead other,North,South East,On main c'way - not in restricted lane,Not at or within 20 metres of junction,None,None,Did not leave carriageway,None,Back,No,Not known,Male,NA,Over 75,NA,Heavy oil,2,NA,Less deprived 10-20%,Rural
20201378U1626,2020,1378U1626,1,Car,No tow/articulation,Going ahead other,East,West,On main c'way - not in restricted lane,Not at or within 20 metres of junction,None,None,Offside,None,Front,No,Not known,Male,Data missing or out of range,Data missing or out of range,NA,Heavy oil,16,NA,Data missing or out of range,Data missing or out of range
20201378V0168,2020,1378V0168,1,Car,No tow/articulation,Going ahead other,South West,North East,On main c'way - not in restricted lane,Not at or within 20 metres of junction,Skidded and overturned,Bollard or refuge,Offside,Wall or fence,Front,No,Not known,Male,NA,26 - 35,NA,Heavy oil,10,NA,Less deprived 20-30%,Rural
20201378V1081,2020,1378V1081,1,Car,No tow/articulation,Turning left,South East,South West,On main c'way - not in restricted lane,Entering main road,None,None,Did not leave carriageway,None,Front,No,Not known,Not known,Data missing or out of range,Data missing or out of range,Data missing or out of range,Undefined,-1,Data missing or out of range,Data missing or out of range,Data missing or out of range
20201378V1081,2020,1378V1081,2,Pedal cycle,No tow/articulation,Going ahead other,North East,South West,On main c'way - not in restricted lane,Mid Junction - on roundabout or on main road,None,None,Did not leave carriageway,None,Front,No,Not known,Male,NA,16 - 20,Data missing or out of range,Undefined,-1,Data missing or out of range,More deprived 10-20%,Urban area
2020137910436,2020,137910436,1,Car,No tow/articulation,Going ahead other,South East,North,On main c'way - not in restricted lane,Mid Junction - on roundabout or on main road,None,Bollard or refuge,Offside,Wall or fence,Front,No,Not known,Male,NA,26 - 35,NA,Petrol,0,NA,More deprived 30-40%,Urban area
2020137930611,2020,137930611,1,Van / Goods 3.5 tonnes mgw or under,No tow/articulation,Going ahead other,South East,North,On main c'way - not in restricted lane,Not at or within 20 metres of junction,None,None,Did not leave carriageway,None,Front,No,Not known,Male,Data missing or out of range,Data missing or out of range,NA,Heavy oil,6,NA,Data missing or out of range,Data missing or out of range
2020137930611,2020,137930611,2,Car,No tow/articulation,Going ahead other,South East,North,On main c'way - not in restricted lane,Not at or within 20 metres of junction,None,None,Did not leave carriageway,None,Back,No,Not known,Female,NA,56 - 65,NA,Petrol,14,NA,Less deprived 10-20%,Small town
2020137930891,2020,137930891,1,Car,No tow/articulation,Going ahead other,East,West,On main c'way - not in restricted lane,Mid Junction - on roundabout or on main road,None,None,Did not leave carriageway,None,Front,No,Not known,Male,Data missing or out of range,Data missing or out of range,NA,Petrol,15,NA,Data missing or out of range,Data missing or out of range
2020137930891,2020,137930891,2,Car,No tow/articulation,Waiting to go - held up,East,West,On main c'way - not in restricted lane,Approaching junction or waiting/parked at junction approach,None,None,Did not leave carriageway,None,Back,No,Not known,Female,NA,46 - 55,NA,Heavy oil,17,NA,More deprived 20-30%,Urban area
2020137931739,2020,137931739,1,Car,No tow/articulation,Moving off,West,North East,On main c'way - not in restricted lane,Cleared junction or waiting/parked at junction exit,None,None,Did not leave carriageway,None,Back,No,Not known,Male,NA,46 - 55,NA,Heavy oil,6,NA,Most deprived 10%,Urban area
2020137931739,2020,137931739,2,Car,No tow/articulation,Going ahead left-hand bend,West,North East,On main c'way - not in restricted lane,Approaching junction or waiting/parked at junction approach,None,None,Did not leave carriageway,None,Front,No,Not known,Male,NA,26 - 35,NA,Petrol,7,NA,More deprived 10-20%,Urban area
2020137940944,2020,137940944,1,Car,No tow/articulation,Going ahead other,East,West,On main c'way - not in restricted lane,Entering main road,None,None,Did not leave carriageway,None,Front,No,Commuting to/from work,Female,NA,Over 75,NA,Petrol,12,NA,Least deprived 10%,Urban area
2020137940944,2020,137940944,2,Car,No tow/articulation,Going ahead other,North,South East,On main c'way - not in restricted lane,Mid Junction - on roundabout or on main road,Skidded and overturned,None,Did not leave carriageway,None,Nearside,No,Not known,Female,NA,56 - 65,NA,Heavy oil,7,NA,Less deprived 20-30%,Urban area
2020137950417,2020,137950417,1,Car,No tow/articulation,Turning left,North,East,On main c'way - not in restricted lane,Entering roundabout,None,None,Did not leave carriageway,None,Front,No,Journey as part of work,Male,NA,46 - 55,NA,Hybrid electric,6,NA,Most deprived 10%,Urban area
2020137950417,2020,137950417,2,Car,No tow/articulation,Turning left,West,East,On main c'way - not in restricted lane,Leaving roundabout,Overturned,None,Did not leave carriageway,None,Nearside,No,Commuting to/from work,Male,NA,26 - 35,Data missing or out of range,Undefined,-1,Data missing or out of range,Less deprived 10-20%,Urban area
2020137951926,2020,137951926,1,Car,No tow/articulation,Going ahead other,North,South East,On main c'way - not in restricted lane,Not at or within 20 metres of junction,Overturned,None,Offside on to centrl res + rebounded,Central crash barrier,Offside,Yes,Not known,Male,NA,16 - 20,NA,Petrol,16,NA,Data missing or out of range,Data missing or out of range
2020137960842,2020,137960842,1,Car,No tow/articulation,Turning right,South West,South East,On main c'way - not in restricted lane,Mid Junction - on roundabout or on main road,None,None,Did not leave carriageway,None,Offside,No,Journey as part of work,Male,NA,46 - 55,NA,Hybrid electric,7,NA,Data missing or out of range,Data missing or out of range
2020137960842,2020,137960842,2,Motorcycle 125cc and under,No tow/articulation,Slowing or stopping,South East,North West,On main c'way - not in restricted lane,Approaching junction or waiting/parked at junction approach,None,None,Did not leave carriageway,None,Offside,No,Not known,Male,NA,16 - 20,NA,Petrol,1,NA,Most deprived 10%,Urban area
2020137961021,2020,137961021,1,Agricultural vehicle,No tow/articulation,Going ahead other,North,South East,On main c'way - not in restricted lane,Not at or within 20 metres of junction,None,None,Did not leave carriageway,None,Front,No,Not known,Male,Data missing or out of range,Data missing or out of range,Data missing or out of range,Undefined,-1,Data missing or out of range,Data missing or out of range,Data missing or out of range
2020137961021,2020,137961021,2,Mobility scooter,No tow/articulation,Going ahead other,East,West,On main c'way - not in restricted lane,Not at or within 20 metres of junction,None,None,Did not leave carriageway,None,Offside,No,Not known,Female,NA,56 - 65,Data missing or out of range,Undefined,-1,Data missing or out of range,Data missing or out of range,Data missing or out of range
2020137961467,2020,137961467,1,Car,No tow/articulation,Turning left,West,North,On main c'way - not in restricted lane,Mid Junction - on roundabout or on main road,None,None,Did not leave carriageway,None,Nearside,No,Not known,Female,NA,66 - 75,NA,Petrol,8,NA,Most deprived 10%,Urban area
2020137961467,2020,137961467,2,Pedal cycle,No tow/articulation,Going ahead other,West,East,On main c'way - not in restricted lane,Mid Junction - on roundabout or on main road,None,None,Did not leave carriageway,None,Front,No,Not known,Male,NA,36 - 45,Data missing or out of range,Undefined,-1,Data missing or out of range,Most deprived 10%,Urban area
2020137971098,2020,137971098,1,Car,No tow/articulation,Moving off,South East,North West,On main c'way - not in restricted lane,Not at or within 20 metres of junction,None,None,Did not leave carriageway,None,Front,No,Not known,Not known,Data missing or out of range,Data missing or out of range,Data missing or out of range,Undefined,-1,Data missing or out of range,Data missing or out of range,Data missing or out of range
2020137971189,2020,137971189,1,Van / Goods 3.5 tonnes mgw or under,No tow/articulation,Going ahead other,West,East,On main c'way - not in restricted lane,Cleared junction or waiting/parked at junction exit,None,None,Did not leave carriageway,None,Front,No,Journey as part of work,Male,NA,26 - 35,NA,Heavy oil,4,NA,Most deprived 10%,Urban area
2020137971189,2020,137971189,2,Car,No tow/articulation,Parked,Parked,Parked,On main c'way - not in restricted lane,Cleared junction or waiting/parked at junction exit,None,None,Did not leave carriageway,None,Back,No,Journey as part of work,Male,NA,46 - 55,NA,Heavy oil,6,NA,Most deprived 10%,Urban area
2020137971436,2020,137971436,1,Car,No tow/articulation,Turning left,South East,West,On main c'way - not in restricted lane,Mid Junction - on roundabout or on main road,None,None,Did not leave carriageway,None,Front,No,Not known,Male,NA,21 - 25,NA,Heavy oil,5,NA,Less deprived 10-20%,Small town
2020137971436,2020,137971436,2,Motorcycle 50cc and under,No tow/articulation,Turning left,South East,West,On main c'way - not in restricted lane,Mid Junction - on roundabout or on main road,None,None,Did not leave carriageway,None,Front,No,Not known,Male,NA,46 - 55,NA,Petrol,4,NA,More deprived 20-30%,Urban area
2020137971983,2020,137971983,1,Car,No tow/articulation,Turning left,North,South East,On main c'way - not in restricted lane,Not at or within 20 metres of junction,None,None,Did not leave carriageway,Other permanent object,Front,No,Not known,Male,NA,21 - 25,NA,Petrol,1,NA,More deprived 10-20%,Urban area
20201379A0352,2020,1379A0352,1,Car,No tow/articulation,Going ahead other,South West,North East,On main c'way - not in restricted lane,Cleared junction or waiting/parked at junction exit,None,None,Did not leave carriageway,None,Nearside,No,Not known,Female,NA,26 - 35,NA,Heavy oil,12,NA,Most deprived 10%,Urban area
20201379A1353,2020,1379A1353,1,Car,No tow/articulation,Turning right,East,North,On main c'way - not in restricted lane,Leaving main road,None,None,Did not leave carriageway,None,Back,No,Not known,Female,NA,26 - 35,NA,Petrol,13,NA,More deprived 20-30%,Urban area
20201379A1353,2020,1379A1353,2,Pedal cycle,No tow/articulation,Going ahead other,West,East,On main c'way - not in restricted lane,Mid Junction - on roundabout or on main road,None,None,Did not leave carriageway,None,Front,No,Not known,Male,NA,26 - 35,Data missing or out of range,Undefined,-1,Data missing or out of range,Most deprived 10%,Urban area
20201379A1407,2020,1379A1407,1,Car,No tow/articulation,Going ahead other,South East,North,On main c'way - not in restricted lane,Not at or within 20 metres of junction,None,None,Did not leave carriageway,None,Offside,No,Not known,Female,NA,21 - 25,NA,Heavy oil,16,NA,Most deprived 10%,Urban area
20201379A1407,2020,1379A1407,2,Car,No tow/articulation,Going ahead other,South East,North,On main c'way - not in restricted lane,Not at or within 20 metres of junction,None,None,Did not leave carriageway,None,Nearside,No,Not known,Female,NA,46 - 55,Data missing or out of range,Undefined,-1,Data missing or out of range,More deprived 10-20%,Urban area
20201379A1469,2020,1379A1469,1,Car,No tow/articulation,Turning left,South East,West,On main c'way - not in restricted lane,Mid Junction - on roundabout or on main road,None,None,Did not leave carriageway,None,Front,No,Not known,Female,NA,26 - 35,NA,Heavy oil,8,NA,More deprived 10-20%,Urban area
20201379A1469,2020,1379A1469,2,Car,No tow/articulation,Going ahead other,North,South East,On main c'way - not in restricted lane,Entering roundabout,None,None,Did not leave carriageway,None,Nearside,No,Not known,Male,NA,26 - 35,NA,Heavy oil,8,NA,More deprived 30-40%,Urban area
20201379B0367,2020,1379B0367,1,Van / Goods 3.5 tonnes mgw or under,No tow/articulation,Going ahead other,West,East,On main c'way - not in restricted lane,Cleared junction or waiting/parked at junction exit,None,None,Did not leave carriageway,None,Front,No,Not known,Male,NA,26 - 35,NA,Heavy oil,8,NA,Less deprived 40-50%,Urban area
20201379B0367,2020,1379B0367,2,Pedal cycle,No tow/articulation,Turning right,West,East,On main c'way - not in restricted lane,Cleared junction or waiting/parked at junction exit,None,None,Did not leave carriageway,None,Offside,No,Journey as part of work,Male,NA,21 - 25,Data missing or out of range,Undefined,-1,Data missing or out of range,Most deprived 10%,Urban area
20201379B0494,2020,1379B0494,1,Car,No tow/articulation,Reversing,North,South East,On main c'way - not in restricted lane,Not at or within 20 metres of junction,None,None,Did not leave carriageway,None,Back,No,Journey as part of work,Female,NA,36 - 45,NA,Petrol,15,NA,More deprived 30-40%,Small town
20201379B0494,2020,1379B0494,2,Pedal cycle,No tow/articulation,Going ahead other,South East,North,On main c'way - not in restricted lane,Not at or within 20 metres of junction,None,None,Did not leave carriageway,None,Front,No,Journey as part of work,Male,NA,6 - 10,Data missing or out of range,Undefined,-1,Data missing or out of range,Less deprived 40-50%,Small town
20201379B0813,2020,1379B0813,1,Car,No tow/articulation,Turning right,West,South East,On main c'way - not in restricted lane,Mid Junction - on roundabout or on main road,None,None,Did not leave carriageway,None,Nearside,No,Not known,Male,NA,26 - 35,NA,Heavy oil,17,NA,Less deprived 20-30%,Urban area
20201379B0813,2020,1379B0813,2,Car,No tow/articulation,Going ahead other,East,West,On main c'way - not in restricted lane,Mid Junction - on roundabout or on main road,None,None,Did not leave carriageway,None,Front,No,Not known,Female,NA,26 - 35,NA,Heavy oil,13,NA,Most deprived 10%,Urban area
20201379B0852,2020,1379B0852,1,Car,No tow/articulation,Going ahead other,North,South East,On main c'way - not in restricted lane,Not at or within 20 metres of junction,None,None,Did not leave carriageway,None,Did not impact,No,Taking pupil to/from school,Female,NA,26 - 35,NA,Heavy oil,10,NA,More deprived 10-20%,Urban area
20201379B1439,2020,1379B1439,1,Car,No tow/articulation,Turning right,South East,North East,On main c'way - not in restricted lane,Entering main road,None,None,Did not leave carriageway,None,Nearside,No,Not known,Female,NA,36 - 45,NA,Heavy oil,9,NA,More deprived 30-40%,Urban area
20201379B1439,2020,1379B1439,2,Car,No tow/articulation,Going ahead other,North East,South West,On main c'way - not in restricted lane,Mid Junction - on roundabout or on main road,None,None,Did not leave carriageway,None,Offside,No,Not known,Female,NA,26 - 35,NA,Heavy oil,8,NA,Most deprived 10%,Urban area
20201379D2092,2020,1379D2092,1,Car,No tow/articulation,Going ahead other,West,East,On main c'way - not in restricted lane,Not at or within 20 metres of junction,None,None,Nearside and rebounded,Road sign or traffic signal,Front,No,Not known,Male,NA,26 - 35,NA,Heavy oil,14,NA,Most deprived 10%,Urban area
20201379E0309,2020,1379E0309,1,Car,No tow/articulation,Going ahead other,North,South West,On main c'way - not in restricted lane,Not at or within 20 metres of junction,None,None,Did not leave carriageway,None,Nearside,No,Not known,Male,NA,21 - 25,NA,Petrol,0,NA,Most deprived 10%,Urban area
20201379E0309,2020,1379E0309,2,Pedal cycle,No tow/articulation,Going ahead other,North,South West,On main c'way - not in restricted lane,Not at or within 20 metres of junction,None,None,Did not leave carriageway,None,Offside,No,Not known,Male,NA,46 - 55,Data missing or out of range,Undefined,-1,Data missing or out of range,Data missing or out of range,Data missing or out of range
20201379E0348,2020,1379E0348,1,Car,No tow/articulation,Overtaking moving vehicle - offside,South East,North,On main c'way - not in restricted lane,Approaching junction or waiting/parked at junction approach,Skidded,None,Did not leave carriageway,None,Nearside,No,Taking pupil to/from school,Female,NA,26 - 35,NA,Petrol,15,NA,Most deprived 10%,Urban area
20201379E1240,2020,1379E1240,1,Car,No tow/articulation,Turning right,West,South East,On main c'way - not in restricted lane,Mid Junction - on roundabout or on main road,None,None,Did not leave carriageway,None,Offside,No,Not known,Male,NA,56 - 65,NA,Heavy oil,9,NA,Less deprived 10-20%,Urban area
20201379E1240,2020,1379E1240,2,Pedal cycle,No tow/articulation,Going ahead other,South East,North,On main c'way - not in restricted lane,Mid Junction - on roundabout or on main road,None,None,Did not leave carriageway,None,Front,No,Not known,Male,NA,26 - 35,Data missing or out of range,Undefined,-1,Data missing or out of range,Least deprived 10%,Urban area
20201379G0252,2020,1379G0252,1,Car,No tow/articulation,Turning right,West,South East,On main c'way - not in restricted lane,Not at or within 20 metres of junction,None,None,Did not leave carriageway,None,Nearside,No,Commuting to/from work,Male,NA,21 - 25,NA,Heavy oil,11,NA,More deprived 40-50%,Urban area
20201379G0252,2020,1379G0252,2,Motorcycle 125cc and under,No tow/articulation,Going ahead other,East,West,On main c'way - not in restricted lane,Not at or within 20 metres of junction,None,None,Did not leave carriageway,None,Front,No,Commuting to/from work,Male,NA,56 - 65,NA,Petrol,4,NA,Most deprived 10%,Urban area
20201379G0283,2020,1379G0283,1,Car,No tow/articulation,Going ahead right-hand bend,North East,West,On main c'way - not in restricted lane,Mid Junction - on roundabout or on main road,None,None,Nearside,Wall or fence,Offside,No,Commuting to/from work,Female,NA,21 - 25,NA,Petrol,10,NA,More deprived 20-30%,Urban area
20201379G0528,2020,1379G0528,1,Car,No tow/articulation,Going ahead other,West,South East,On main c'way - not in restricted lane,Not at or within 20 metres of junction,None,None,Did not leave carriageway,None,Front,No,Not known,Not known,Data missing or out of range,Data missing or out of range,Data missing or out of range,Undefined,-1,Data missing or out of range,Data missing or out of range,Data missing or out of range
20201379G1209,2020,1379G1209,1,Car,No tow/articulation,Going ahead other,North East,South West,On main c'way - not in restricted lane,Approaching junction or waiting/parked at junction approach,None,None,Did not leave carriageway,None,Offside,No,Journey as part of work,Male,NA,36 - 45,NA,Heavy oil,16,NA,Most deprived 10%,Urban area
20201379H1546,2020,1379H1546,1,Car,No tow/articulation,Turning right,East,North,On main c'way - not in restricted lane,Entering main road,None,None,Did not leave carriageway,None,Front,No,Commuting to/from work,Male,NA,46 - 55,NA,Heavy oil,6,NA,More deprived 20-30%,Urban area
20201379H1546,2020,1379H1546,2,Pedal cycle,No tow/articulation,Going ahead other,West,East,On main c'way - not in restricted lane,Mid Junction - on roundabout or on main road,None,None,Did not leave carriageway,None,Front,No,Commuting to/from work,Male,NA,26 - 35,Data missing or out of range,Undefined,-1,Data missing or out of range,Less deprived 40-50%,Urban area
20201379I0844,2020,1379I0844,1,Car,No tow/articulation,Going ahead other,North,South East,On main c'way - not in restricted lane,Not at or within 20 metres of junction,None,None,Did not leave carriageway,None,Front,No,Not known,Female,NA,26 - 35,NA,Petrol,17,NA,More deprived 40-50%,Urban area
20201379I0844,2020,1379I0844,2,Car,No tow/articulation,Going ahead other,South East,North,On main c'way - not in restricted lane,Not at or within 20 metres of junction,None,None,Did not leave carriageway,None,Front,No,Not known,Male,NA,16 - 20,Data missing or out of range,Undefined,-1,Data missing or out of range,More deprived 20-30%,Urban area
20201379J0130,2020,1379J0130,1,Car,No tow/articulation,Going ahead other,East,West,On main c'way - not in restricted lane,Approaching junction or waiting/parked at junction approach,None,None,Did not leave carriageway,None,Front,No,Not known,Male,NA,36 - 45,NA,Petrol,17,NA,Most deprived 10%,Urban area
20201379J0130,2020,1379J0130,2,Taxi/Private hire car,No tow/articulation,U-turn,East,North,On main c'way - not in restricted lane,Approaching junction or waiting/parked at junction approach,None,None,Did not leave carriageway,None,Offside,No,Journey as part of work,Male,NA,36 - 45,NA,Heavy oil,6,Data missing or out of range,More deprived 20-30%,Urban area
20201379J0803,2020,1379J0803,1,Car,No tow/articulation,Going ahead other,North,East,On main c'way - not in restricted lane,Entering roundabout,None,None,Did not leave carriageway,None,Front,No,Not known,Male,NA,26 - 35,Data missing or out of range,Undefined,-1,Data missing or out of range,More deprived 20-30%,Urban area
20201379J0803,2020,1379J0803,2,Car,No tow/articulation,Going ahead other,South West,North East,On main c'way - not in restricted lane,Mid Junction - on roundabout or on main road,None,None,Did not leave carriageway,None,Nearside,No,Not known,Male,NA,56 - 65,NA,Petrol,2,NA,More deprived 10-20%,Urban area
20201379K0164,2020,1379K0164,1,Car,No tow/articulation,Going ahead left-hand bend,North West,South East,On main c'way - not in restricted lane,Approaching junction or waiting/parked at junction approach,Skidded,None,Offside,Other permanent object,Front,No,Not known,Not known,Data missing or out of range,Data missing or out of range,NA,Heavy oil,10,NA,Data missing or out of range,Data missing or out of range