accident_index,accident_year,accident_reference,vehicle_reference,vehicle_type,towing_and_articulation,vehicle_manoeuvre,vehicle_direction_from,vehicle_direction_to,vehicle_location_restricted_lane,junction_location,skidding_and_overturning,hit_object_in_carriageway,vehicle_leaving_carriageway,hit_object_off_carriageway,first_point_of_impact,vehicle_left_hand_drive,journey_purpose_of_driver,sex_of_driver,age_of_driver,age_band_of_driver,engine_capacity_cc,propulsion_code,age_of_vehicle,generic_make_model,driver_imd_decile,driver_home_area_type
20201379K0164,2020,1379K0164,2,Car,No tow/articulation,Parked,Parked,Parked,Footway (pavement),Mid Junction - on roundabout or on main road,None,None,Did not leave carriageway,None,Nearside,No,Not known,Not known,Data missing or out of range,Data missing or out of range,NA,Petrol,6,NA,Data missing or out of range,Data missing or out of range
20201379K1374,2020,1379K1374,1,Car,No tow/articulation,Going ahead other,West,North East,On main c'way - not in restricted lane,Not at or within 20 metres of junction,None,None,Did not leave carriageway,None,Front,No,Not known,Male,NA,16 - 20,NA,Petrol,15,NA,More deprived 20-30%,Urban area
20201379K1374,2020,1379K1374,2,Car,No tow/articulation,Going ahead other,East,West,On main c'way - not in restricted lane,Not at or within 20 metres of junction,None,None,Did not leave carriageway,None,Offside,No,Not known,Female,NA,36 - 45,NA,Petrol,0,NA,More deprived 20-30%,Urban area
20201379K1374,2020,1379K1374,3,Car,No tow/articulation,Going ahead other,North East,West,On main c'way - not in restricted lane,Not at or within 20 metres of junction,None,None,Did not leave carriageway,None,Nearside,No,Not known,Female,NA,46 - 55,NA,Heavy oil,9,NA,More deprived 20-30%,Urban area
20201379K1388,2020,1379K1388,1,Car,No tow/articulation,Turning right,East,West,On main c'way - not in restricted lane,Leaving main road,None,None,Did not leave carriageway,None,Front,No,Not known,Female,NA,26 - 35,NA,Petrol,6,NA,Data missing or out of range,Data missing or out of range
20201379K1388,2020,1379K1388,2,Car,No tow/articulation,Going ahead other,North,South East,On main c'way - not in restricted lane,Approaching junction or waiting/parked at junction approach,None,None,Did not leave carriageway,None,Front,No,Not known,Male,NA,66 - 75,NA,Heavy oil,5,NA,Data missing or out of range,Data missing or out of range
20201379L0540,2020,1379L0540,1,Car,No tow/articulation,Slowing or stopping,South East,North,On main c'way - not in restricted lane,Approaching junction or waiting/parked at junction approach,None,None,Did not leave carriageway,None,Front,No,Not known,Female,NA,26 - 35,NA,Heavy oil,15,NA,More deprived 10-20%,Urban area
20201379L0540,2020,1379L0540,2,Car,No tow/articulation,Waiting to go - held up,South East,North,On main c'way - not in restricted lane,Approaching junction or waiting/parked at junction approach,None,None,Did not leave carriageway,None,Back,No,Not known,Female,NA,56 - 65,NA,Petrol,9,NA,Less deprived 40-50%,Urban area
20201379L1027,2020,1379L1027,1,Car,No tow/articulation,Going ahead other,South East,North,On main c'way - not in restricted lane,Approaching junction or waiting/parked at junction approach,None,None,Did not leave carriageway,None,Nearside,No,Not known,Female,NA,26 - 35,NA,Heavy oil,9,NA,Less deprived 30-40%,Urban area
20201379L1027,2020,1379L1027,2,Car,No tow/articulation,Going ahead other,East,West,On main c'way - not in restricted lane,Approaching junction or waiting/parked at junction approach,None,None,Did not leave carriageway,None,Front,No,Not known,Male,NA,56 - 65,NA,Heavy oil,12,NA,Most deprived 10%,Urban area
20201379L1763,2020,1379L1763,1,Car,No tow/articulation,Going ahead other,North,South East,On main c'way - not in restricted lane,Leaving roundabout,None,None,Did not leave carriageway,None,Front,No,Not known,Male,NA,Over 75,NA,Heavy oil,5,NA,Less deprived 20-30%,Urban area
20201379L1763,2020,1379L1763,2,Pedal cycle,No tow/articulation,Going ahead other,East,West,On main c'way - not in restricted lane,Mid Junction - on roundabout or on main road,None,None,Did not leave carriageway,None,Offside,No,Not known,Male,NA,36 - 45,Data missing or out of range,Undefined,-1,Data missing or out of range,Less deprived 30-40%,Urban area
20201379L1885,2020,1379L1885,1,Car,No tow/articulation,Going ahead right-hand bend,South East,North West,Footway (pavement),Leaving main road,Skidded,None,Nearside,None,Front,No,Not known,Male,NA,21 - 25,NA,Petrol,10,NA,More deprived 10-20%,Urban area
20201379M0957,2020,1379M0957,1,Car,No tow/articulation,Going ahead other,North East,South West,On main c'way - not in restricted lane,Not at or within 20 metres of junction,None,None,Did not leave carriageway,None,Front,No,Not known,Not known,Data missing or out of range,Data missing or out of range,Data missing or out of range,Undefined,-1,Data missing or out of range,Data missing or out of range,Data missing or out of range
20201379M1126,2020,1379M1126,1,Car,No tow/articulation,Going ahead other,East,West,On main c'way - not in restricted lane,Mid Junction - on roundabout or on main road,None,None,Did not leave carriageway,None,Front,No,Not known,Male,NA,36 - 45,Data missing or out of range,Undefined,-1,Data missing or out of range,Less deprived 10-20%,Small town
20201379M1126,2020,1379M1126,2,Car,No tow/articulation,Turning right,West,East,On main c'way - not in restricted lane,Mid Junction - on roundabout or on main road,None,None,Did not leave carriageway,None,Front,No,Not known,Male,NA,26 - 35,NA,Heavy oil,16,NA,Most deprived 10%,Urban area
20201379M1518,2020,1379M1518,1,Pedal cycle,No tow/articulation,Going ahead other,North,South East,On main c'way - not in restricted lane,Not at or within 20 metres of junction,None,Parked vehicle,Did not leave carriageway,None,Front,No,Not known,Male,NA,26 - 35,Data missing or out of range,Undefined,-1,Data missing or out of range,Most deprived 10%,Urban area
20201379M1518,2020,1379M1518,2,Car,No tow/articulation,Parked,Parked,Parked,On main c'way - not in restricted lane,Not at or within 20 metres of junction,None,None,Did not leave carriageway,None,Back,No,Not known,Not known,Data missing or out of range,Data missing or out of range,NA,Petrol,9,NA,More deprived 30-40%,Urban area
20201379N1299,2020,1379N1299,1,Car,No tow/articulation,Turning right,North West,South West,On main c'way - not in restricted lane,Entering main road,None,None,Did not leave carriageway,None,Front,No,Not known,Male,NA,16 - 20,NA,Heavy oil,10,NA,Data missing or out of range,Data missing or out of range
20201379N1299,2020,1379N1299,2,Car,No tow/articulation,Going ahead other,North East,South West,On main c'way - not in restricted lane,Mid Junction - on roundabout or on main road,None,None,Did not leave carriageway,None,Front,No,Not known,Female,NA,16 - 20,NA,Heavy oil,6,NA,Less deprived 10-20%,Urban area
20201379N1437,2020,1379N1437,1,Car,No tow/articulation,Going ahead other,South West,North East,On main c'way - not in restricted lane,Not at or within 20 metres of junction,None,None,Did not leave carriageway,None,Front,No,Not known,Male,Data missing or out of range,Data missing or out of range,Data missing or out of range,Undefined,-1,Data missing or out of range,Data missing or out of range,Data missing or out of range
20201379N1589,2020,1379N1589,1,Car,No tow/articulation,Going ahead right-hand bend,North West,South East,On main c'way - not in restricted lane,Mid Junction - on roundabout or on main road,None,None,Did not leave carriageway,None,Front,No,Not known,Male,NA,36 - 45,NA,Heavy oil,5,NA,Most deprived 10%,Urban area
20201379N1589,2020,1379N1589,2,Car,No tow/articulation,Going ahead right-hand bend,North West,South East,On main c'way - not in restricted lane,Mid Junction - on roundabout or on main road,None,None,Did not leave carriageway,None,Front,No,Not known,Male,NA,36 - 45,NA,Heavy oil,5,NA,Most deprived 10%,Urban area
20201379N1908,2020,1379N1908,1,Car,No tow/articulation,Going ahead other,South East,North,On main c'way - not in restricted lane,Mid Junction - on roundabout or on main road,None,None,Did not leave carriageway,None,Front,No,Not known,Not known,Data missing or out of range,Data missing or out of range,Data missing or out of range,Undefined,-1,Data missing or out of range,Data missing or out of range,Data missing or out of range
20201379N1908,2020,1379N1908,2,Car,No tow/articulation,Going ahead other,East,West,On main c'way - not in restricted lane,Mid Junction - on roundabout or on main road,None,None,Did not leave carriageway,None,Offside,No,Journey as part of work,Male,NA,26 - 35,NA,Petrol,15,NA,Most deprived 10%,Urban area
20201379O0856,2020,1379O0856,1,Car,No tow/articulation,Slowing or stopping,North East,South West,On main c'way - not in restricted lane,Not at or within 20 metres of junction,None,None,Did not leave carriageway,None,Front,No,Not known,Not known,Data missing or out of range,Data missing or out of range,NA,Petrol,20,NA,Data missing or out of range,Data missing or out of range
20201379O0856,2020,1379O0856,2,Car,No tow/articulation,Slowing or stopping,North East,South West,On main c'way - not in restricted lane,Not at or within 20 metres of junction,None,None,Did not leave carriageway,None,Back,No,Not known,Female,NA,36 - 45,NA,Heavy oil,1,NA,Less deprived 30-40%,Urban area
20201379P1085,2020,1379P1085,1,Car,No tow/articulation,Going ahead other,West,North East,On main c'way - not in restricted lane,Mid Junction - on roundabout or on main road,None,None,Did not leave carriageway,None,Front,No,Commuting to/from work,Female,NA,46 - 55,NA,Petrol,20,NA,More deprived 20-30%,Urban area
20201379P1085,2020,1379P1085,2,Car,No tow/articulation,Going ahead other,West,North East,On main c'way - not in restricted lane,Mid Junction - on roundabout or on main road,None,None,Did not leave carriageway,None,Back,No,Not known,Male,NA,16 - 20,NA,Petrol,11,NA,More deprived 20-30%,Urban area
20201379Q1255,2020,1379Q1255,1,Car,No tow/articulation,Going ahead other,West,South East,On main c'way - not in restricted lane,Not at or within 20 metres of junction,None,None,Did not leave carriageway,None,Back,No,Not known,Not known,Data missing or out of range,Data missing or out of range,Data missing or out of range,Undefined,-1,Data missing or out of range,Data missing or out of range,Data missing or out of range
20201379Q1255,2020,1379Q1255,2,Car,No tow/articulation,Parked,Parked,Parked,On main c'way - not in restricted lane,Not at or within 20 metres of junction,None,None,Did not leave carriageway,None,Offside,No,Not known,Female,NA,36 - 45,NA,Heavy oil,6,NA,Data missing or out of range,Data missing or out of range
20201379R0678,2020,1379R0678,1,Car,No tow/articulation,Going ahead other,South East,North,On main c'way - not in restricted lane,Not at or within 20 metres of junction,None,None,Did not leave carriageway,None,Front,No,Not known,Male,NA,36 - 45,NA,Heavy oil,15,NA,Most deprived 10%,Urban area
20201379R0678,2020,1379R0678,2,Car,No tow/articulation,Going ahead other,South East,North,On main c'way - not in restricted lane,Not at or within 20 metres of junction,None,None,Did not leave carriageway,None,Back,No,Not known,Female,NA,46 - 55,NA,Petrol,13,NA,More deprived 20-30%,Urban area
20201379R1257,2020,1379R1257,1,Motorcycle - unknown cc,No tow/articulation,Going ahead other,South East,North,On main c'way - not in restricted lane,Not at or within 20 metres of junction,None,None,Did not leave carriageway,None,Front,No,Not known,Male,NA,26 - 35,Data missing or out of range,Undefined,-1,Data missing or out of range,Most deprived 10%,Urban area
20201379R1257,2020,1379R1257,2,Car,No tow/articulation,Turning left,West,East,On main c'way - not in restricted lane,Not at or within 20 metres of junction,None,None,Did not leave carriageway,None,Front,No,Not known,Female,NA,36 - 45,NA,Petrol,20,NA,Most deprived 10%,Urban area
20201379R1257,2020,1379R1257,3,Car,No tow/articulation,Parked,Parked,Parked,On main c'way - not in restricted lane,Not at or within 20 metres of junction,None,None,Did not leave carriageway,None,Back,No,Not known,Male,NA,36 - 45,NA,Petrol,5,NA,Most deprived 10%,Urban area
20201379S0220,2020,1379S0220,1,Car,No tow/articulation,Going ahead other,North East,South West,On main c'way - not in restricted lane,Entering from slip road,None,None,Did not leave carriageway,None,Front,No,Journey as part of work,Male,NA,16 - 20,NA,Heavy oil,11,NA,Less deprived 10-20%,Rural
20201379S0220,2020,1379S0220,2,Van / Goods 3.5 tonnes mgw or under,No tow/articulation,Going ahead other,North East,South West,On main c'way - not in restricted lane,Entering from slip road,None,None,Did not leave carriageway,None,Back,No,Journey as part of work,Male,NA,46 - 55,NA,Heavy oil,10,NA,Less deprived 20-30%,Urban area
20201379S0220,2020,1379S0220,3,Car,No tow/articulation,Going ahead other,North East,South West,On main c'way - not in restricted lane,Approaching junction or waiting/parked at junction approach,None,None,Did not leave carriageway,None,Nearside,No,Journey as part of work,Male,NA,46 - 55,Data missing or out of range,Undefined,-1,Data missing or out of range,More deprived 40-50%,Urban area
20201379S0220,2020,1379S0220,4,Car,No tow/articulation,Going ahead other,North East,South West,On main c'way - not in restricted lane,Entering from slip road,None,None,Did not leave carriageway,None,Front,No,Journey as part of work,Male,NA,26 - 35,NA,Heavy oil,9,NA,Less deprived 40-50%,Urban area
20201379T0509,2020,1379T0509,1,Car,No tow/articulation,Going ahead other,South East,North West,On main c'way - not in restricted lane,Not at or within 20 metres of junction,None,None,Did not leave carriageway,None,Did not impact,No,Not known,Not known,Data missing or out of range,Data missing or out of range,Data missing or out of range,Undefined,-1,Data missing or out of range,Data missing or out of range,Data missing or out of range
20201379T0850,2020,1379T0850,1,Car,No tow/articulation,Turning right,South East,North West,On main c'way - not in restricted lane,Mid Junction - on roundabout or on main road,None,None,Did not leave carriageway,None,Nearside,No,Not known,Female,NA,16 - 20,NA,Heavy oil,6,NA,Most deprived 10%,Urban area
20201379T0850,2020,1379T0850,2,Car,No tow/articulation,Waiting to go - held up,West,South East,On main c'way - not in restricted lane,Mid Junction - on roundabout or on main road,None,None,Did not leave carriageway,None,Offside,No,Not known,Male,NA,21 - 25,NA,Petrol,6,Data missing or out of range,Less deprived 30-40%,Urban area
20201379T1178,2020,1379T1178,1,Car,No tow/articulation,Waiting to go - held up,West,East,On main c'way - not in restricted lane,Not at or within 20 metres of junction,None,None,Did not leave carriageway,None,Back,No,Not known,Male,NA,36 - 45,NA,Petrol,13,NA,More deprived 20-30%,Urban area
20201379T1178,2020,1379T1178,2,Pedal cycle,No tow/articulation,Going ahead other,West,East,On main c'way - not in restricted lane,Not at or within 20 metres of junction,Skidded and overturned,None,Did not leave carriageway,None,Front,No,Not known,Male,NA,46 - 55,Data missing or out of range,Undefined,-1,Data missing or out of range,Less deprived 20-30%,Urban area
20201379T1289,2020,1379T1289,1,Car,No tow/articulation,Turning right,North,West,On main c'way - not in restricted lane,Entering main road,None,None,Did not leave carriageway,None,Front,No,Not known,Male,NA,26 - 35,NA,Petrol,14,NA,More deprived 40-50%,Urban area
20201379T1289,2020,1379T1289,2,Car,No tow/articulation,Going ahead other,West,East,On main c'way - not in restricted lane,Mid Junction - on roundabout or on main road,None,None,Did not leave carriageway,None,Nearside,No,Not known,Female,NA,26 - 35,NA,Petrol,3,NA,More deprived 40-50%,Urban area
20201379T1289,2020,1379T1289,3,Car,No tow/articulation,Going ahead other,East,West,On main c'way - not in restricted lane,Mid Junction - on roundabout or on main road,None,None,Did not leave carriageway,None,Offside,No,Not known,Female,NA,21 - 25,NA,Petrol,15,NA,Most deprived 10%,Urban area
20201379U1044,2020,1379U1044,1,Car,No tow/articulation,Moving off,South East,West,On main c'way - not in restricted lane,Mid Junction - on roundabout or on main road,None,None,Did not leave carriageway,None,Front,No,Not known,Female,NA,26 - 35,NA,Petrol,15,NA,Most deprived 10%,Urban area
20201379U1044,2020,1379U1044,2,Van / Goods 3.5 tonnes mgw or under,No tow/articulation,Going ahead other,East,West,On main c'way - not in restricted lane,Mid Junction - on roundabout or on main road,None,None,Did not leave carriageway,None,Nearside,No,Not known,Male,NA,36 - 45,NA,Heavy oil,3,NA,Data missing or out of range,Data missing or out of range
20201379U1044,2020,1379U1044,3,Van / Goods 3.5 tonnes mgw or under,No tow/articulation,Going ahead other,North,South East,On main c'way - not in restricted lane,Cleared junction or waiting/parked at junction exit,None,None,Did not leave carriageway,None,Front,No,Not known,Male,NA,56 - 65,NA,Heavy oil,2,NA,Data missing or out of range,Data missing or out of range
20201379U1124,2020,1379U1124,1,Minibus (8 - 16 passenger seats),No tow/articulation,Going ahead other,North,South East,Footway (pavement),Not at or within 20 metres of junction,None,None,Did not leave carriageway,None,Nearside,No,Journey as part of work,Not known,Data missing or out of range,Data missing or out of range,Data missing or out of range,Undefined,-1,Data missing or out of range,Data missing or out of range,Data missing or out of range
20201379U1661,2020,1379U1661,1,Car,No tow/articulation,Going ahead other,North,South East,On main c'way - not in restricted lane,Mid Junction - on roundabout or on main road,None,None,Nearside,Wall or fence,Front,No,Not known,Not known,Data missing or out of range,Data missing or out of range,NA,Heavy oil,2,NA,Data missing or out of range,Data missing or out of range
20201379U1661,2020,1379U1661,2,Car,No tow/articulation,Going ahead other,East,West,On main c'way - not in restricted lane,Mid Junction - on roundabout or on main road,None,None,Did not leave carriageway,None,Front,No,Journey as part of work,Male,NA,36 - 45,NA,Heavy oil,6,NA,Data missing or out of range,Data missing or out of range
2020137A10928,2020,137A10928,1,Pedal cycle,No tow/articulation,Going ahead other,South West,North East,On main c'way - not in restricted lane,Mid Junction - on roundabout or on main road,None,None,Did not leave carriageway,None,Front,No,Journey as part of work,Male,NA,36 - 45,Data missing or out of range,Undefined,-1,Data missing or out of range,Data missing or out of range,Data missing or out of range
2020137A10928,2020,137A10928,2,Van / Goods 3.5 tonnes mgw or under,No tow/articulation,Going ahead other,North West,South East,On main c'way - not in restricted lane,Mid Junction - on roundabout or on main road,None,None,Did not leave carriageway,None,Offside,No,Journey as part of work,Male,NA,16 - 20,NA,Heavy oil,3,NA,More deprived 20-30%,Urban area
2020137A10957,2020,137A10957,1,Taxi/Private hire car,No tow/articulation,Going ahead other,East,West,On main c'way - not in restricted lane,Not at or within 20 metres of junction,None,None,Did not leave carriageway,None,Back,No,Not known,Male,Data missing or out of range,Data missing or out of range,NA,Hybrid electric,6,NA,Data missing or out of range,Data missing or out of range
2020137A10957,2020,137A10957,2,Car,No tow/articulation,Going ahead other,East,West,On main c'way - not in restricted lane,Not at or within 20 metres of junction,None,None,Did not leave carriageway,None,Front,No,Not known,Not known,Data missing or out of range,Data missing or out of range,Data missing or out of range,Undefined,-1,Data missing or out of range,Data missing or out of range,Data missing or out of range
2020137A11054,2020,137A11054,1,Goods 7.5 tonnes mgw and over,No tow/articulation,Going ahead other,South East,North,On main c'way - not in restricted lane,Not at or within 20 metres of junction,None,None,Did not leave carriageway,None,Front,No,Journey as part of work,Male,NA,26 - 35,NA,Heavy oil,6,NA,More deprived 10-20%,Urban area
2020137A11054,2020,137A11054,2,Pedal cycle,No tow/articulation,Going ahead other,West,East,On main c'way - not in restricted lane,Not at or within 20 metres of junction,None,None,Did not leave carriageway,None,Front,No,Not known,Female,NA,21 - 25,Data missing or out of range,Undefined,-1,Data missing or out of range,Most deprived 10%,Urban area
2020137A11696,2020,137A11696,1,Taxi/Private hire car,No tow/articulation,Going ahead other,South East,North West,On main c'way - not in restricted lane,Mid Junction - on roundabout or on main road,None,None,Did not leave carriageway,None,Front,No,Journey as part of work,Male,Data missing or out of range,Data missing or out of range,Data missing or out of range,Undefined,-1,Data missing or out of range,Less deprived 30-40%,Urban area
2020137A11696,2020,137A11696,2,Goods 7.5 tonnes mgw and over,No tow/articulation,Going ahead other,South East,North West,On main c'way - not in restricted lane,Mid Junction - on roundabout or on main road,None,None,Did not leave carriageway,None,Back,No,Not known,Male,Data missing or out of range,Data missing or out of range,Data missing or out of range,Undefined,-1,Data missing or out of range,Less deprived 30-40%,Urban area
2020137A20303,2020,137A20303,1,Car,No tow/articulation,Going ahead other,West,East,On main c'way - not in restricted lane,Not at or within 20 metres of junction,None,None,Did not leave carriageway,None,Front,No,Not known,Male,NA,36 - 45,NA,Hybrid electric,3,NA,Most deprived 10%,Urban area
2020137A21582,2020,137A21582,1,Car,No tow/articulation,Waiting to turn left,North West,South East,On main c'way - not in restricted lane,Not at or within 20 metres of junction,None,None,Did not leave carriageway,None,Offside,No,Not known,Male,NA,16 - 20,NA,Heavy oil,15,NA,More deprived 40-50%,Urban area
2020137A21582,2020,137A21582,2,Van / Goods 3.5 tonnes mgw or under,No tow/articulation,Going ahead other,North West,South East,On main c'way - not in restricted lane,Not at or within 20 metres of junction,None,None,Did not leave carriageway,None,Front,No,Not known,Male,NA,36 - 45,Data missing or out of range,Undefined,-1,Data missing or out of range,More deprived 40-50%,Urban area
2020137A22076,2020,137A22076,1,Car,No tow/articulation,Turning left,South East,North West,On main c'way - not in restricted lane,Entering main road,None,None,Did not leave carriageway,None,Front,No,Not known,Not known,Data missing or out of range,Data missing or out of range,Data missing or out of range,Undefined,-1,Data missing or out of range,Data missing or out of range,Data missing or out of range
2020137A22076,2020,137A22076,2,Motorcycle 125cc and under,No tow/articulation,Going ahead other,South West,North West,On main c'way - not in restricted lane,Mid Junction - on roundabout or on main road,None,None,Did not leave carriageway,None,Back,No,Not known,Male,NA,26 - 35,NA,Petrol,9,NA,More deprived 20-30%,Urban area
2020137A30869,2020,137A30869,1,Car,No tow/articulation,Waiting to go - held up,South East,West,On main c'way - not in restricted lane,Approaching junction or waiting/parked at junction approach,None,None,Did not leave carriageway,None,Front,No,Not known,Male,NA,26 - 35,NA,Heavy oil,13,NA,More deprived 40-50%,Urban area
2020137A30869,2020,137A30869,2,Car,No tow/articulation,Parked,South East,West,On main c'way - not in restricted lane,Approaching junction or waiting/parked at junction approach,None,None,Did not leave carriageway,None,Back,No,Not known,Female,NA,26 - 35,NA,Petrol,9,NA,Most deprived 10%,Urban area
2020137A31396,2020,137A31396,1,Car,No tow/articulation,Going ahead other,East,West,On main c'way - not in restricted lane,Not at or within 20 metres of junction,Skidded,None,Did not leave carriageway,None,Front,No,Not known,Female,NA,26 - 35,NA,Petrol,6,NA,Most deprived 10%,Urban area
2020137A31396,2020,137A31396,2,Car,No tow/articulation,Moving off,East,West,On main c'way - not in restricted lane,Not at or within 20 metres of junction,None,None,Did not leave carriageway,None,Offside,No,Not known,Female,NA,21 - 25,NA,Petrol,11,NA,Most deprived 10%,Urban area
2020137A31396,2020,137A31396,3,Car,No tow/articulation,Parked,Parked,Parked,On main c'way - not in restricted lane,Not at or within 20 metres of junction,None,None,Did not leave carriageway,None,Back,No,Not known,Not known,Data missing or out of range,Data missing or out of range,NA,Heavy oil,12,NA,More deprived 20-30%,Urban area
2020137A32040,2020,137A32040,1,Car,No tow/articulation,Overtaking moving vehicle - offside,West,East,On main c'way - not in restricted lane,Mid Junction - on roundabout or on main road,None,None,Did not leave carriageway,None,Front,No,Not known,Male,NA,16 - 20,NA,Heavy oil,10,NA,More deprived 30-40%,Urban area
2020137A32040,2020,137A32040,2,Car,No tow/articulation,Going ahead other,West,East,On main c'way - not in restricted lane,Approaching junction or waiting/parked at junction approach,None,None,Did not leave carriageway,None,Offside,No,Not known,Male,NA,26 - 35,NA,Petrol,8,NA,Data missing or out of range,Data missing or out of range
2020137A32040,2020,137A32040,3,Car,No tow/articulation,Going ahead other,East,West,On main c'way - not in restricted lane,Approaching junction or waiting/parked at junction approach,None,None,Did not leave carriageway,None,Offside,No,Not known,Male,NA,46 - 55,NA,Heavy oil,6,NA,Less deprived 30-40%,Urban area
2020137A32040,2020,137A32040,4,Car,No tow/articulation,Turning right,North,West,On main c'way - not in restricted lane,Entering main road,None,None,Did not leave carriageway,None,Front,No,Not known,Male,NA,36 - 45,NA,Petrol,13,NA,Most deprived 10%,Urban area
2020137A40453,2020,137A40453,1,Car,No tow/articulation,Turning right,North West,North East,On main c'way - not in restricted lane,Leaving main road,None,None,Did not leave carriageway,None,Front,No,Not known,Not known,Data missing or out of range,Data missing or out of range,NA,Petrol,13,NA,Data missing or out of range,Data missing or out of range
2020137A40453,2020,137A40453,2,Car,No tow/articulation,Turning left,North East,North West,On main c'way - not in restricted lane,Entering main road,None,None,Did not leave carriageway,None,Front,No,Not known,Female,NA,56 - 65,Data missing or out of range,Undefined,-1,Data missing or out of range,Most deprived 10%,Urban area
2020137A40592,2020,137A40592,1,Car,No tow/articulation,Parked,Parked,Parked,On main c'way - not in restricted lane,Not at or within 20 metres of junction,None,None,Did not leave carriageway,None,Offside,No,Not known,Male,NA,36 - 45,Data missing or out of range,Undefined,-1,Data missing or out of range,Least deprived 10%,Rural
2020137A40592,2020,137A40592,2,Pedal cycle,No tow/articulation,Overtaking static vehicle - offside,South East,North,On main c'way - not in restricted lane,Not at or within 20 metres of junction,Overturned,None,Did not leave carriageway,None,Nearside,No,Commuting to/from work,Female,NA,36 - 45,Data missing or out of range,Undefined,-1,Data missing or out of range,Less deprived 30-40%,Small town
2020137A40644,2020,137A40644,1,Car,No tow/articulation,Moving off,North,South East,On main c'way - not in restricted lane,Entering roundabout,None,None,Did not leave carriageway,None,Offside,No,Not known,Male,Data missing or out of range,Data missing or out of range,NA,Petrol,14,NA,Data missing or out of range,Data missing or out of range
2020137A40644,2020,137A40644,2,Pedal cycle,No tow/articulation,Going ahead other,West,East,On main c'way - not in restricted lane,Leaving roundabout,None,None,Did not leave carriageway,None,Front,No,Not known,Male,NA,21 - 25,Data missing or out of range,Undefined,-1,Data missing or out of range,More deprived 40-50%,Urban area
2020137A60551,2020,137A60551,1,Car,No tow/articulation,Turning right,South East,East,On main c'way - not in restricted lane,Mid Junction - on roundabout or on main road,None,None,Did not leave carriageway,None,Front,No,Not known,Male,NA,46 - 55,NA,Heavy oil,13,NA,Data missing or out of range,Data missing or out of range
2020137A60551,2020,137A60551,2,Taxi/Private hire car,No tow/articulation,Going ahead other,West,East,On main c'way - not in restricted lane,Approaching junction or waiting/parked at junction approach,None,None,Did not leave carriageway,None,Front,No,Not known,Male,NA,46 - 55,NA,Hybrid electric,7,NA,Data missing or out of range,Data missing or out of range
2020137A61418,2020,137A61418,1,Car,No tow/articulation,Turning right,North,South East,On main c'way - not in restricted lane,Mid Junction - on roundabout or on main road,None,None,Did not leave carriageway,None,Back,No,Not known,Male,NA,36 - 45,NA,Petrol,11,NA,Data missing or out of range,Data missing or out of range
2020137A61418,2020,137A61418,2,Car,No tow/articulation,Going ahead other,North,East,On main c'way - not in restricted lane,Approaching junction or waiting/parked at junction approach,None,None,Did not leave carriageway,None,Front,No,Not known,Male,NA,26 - 35,Data missing or out of range,Undefined,-1,Data missing or out of range,Data missing or out of range,Data missing or out of range
2020137A70188,2020,137A70188,1,Car,No tow/articulation,Going ahead other,West,East,On main c'way - not in restricted lane,Not at or within 20 metres of junction,None,None,Did not leave carriageway,None,Front,No,Not known,Male,NA,36 - 45,Data missing or out of range,Undefined,-1,Data missing or out of range,Data missing or out of range,Data missing or out of range
2020137A70188,2020,137A70188,2,Pedal cycle,No tow/articulation,Going ahead other,West,East,On main c'way - not in restricted lane,Not at or within 20 metres of junction,None,None,Did not leave carriageway,None,Offside,No,Not known,Male,NA,36 - 45,Data missing or out of range,Undefined,-1,Data missing or out of range,Data missing or out of range,Data missing or out of range
2020137A71212,2020,137A71212,1,Other vehicle,No tow/articulation,Going ahead left-hand bend,South West,North East,On main c'way - not in restricted lane,Leaving roundabout,Skidded,None,Did not leave carriageway,None,Front,No,Journey as part of work,Male,NA,21 - 25,Data missing or out of range,Undefined,-1,Data missing or out of range,Most deprived 10%,Urban area
2020137A71212,2020,137A71212,2,Car,No tow/articulation,Slowing or stopping,South West,North East,On main c'way - not in restricted lane,Cleared junction or waiting/parked at junction exit,None,None,Did not leave carriageway,None,Back,No,Commuting to/from work,Female,NA,26 - 35,NA,Heavy oil,11,NA,More deprived 40-50%,Urban area
2020137A71212,2020,137A71212,3,Car,No tow/articulation,Slowing or stopping,South West,North East,On main c'way - not in restricted lane,Cleared junction or waiting/parked at junction exit,None,None,Did not leave carriageway,None,Back,No,Not known,Female,NA,46 - 55,NA,Petrol,18,NA,More deprived 10-20%,Urban area
2020137A71212,2020,137A71212,4,Car,No tow/articulation,Slowing or stopping,South West,North East,On main c'way - not in restricted lane,Cleared junction or waiting/parked at junction exit,None,None,Did not leave carriageway,None,Back,No,Not known,Female,NA,46 - 55,NA,Petrol,8,NA,Least deprived 10%,Urban area
2020137A80664,2020,137A80664,1,Car,No tow/articulation,Going ahead other,North,South East,On main c'way - not in restricted lane,Approaching junction or waiting/parked at junction approach,None,None,Did not leave carriageway,None,Offside,No,Not known,Female,NA,21 - 25,NA,Petrol,3,NA,Most deprived 10%,Urban area