accident_index,accident_year,accident_reference,vehicle_reference,vehicle_type,towing_and_articulation,vehicle_manoeuvre,vehicle_direction_from,vehicle_direction_to,vehicle_location_restricted_lane,junction_location,skidding_and_overturning,hit_object_in_carriageway,vehicle_leaving_carriageway,hit_object_off_carriageway,first_point_of_impact,vehicle_left_hand_drive,journey_purpose_of_driver,sex_of_driver,age_of_driver,age_band_of_driver,engine_capacity_cc,propulsion_code,age_of_vehicle,generic_make_model,driver_imd_decile,driver_home_area_type
2020137A81358,2020,137A81358,1,Goods over 3.5t. and under 7.5t,No tow/articulation,Turning left,East,South East,On main c'way - not in restricted lane,Leaving main road,None,None,Did not leave carriageway,None,Back,No,Journey as part of work,Male,NA,46 - 55,NA,Heavy oil,2,NA,Most deprived 10%,Urban area
2020137A81358,2020,137A81358,2,Pedal cycle,No tow/articulation,Going ahead other,East,West,On main c'way - not in restricted lane,Mid Junction - on roundabout or on main road,Overturned,None,Did not leave carriageway,None,Front,No,Not known,Male,NA,16 - 20,Data missing or out of range,Undefined,-1,Data missing or out of range,More deprived 40-50%,Urban area
2020137A90183,2020,137A90183,1,Car,No tow/articulation,Turning left,North,West,On main c'way - not in restricted lane,Mid Junction - on roundabout or on main road,None,None,Did not leave carriageway,None,Front,No,Not known,Female,NA,46 - 55,NA,Petrol,2,NA,Less deprived 20-30%,Urban area
2020137A90183,2020,137A90183,2,Pedal cycle,No tow/articulation,Going ahead right-hand bend,South East,North,Cycle lane (on main carriageway),Mid Junction - on roundabout or on main road,None,None,Did not leave carriageway,None,Offside,No,Not known,Male,NA,26 - 35,Data missing or out of range,Undefined,-1,Data missing or out of range,Less deprived 20-30%,Urban area
2020137A91124,2020,137A91124,1,Car,No tow/articulation,Turning right,South East,North West,On main c'way - not in restricted lane,Leaving roundabout,None,None,Did not leave carriageway,None,Front,No,Journey as part of work,Not known,Data missing or out of range,Data missing or out of range,Data missing or out of range,Undefined,-1,Data missing or out of range,Data missing or out of range,Data missing or out of range
2020137A91632,2020,137A91632,1,Car,No tow/articulation,Going ahead left-hand bend,South East,North,On main c'way - not in restricted lane,Not at or within 20 metres of junction,Skidded,None,Did not leave carriageway,Wall or fence,Nearside,No,Not known,Male,NA,16 - 20,NA,Petrol,10,NA,Less deprived 40-50%,Small town
2020137A91783,2020,137A91783,1,Car,No tow/articulation,Going ahead other,East,West,On main c'way - not in restricted lane,Not at or within 20 metres of junction,None,None,Did not leave carriageway,None,Front,No,Not known,Not known,Data missing or out of range,Data missing or out of range,NA,Heavy oil,4,NA,Data missing or out of range,Data missing or out of range
2020137A91783,2020,137A91783,2,Car,No tow/articulation,Going ahead other,East,West,On main c'way - not in restricted lane,Not at or within 20 metres of junction,None,None,Did not leave carriageway,None,Back,No,Not known,Female,Data missing or out of range,Data missing or out of range,NA,Heavy oil,12,NA,More deprived 40-50%,Urban area
2020137AA0818,2020,137AA0818,1,Van / Goods 3.5 tonnes mgw or under,No tow/articulation,Going ahead other,South East,North West,On main c'way - not in restricted lane,Approaching junction or waiting/parked at junction approach,None,None,Did not leave carriageway,None,Nearside,No,Not known,Not known,Data missing or out of range,Data missing or out of range,NA,Heavy oil,13,NA,Data missing or out of range,Data missing or out of range
2020137AA0818,2020,137AA0818,2,Car,No tow/articulation,Going ahead other,South East,North West,On main c'way - not in restricted lane,Approaching junction or waiting/parked at junction approach,None,None,Did not leave carriageway,None,Offside,No,Not known,Female,NA,21 - 25,NA,Heavy oil,5,NA,Most deprived 10%,Urban area
2020137AA1411,2020,137AA1411,1,Car,No tow/articulation,Going ahead other,West,East,On main c'way - not in restricted lane,Mid Junction - on roundabout or on main road,None,None,Did not leave carriageway,None,Offside,No,Not known,Female,NA,26 - 35,NA,Heavy oil,5,NA,More deprived 20-30%,Urban area
2020137AA1411,2020,137AA1411,2,Pedal cycle,No tow/articulation,Going ahead other,North,South East,On main c'way - not in restricted lane,Mid Junction - on roundabout or on main road,None,None,Did not leave carriageway,None,Front,No,Not known,Male,NA,36 - 45,Data missing or out of range,Undefined,-1,Data missing or out of range,Less deprived 40-50%,Urban area
2020137AB0426,2020,137AB0426,1,Car,No tow/articulation,Going ahead other,West,East,On main c'way - not in restricted lane,Not at or within 20 metres of junction,None,None,Did not leave carriageway,None,Nearside,No,Not known,Not known,Data missing or out of range,Data missing or out of range,Data missing or out of range,Undefined,-1,Data missing or out of range,Data missing or out of range,Data missing or out of range
2020137AB0533,2020,137AB0533,1,Motorcycle over 500cc,No tow/articulation,Going ahead other,South East,North East,On main c'way - not in restricted lane,Not at or within 20 metres of junction,None,None,Offside,None,Front,No,Not known,Male,NA,66 - 75,NA,Petrol,1,NA,More deprived 30-40%,Urban area
2020137AB0533,2020,137AB0533,2,Van / Goods 3.5 tonnes mgw or under,No tow/articulation,Going ahead other,South East,North West,On main c'way - not in restricted lane,Not at or within 20 metres of junction,None,None,Did not leave carriageway,None,Back,No,Not known,Male,NA,26 - 35,NA,Heavy oil,14,NA,More deprived 10-20%,Urban area
2020137AB0974,2020,137AB0974,1,Car,No tow/articulation,Turning right,West,North East,On main c'way - not in restricted lane,Cleared junction or waiting/parked at junction exit,None,None,Did not leave carriageway,None,Did not impact,No,Not known,Not known,Data missing or out of range,Data missing or out of range,Data missing or out of range,Undefined,-1,Data missing or out of range,Data missing or out of range,Data missing or out of range
2020137AB0974,2020,137AB0974,2,Car,No tow/articulation,Going ahead other,East,West,On main c'way - not in restricted lane,Approaching junction or waiting/parked at junction approach,None,None,Did not leave carriageway,None,Back,No,Not known,Male,NA,66 - 75,NA,Petrol,1,NA,More deprived 20-30%,Urban area
2020137AB0974,2020,137AB0974,3,Car,No tow/articulation,Going ahead other,East,West,On main c'way - not in restricted lane,Approaching junction or waiting/parked at junction approach,None,None,Did not leave carriageway,None,Front,No,Not known,Female,NA,46 - 55,NA,Petrol,10,NA,More deprived 40-50%,Urban area
2020137AB0974,2020,137AB0974,4,Car,No tow/articulation,Going ahead other,East,West,On main c'way - not in restricted lane,Approaching junction or waiting/parked at junction approach,None,None,Did not leave carriageway,None,Front,No,Not known,Male,NA,36 - 45,NA,Heavy oil,8,NA,Most deprived 10%,Urban area
2020137AB1930,2020,137AB1930,1,Car,No tow/articulation,Going ahead other,North East,North West,On main c'way - not in restricted lane,Mid Junction - on roundabout or on main road,None,None,Did not leave carriageway,None,Front,No,Not known,Not known,Data missing or out of range,Data missing or out of range,NA,Petrol,18,NA,Data missing or out of range,Data missing or out of range
2020137AB1930,2020,137AB1930,2,Car,No tow/articulation,Turning right,South West,North East,On main c'way - not in restricted lane,Approaching junction or waiting/parked at junction approach,None,None,Did not leave carriageway,None,Nearside,No,Not known,Male,NA,36 - 45,NA,Heavy oil,10,NA,More deprived 20-30%,Urban area
2020137AC0300,2020,137AC0300,1,Car,No tow/articulation,Going ahead other,South East,North,On main c'way - not in restricted lane,Not at or within 20 metres of junction,Skidded,None,Did not leave carriageway,None,Front,No,Not known,Male,NA,21 - 25,Data missing or out of range,Undefined,-1,Data missing or out of range,More deprived 40-50%,Urban area
2020137AC0300,2020,137AC0300,2,Car,No tow/articulation,Going ahead other,North,South East,On main c'way - not in restricted lane,Not at or within 20 metres of junction,Skidded,None,Did not leave carriageway,None,Front,No,Not known,Male,NA,36 - 45,NA,Heavy oil,10,NA,Most deprived 10%,Urban area
2020137AC0300,2020,137AC0300,3,Car,No tow/articulation,Going ahead other,South East,North,On main c'way - not in restricted lane,Not at or within 20 metres of junction,None,None,Did not leave carriageway,None,Back,No,Journey as part of work,Male,NA,36 - 45,Data missing or out of range,Undefined,-1,Data missing or out of range,More deprived 20-30%,Urban area
2020137AC0300,2020,137AC0300,4,Pedal cycle,No tow/articulation,Going ahead other,North,South East,On main c'way - not in restricted lane,Not at or within 20 metres of junction,None,None,Did not leave carriageway,None,Offside,No,Commuting to/from work,Male,NA,56 - 65,Data missing or out of range,Undefined,-1,Data missing or out of range,Less deprived 40-50%,Urban area
2020137AC1273,2020,137AC1273,1,Car,No tow/articulation,Going ahead other,South East,North,On main c'way - not in restricted lane,Not at or within 20 metres of junction,None,None,Did not leave carriageway,None,Front,No,Not known,Male,NA,26 - 35,NA,Heavy oil,11,NA,Data missing or out of range,Data missing or out of range
2020137AC1514,2020,137AC1514,1,Car,No tow/articulation,Reversing,West,East,On main c'way - not in restricted lane,Not at or within 20 metres of junction,None,None,Did not leave carriageway,None,Back,No,Not known,Not known,Data missing or out of range,Data missing or out of range,NA,Petrol,13,NA,Most deprived 10%,Urban area
2020137AD0534,2020,137AD0534,1,Car,No tow/articulation,Turning left,South East,North West,On main c'way - not in restricted lane,Approaching junction or waiting/parked at junction approach,None,None,Did not leave carriageway,None,Nearside,No,Not known,Female,NA,26 - 35,NA,Petrol,5,NA,Less deprived 20-30%,Urban area
2020137AD0534,2020,137AD0534,2,Pedal cycle,No tow/articulation,Going ahead other,South East,North West,On main c'way - not in restricted lane,Approaching junction or waiting/parked at junction approach,None,None,Did not leave carriageway,None,Front,No,Pupil riding to/from school,Male,NA,11 - 15,Data missing or out of range,Undefined,-1,Data missing or out of range,Less deprived 40-50%,Urban area
2020137AD0839,2020,137AD0839,1,Car,No tow/articulation,Changing lane to right,South East,North West,On main c'way - not in restricted lane,Entering main road,None,None,Did not leave carriageway,None,Offside,No,Not known,Male,NA,36 - 45,NA,Heavy oil,10,NA,More deprived 10-20%,Urban area
2020137AD0839,2020,137AD0839,2,Car,No tow/articulation,Going ahead other,South East,North West,On main c'way - not in restricted lane,Approaching junction or waiting/parked at junction approach,None,None,Did not leave carriageway,None,Nearside,No,Not known,Male,NA,26 - 35,NA,Heavy oil,13,NA,More deprived 10-20%,Urban area
2020137AD0859,2020,137AD0859,1,Bus or coach (17 or more pass seats),No tow/articulation,Going ahead other,East,North,On main c'way - not in restricted lane,Not at or within 20 metres of junction,None,None,Did not leave carriageway,None,Did not impact,No,Journey as part of work,Male,NA,46 - 55,NA,Heavy oil,12,NA,Less deprived 10-20%,Urban area
2020137AD1785,2020,137AD1785,1,Taxi/Private hire car,No tow/articulation,Turning right,West,South East,On main c'way - not in restricted lane,Leaving main road,None,None,Did not leave carriageway,None,Front,No,Not known,Not known,Data missing or out of range,Data missing or out of range,Data missing or out of range,Undefined,-1,Data missing or out of range,Data missing or out of range,Data missing or out of range
2020137AE1070,2020,137AE1070,1,Car,No tow/articulation,Going ahead other,North East,South West,On main c'way - not in restricted lane,Not at or within 20 metres of junction,None,None,Did not leave carriageway,None,Front,No,Not known,Male,Data missing or out of range,Data missing or out of range,NA,Heavy oil,3,NA,Data missing or out of range,Data missing or out of range
2020137AE1070,2020,137AE1070,2,Van / Goods 3.5 tonnes mgw or under,No tow/articulation,Going ahead other,South West,North East,On main c'way - not in restricted lane,Not at or within 20 metres of junction,None,None,Did not leave carriageway,None,Offside,No,Not known,Male,NA,26 - 35,NA,Heavy oil,17,NA,Data missing or out of range,Data missing or out of range
2020137AE1493,2020,137AE1493,1,Van / Goods 3.5 tonnes mgw or under,No tow/articulation,Going ahead other,West,East,On main c'way - not in restricted lane,Mid Junction - on roundabout or on main road,None,None,Did not leave carriageway,None,Front,No,Not known,Male,NA,46 - 55,NA,Heavy oil,1,NA,More deprived 40-50%,Urban area
2020137AF1551,2020,137AF1551,1,Motorcycle 50cc and under,No tow/articulation,Going ahead other,South East,North West,On main c'way - not in restricted lane,Not at or within 20 metres of junction,None,None,Did not leave carriageway,None,Front,No,Not known,Male,NA,16 - 20,NA,Petrol,3,NA,Less deprived 40-50%,Urban area
2020137AF1551,2020,137AF1551,2,Car,No tow/articulation,Going ahead other,South East,North West,On main c'way - not in restricted lane,Not at or within 20 metres of junction,None,None,Did not leave carriageway,None,Back,No,Not known,Male,NA,36 - 45,NA,Heavy oil,3,NA,Less deprived 40-50%,Urban area
2020137AH1491,2020,137AH1491,1,Car,No tow/articulation,Going ahead other,South East,North West,On main c'way - not in restricted lane,Mid Junction - on roundabout or on main road,Skidded,None,Offside and rebounded,Wall or fence,Front,No,Not known,Not known,Data missing or out of range,Data missing or out of range,NA,Petrol,8,NA,Data missing or out of range,Data missing or out of range
2020137AH1491,2020,137AH1491,2,Van / Goods 3.5 tonnes mgw or under,No tow/articulation,Turning right,North West,South West,On main c'way - not in restricted lane,Leaving main road,Skidded,None,Offside,None,Nearside,No,Commuting to/from work,Male,NA,36 - 45,NA,Heavy oil,1,NA,More deprived 30-40%,Urban area
2020137AI1961,2020,137AI1961,1,Car,No tow/articulation,Going ahead other,South East,North,On main c'way - not in restricted lane,Approaching junction or waiting/parked at junction approach,None,None,Did not leave carriageway,None,Front,No,Not known,Male,NA,26 - 35,NA,Heavy oil,14,NA,More deprived 30-40%,Urban area
2020137AJ1087,2020,137AJ1087,1,Goods 7.5 tonnes mgw and over,No tow/articulation,Changing lane to right,North East,South West,On main c'way - not in restricted lane,Leaving roundabout,Overturned,None,Did not leave carriageway,Near/Offside crash barrier,Nearside,No,Journey as part of work,Male,NA,36 - 45,NA,Heavy oil,5,NA,More deprived 40-50%,Urban area
2020137AJ1293,2020,137AJ1293,1,Car,No tow/articulation,Parked,Parked,Parked,On main c'way - not in restricted lane,Not at or within 20 metres of junction,None,None,Did not leave carriageway,None,Offside,No,Not known,Male,NA,26 - 35,Data missing or out of range,Undefined,-1,Data missing or out of range,Data missing or out of range,Data missing or out of range
2020137AJ1293,2020,137AJ1293,2,Pedal cycle,No tow/articulation,Going ahead other,South East,North,On main c'way - not in restricted lane,Not at or within 20 metres of junction,None,None,Did not leave carriageway,None,Front,No,Not known,Male,NA,26 - 35,Data missing or out of range,Undefined,-1,Data missing or out of range,Data missing or out of range,Data missing or out of range
2020137AK0767,2020,137AK0767,1,Car,No tow/articulation,Going ahead other,South East,North West,On main c'way - not in restricted lane,Not at or within 20 metres of junction,None,None,Did not leave carriageway,None,Front,No,Not known,Male,NA,36 - 45,NA,Petrol,13,NA,More deprived 40-50%,Urban area
2020137AK0767,2020,137AK0767,2,Car,No tow/articulation,Going ahead other,South East,North West,On main c'way - not in restricted lane,Not at or within 20 metres of junction,None,None,Did not leave carriageway,None,Back,No,Not known,Female,NA,56 - 65,NA,Heavy oil,4,NA,Most deprived 10%,Urban area
2020137AK0998,2020,137AK0998,1,Car,No tow/articulation,Going ahead other,East,West,On main c'way - not in restricted lane,Not at or within 20 metres of junction,None,None,Did not leave carriageway,None,Front,No,Not known,Male,NA,36 - 45,NA,Heavy oil,6,NA,Data missing or out of range,Data missing or out of range
2020137AK1175,2020,137AK1175,1,Pedal cycle,No tow/articulation,Going ahead left-hand bend,South East,West,On main c'way - not in restricted lane,Leaving roundabout,None,None,Did not leave carriageway,None,Offside,No,Commuting to/from work,Female,NA,46 - 55,Data missing or out of range,Undefined,-1,Data missing or out of range,Data missing or out of range,Data missing or out of range
2020137AK1175,2020,137AK1175,2,Car,No tow/articulation,Going ahead other,East,West,On main c'way - not in restricted lane,Leaving roundabout,None,None,Did not leave carriageway,None,Nearside,No,Commuting to/from work,Male,NA,36 - 45,NA,Petrol,3,NA,Less deprived 30-40%,Urban area
2020137AK1694,2020,137AK1694,1,Car,No tow/articulation,Going ahead other,East,West,On main c'way - not in restricted lane,Approaching junction or waiting/parked at junction approach,None,None,Did not leave carriageway,None,Front,No,Not known,Male,NA,21 - 25,NA,Heavy oil,11,NA,More deprived 10-20%,Urban area
2020137AK1694,2020,137AK1694,2,Car,No tow/articulation,Going ahead other,South West,North East,On main c'way - not in restricted lane,Entering main road,None,None,Did not leave carriageway,None,Offside,No,Not known,Female,NA,21 - 25,NA,Petrol,3,NA,Less deprived 40-50%,Urban area
2020137AM1504,2020,137AM1504,1,Van / Goods 3.5 tonnes mgw or under,No tow/articulation,Moving off,North West,South East,On main c'way - not in restricted lane,Not at or within 20 metres of junction,None,Bollard or refuge,Did not leave carriageway,None,Front,No,Journey as part of work,Male,NA,46 - 55,NA,Heavy oil,1,NA,More deprived 20-30%,Urban area
2020137AN0462,2020,137AN0462,1,Car,No tow/articulation,Going ahead other,North East,South West,On main c'way - not in restricted lane,Not at or within 20 metres of junction,None,None,Did not leave carriageway,None,Front,No,Not known,Male,NA,16 - 20,NA,Petrol,10,NA,Most deprived 10%,Urban area
2020137AN0462,2020,137AN0462,2,Car,No tow/articulation,Going ahead other,North East,South West,On main c'way - not in restricted lane,Not at or within 20 metres of junction,None,None,Did not leave carriageway,None,Offside,No,Not known,Female,NA,26 - 35,NA,Heavy oil,5,NA,Less deprived 20-30%,Urban area
2020137AN1227,2020,137AN1227,1,Car,No tow/articulation,Going ahead other,North,South East,On main c'way - not in restricted lane,Approaching junction or waiting/parked at junction approach,None,None,Offside,Near/Offside crash barrier,Front,No,Not known,Not known,Data missing or out of range,Data missing or out of range,NA,Petrol,16,NA,Data missing or out of range,Data missing or out of range
2020137AN1227,2020,137AN1227,2,Car,No tow/articulation,Moving off,North,South East,On main c'way - not in restricted lane,Mid Junction - on roundabout or on main road,None,None,Did not leave carriageway,None,Offside,No,Not known,Male,NA,56 - 65,NA,Hybrid electric,5,NA,Most deprived 10%,Urban area
2020137AN1227,2020,137AN1227,3,Car,No tow/articulation,Waiting to go - held up,North,South East,On main c'way - not in restricted lane,Mid Junction - on roundabout or on main road,None,None,Did not leave carriageway,None,Offside,No,Not known,Male,NA,36 - 45,Data missing or out of range,Undefined,-1,Data missing or out of range,Less deprived 20-30%,Urban area
2020137AN1227,2020,137AN1227,4,Car,No tow/articulation,Going ahead other,East,West,On main c'way - not in restricted lane,Approaching junction or waiting/parked at junction approach,None,None,Did not leave carriageway,None,Front,No,Not known,Female,NA,26 - 35,NA,Petrol,2,NA,Less deprived 40-50%,Urban area
2020137AN1914,2020,137AN1914,1,Car,No tow/articulation,Going ahead other,North,South East,On main c'way - not in restricted lane,Not at or within 20 metres of junction,None,None,Did not leave carriageway,Wall or fence,Front,No,Not known,Male,NA,16 - 20,NA,Petrol,13,NA,More deprived 10-20%,Urban area
2020137AO1441,2020,137AO1441,1,Car,No tow/articulation,Going ahead other,South East,North,On main c'way - not in restricted lane,Approaching junction or waiting/parked at junction approach,None,None,Did not leave carriageway,None,Front,No,Not known,Male,Data missing or out of range,Data missing or out of range,NA,Hybrid electric,10,NA,Data missing or out of range,Data missing or out of range
2020137AQ0502,2020,137AQ0502,1,Car,No tow/articulation,Going ahead other,East,West,On main c'way - not in restricted lane,Not at or within 20 metres of junction,None,None,Did not leave carriageway,None,Front,No,Not known,Male,NA,56 - 65,NA,Heavy oil,14,NA,Most deprived 10%,Urban area
2020137AQ0502,2020,137AQ0502,2,Car,No tow/articulation,Going ahead other,West,East,On main c'way - not in restricted lane,Not at or within 20 metres of junction,None,None,Did not leave carriageway,None,Front,No,Not known,Male,NA,26 - 35,NA,Hybrid electric,13,NA,Most deprived 10%,Urban area
2020137AR1048,2020,137AR1048,1,Car,No tow/articulation,Going ahead other,North,South East,On main c'way - not in restricted lane,Not at or within 20 metres of junction,None,None,Did not leave carriageway,None,Front,No,Not known,Male,NA,26 - 35,NA,Heavy oil,12,NA,Data missing or out of range,Data missing or out of range
2020137AR1048,2020,137AR1048,2,Car,No tow/articulation,Going ahead other,North,South East,On main c'way - not in restricted lane,Not at or within 20 metres of junction,None,None,Did not leave carriageway,None,Back,No,Not known,Female,NA,46 - 55,NA,Heavy oil,1,NA,Data missing or out of range,Data missing or out of range
2020137AS0561,2020,137AS0561,1,Car,No tow/articulation,Going ahead other,North East,South West,On main c'way - not in restricted lane,Not at or within 20 metres of junction,None,None,Nearside,Near/Offside crash barrier,Front,No,Commuting to/from work,Female,NA,26 - 35,NA,Petrol,3,NA,More deprived 20-30%,Urban area
2020137AS0561,2020,137AS0561,2,Car,No tow/articulation,Moving off,North East,South West,On main c'way - not in restricted lane,Not at or within 20 metres of junction,None,None,Did not leave carriageway,None,Back,No,Not known,Male,NA,26 - 35,NA,Petrol,5,NA,Least deprived 10%,Urban area
2020137AS1423,2020,137AS1423,1,Car,No tow/articulation,Going ahead other,South West,North East,On main c'way - not in restricted lane,Not at or within 20 metres of junction,None,None,Did not leave carriageway,None,Front,No,Not known,Male,Data missing or out of range,Data missing or out of range,Data missing or out of range,Undefined,-1,Data missing or out of range,Data missing or out of range,Data missing or out of range
2020137AS1423,2020,137AS1423,2,Car,No tow/articulation,Going ahead other,South West,North East,On main c'way - not in restricted lane,Not at or within 20 metres of junction,None,None,Did not leave carriageway,None,Back,No,Not known,Female,NA,56 - 65,NA,Petrol,9,NA,Data missing or out of range,Data missing or out of range
2020137AS1764,2020,137AS1764,1,Car,No tow/articulation,Slowing or stopping,North,South East,On main c'way - not in restricted lane,Not at or within 20 metres of junction,None,None,Did not leave carriageway,None,Front,No,Not known,Not known,Data missing or out of range,Data missing or out of range,NA,Petrol,16,NA,Data missing or out of range,Data missing or out of range
2020137AS1764,2020,137AS1764,2,Taxi/Private hire car,No tow/articulation,Slowing or stopping,North,South East,On main c'way - not in restricted lane,Not at or within 20 metres of junction,None,None,Did not leave carriageway,None,Back,No,Journey as part of work,Male,NA,36 - 45,NA,Heavy oil,9,NA,Most deprived 10%,Urban area
2020137AT0935,2020,137AT0935,1,Car,No tow/articulation,Going ahead other,West,East,On main c'way - not in restricted lane,Approaching junction or waiting/parked at junction approach,None,None,Did not leave carriageway,None,Did not impact,No,Journey as part of work,Female,NA,46 - 55,NA,Heavy oil,12,NA,More deprived 40-50%,Urban area
2020137AT0935,2020,137AT0935,2,Car,No tow/articulation,Turning right,East,North,On main c'way - not in restricted lane,Mid Junction - on roundabout or on main road,None,None,Did not leave carriageway,None,Did not impact,No,Journey as part of work,Male,NA,56 - 65,NA,Petrol,4,NA,Less deprived 30-40%,Rural
2020137AT0939,2020,137AT0939,1,Car,No tow/articulation,Going ahead other,North,South East,On main c'way - not in restricted lane,Not at or within 20 metres of junction,None,None,Did not leave carriageway,None,Front,No,Not known,Male,Data missing or out of range,Data missing or out of range,NA,Heavy oil,13,NA,Data missing or out of range,Data missing or out of range
2020137AT0939,2020,137AT0939,2,Car,No tow/articulation,Going ahead other,North,South East,On main c'way - not in restricted lane,Not at or within 20 metres of junction,None,None,Did not leave carriageway,None,Back,No,Not known,Female,NA,26 - 35,NA,Heavy oil,14,NA,More deprived 20-30%,Urban area
2020137AT1536,2020,137AT1536,1,Car,No tow/articulation,Turning right,North West,South West,On main c'way - not in restricted lane,Mid Junction - on roundabout or on main road,None,None,Did not leave carriageway,None,Offside,No,Not known,Male,NA,36 - 45,NA,Heavy oil,14,NA,Most deprived 10%,Urban area
2020137AT1868,2020,137AT1868,1,Car,No tow/articulation,Going ahead other,North East,South West,On main c'way - not in restricted lane,Not at or within 20 metres of junction,None,None,Did not leave carriageway,None,Front,No,Not known,Not known,Data missing or out of range,Data missing or out of range,Data missing or out of range,Undefined,-1,Data missing or out of range,Data missing or out of range,Data missing or out of range
2020137AV2300,2020,137AV2300,1,Car,No tow/articulation,Going ahead other,North,South East,On main c'way - not in restricted lane,Not at or within 20 metres of junction,None,None,Did not leave carriageway,Wall or fence,Front,No,Not known,Female,NA,21 - 25,NA,Heavy oil,6,NA,More deprived 30-40%,Urban area
2020137AV2300,2020,137AV2300,2,Car,No tow/articulation,Going ahead other,South East,North,On main c'way - not in restricted lane,Not at or within 20 metres of junction,None,None,Did not leave carriageway,None,Front,No,Not known,Male,NA,36 - 45,NA,Heavy oil,1,NA,More deprived 20-30%,Urban area
2020137B10715,2020,137B10715,1,Car,No tow/articulation,Going ahead left-hand bend,West,East,On main c'way - not in restricted lane,Not at or within 20 metres of junction,Skidded,None,Offside and rebounded,Wall or fence,Front,No,Journey as part of work,Male,NA,16 - 20,NA,Heavy oil,9,NA,Most deprived 10%,Urban area
2020137B11219,2020,137B11219,1,Car,No tow/articulation,Going ahead left-hand bend,South East,North West,On main c'way - not in restricted lane,Not at or within 20 metres of junction,Skidded,None,Did not leave carriageway,None,Front,No,Not known,Not known,Data missing or out of range,Data missing or out of range,NA,Heavy oil,11,NA,Data missing or out of range,Data missing or out of range
2020137B11219,2020,137B11219,2,Car,No tow/articulation,Going ahead right-hand bend,North,South West,On main c'way - not in restricted lane,Not at or within 20 metres of junction,Skidded,None,Did not leave carriageway,None,Front,No,Not known,Female,NA,21 - 25,NA,Petrol,2,NA,Less deprived 20-30%,Urban area
2020137B11407,2020,137B11407,1,Car,No tow/articulation,Going ahead other,West,East,On main c'way - not in restricted lane,Mid Junction - on roundabout or on main road,None,Kerb,Nearside,None,Did not impact,No,Not known,Female,NA,36 - 45,NA,Petrol,13,NA,More deprived 40-50%,Urban area
2020137B11407,2020,137B11407,2,Car,No tow/articulation,Going ahead other,North,South East,On main c'way - not in restricted lane,Approaching junction or waiting/parked at junction approach,None,None,Did not leave carriageway,None,Did not impact,No,Not known,Not known,NA,36 - 45,NA,Petrol,8,NA,More deprived 40-50%,Urban area
2020137B11442,2020,137B11442,1,Car,No tow/articulation,Going ahead other,East,West,On main c'way - not in restricted lane,Not at or within 20 metres of junction,None,None,Did not leave carriageway,None,Front,No,Not known,Male,NA,26 - 35,NA,Heavy oil,7,NA,Most deprived 10%,Urban area
2020137B11442,2020,137B11442,2,Pedal cycle,No tow/articulation,Going ahead other,West,East,On main c'way - not in restricted lane,Not at or within 20 metres of junction,Overturned,None,Did not leave carriageway,None,Front,No,Not known,Male,NA,21 - 25,Data missing or out of range,Undefined,-1,Data missing or out of range,Most deprived 10%,Urban area
2020137B11634,2020,137B11634,1,Car,No tow/articulation,Going ahead other,North,South East,On main c'way - not in restricted lane,Not at or within 20 metres of junction,None,None,Did not leave carriageway,None,Front,No,Not known,Male,NA,26 - 35,NA,Petrol,1,NA,More deprived 10-20%,Urban area
2020137B11634,2020,137B11634,2,Car,No tow/articulation,Slowing or stopping,North,South East,On main c'way - not in restricted lane,Not at or within 20 metres of junction,None,None,Did not leave carriageway,None,Offside,No,Not known,Male,NA,46 - 55,NA,Heavy oil,10,NA,Most deprived 10%,Urban area
2020137B20852,2020,137B20852,1,Car,No tow/articulation,Slowing or stopping,South East,North West,On main c'way - not in restricted lane,Not at or within 20 metres of junction,None,None,Did not leave carriageway,None,Front,No,Not known,Not known,Data missing or out of range,Data missing or out of range,NA,Heavy oil,7,NA,Data missing or out of range,Data missing or out of range
2020137B20852,2020,137B20852,2,Car,No tow/articulation,Slowing or stopping,South East,North West,On main c'way - not in restricted lane,Not at or within 20 metres of junction,None,None,Did not leave carriageway,None,Back,No,Not known,Female,NA,Over 75,NA,Petrol,17,NA,More deprived 20-30%,Urban area
2020137B21302,2020,137B21302,1,Other vehicle,No tow/articulation,Turning left,South East,North East,On main c'way - not in restricted lane,Entering main road,None,None,Did not leave carriageway,None,Did not impact,No,Not known,Not known,Data missing or out of range,Data missing or out of range,Data missing or out of range,Undefined,-1,Data missing or out of range,Data missing or out of range,Data missing or out of range
2020137B30190,2020,137B30190,1,Motorcycle 125cc and under,No tow/articulation,Going ahead other,West,East,On main c'way - not in restricted lane,Approaching junction or waiting/parked at junction approach,Skidded and overturned,None,Did not leave carriageway,None,Front,No,Not known,Male,NA,26 - 35,NA,Petrol,7,NA,More deprived 40-50%,Urban area
2020137B30190,2020,137B30190,2,Car,No tow/articulation,Going ahead other,North West,South East,On main c'way - not in restricted lane,Entering main road,None,None,Did not leave carriageway,None,Offside,No,Not known,Male,Data missing or out of range,Data missing or out of range,Data missing or out of range,Undefined,-1,Data missing or out of range,Most deprived 10%,Urban area
2020137B30335,2020,137B30335,1,Car,No tow/articulation,Going ahead other,South West,North East,On main c'way - not in restricted lane,Not at or within 20 metres of junction,None,None,Did not leave carriageway,None,Front,No,Not known,Female,Data missing or out of range,Data missing or out of range,NA,Heavy oil,12,NA,Most deprived 10%,Urban area