accident_index,accident_year,accident_reference,vehicle_reference,vehicle_type,towing_and_articulation,vehicle_manoeuvre,vehicle_direction_from,vehicle_direction_to,vehicle_location_restricted_lane,junction_location,skidding_and_overturning,hit_object_in_carriageway,vehicle_leaving_carriageway,hit_object_off_carriageway,first_point_of_impact,vehicle_left_hand_drive,journey_purpose_of_driver,sex_of_driver,age_of_driver,age_band_of_driver,engine_capacity_cc,propulsion_code,age_of_vehicle,generic_make_model,driver_imd_decile,driver_home_area_type
2020137B31051,2020,137B31051,1,Car,No tow/articulation,Turning right,South East,North,On main c'way - not in restricted lane,Cleared junction or waiting/parked at junction exit,None,None,Did not leave carriageway,None,Offside,No,Not known,Male,NA,Over 75,NA,Petrol,3,NA,More deprived 10-20%,Urban area
2020137B31051,2020,137B31051,2,Car,No tow/articulation,Going ahead other,East,West,On main c'way - not in restricted lane,Approaching junction or waiting/parked at junction approach,None,None,Did not leave carriageway,None,Front,No,Not known,Female,NA,36 - 45,NA,Petrol,11,NA,More deprived 10-20%,Urban area
2020137B31591,2020,137B31591,1,Taxi/Private hire car,No tow/articulation,Going ahead other,North,South East,On main c'way - not in restricted lane,Not at or within 20 metres of junction,None,None,Did not leave carriageway,None,Offside,No,Journey as part of work,Male,Data missing or out of range,Data missing or out of range,NA,Heavy oil,3,NA,Data missing or out of range,Data missing or out of range
2020137B31591,2020,137B31591,2,Car,No tow/articulation,Going ahead other,North,South East,On main c'way - not in restricted lane,Not at or within 20 metres of junction,None,None,Did not leave carriageway,None,Nearside,No,Not known,Female,Data missing or out of range,Data missing or out of range,NA,Petrol,7,NA,More deprived 30-40%,Urban area
2020137B31601,2020,137B31601,1,Car,No tow/articulation,Going ahead other,West,East,On main c'way - not in restricted lane,Not at or within 20 metres of junction,None,None,Nearside,None,Front,No,Not known,Male,NA,26 - 35,Data missing or out of range,Undefined,-1,Data missing or out of range,More deprived 30-40%,Urban area
2020137B31601,2020,137B31601,2,Car,No tow/articulation,Going ahead other,East,West,On main c'way - not in restricted lane,Not at or within 20 metres of junction,None,None,Nearside,None,Front,No,Not known,Male,NA,36 - 45,NA,Petrol,1,NA,Less deprived 20-30%,Urban area
2020137B40226,2020,137B40226,1,Motorcycle 125cc and under,No tow/articulation,Going ahead other,North,East,On main c'way - not in restricted lane,Not at or within 20 metres of junction,None,None,Did not leave carriageway,None,Nearside,No,Journey as part of work,Male,NA,16 - 20,NA,Petrol,10,NA,Most deprived 10%,Urban area
2020137B40226,2020,137B40226,2,Car,No tow/articulation,Going ahead other,North,East,On main c'way - not in restricted lane,Not at or within 20 metres of junction,None,None,Did not leave carriageway,None,Front,No,Not known,Male,NA,66 - 75,NA,Heavy oil,8,NA,Most deprived 10%,Urban area
2020137B40755,2020,137B40755,1,Car,No tow/articulation,Going ahead other,East,West,On main c'way - not in restricted lane,Not at or within 20 metres of junction,None,None,Did not leave carriageway,None,Front,No,Not known,Male,NA,56 - 65,NA,Heavy oil,7,NA,More deprived 40-50%,Urban area
2020137B41163,2020,137B41163,1,Car,No tow/articulation,Going ahead other,North East,South West,On main c'way - not in restricted lane,Approaching junction or waiting/parked at junction approach,None,None,Did not leave carriageway,None,Front,No,Not known,Female,NA,26 - 35,NA,Heavy oil,9,NA,Most deprived 10%,Urban area
2020137B41163,2020,137B41163,2,Car,No tow/articulation,Waiting to go - held up,North East,South West,On main c'way - not in restricted lane,Approaching junction or waiting/parked at junction approach,None,None,Did not leave carriageway,None,Back,No,Not known,Female,NA,66 - 75,NA,Heavy oil,10,NA,More deprived 10-20%,Urban area
2020137B51234,2020,137B51234,1,Car,No tow/articulation,Going ahead other,South East,North,On main c'way - not in restricted lane,Not at or within 20 metres of junction,None,None,Did not leave carriageway,None,Front,No,Not known,Male,NA,16 - 20,NA,Heavy oil,9,NA,More deprived 10-20%,Urban area
2020137B61539,2020,137B61539,1,Motorcycle - unknown cc,No tow/articulation,Going ahead other,East,West,On main c'way - not in restricted lane,Not at or within 20 metres of junction,None,None,Did not leave carriageway,None,Front,No,Not known,Male,Data missing or out of range,Data missing or out of range,Data missing or out of range,Undefined,-1,Data missing or out of range,Data missing or out of range,Data missing or out of range
2020137B70977,2020,137B70977,1,Car,No tow/articulation,Going ahead other,South East,North West,On main c'way - not in restricted lane,Not at or within 20 metres of junction,Overturned,Parked vehicle,Did not leave carriageway,None,Front,No,Not known,Female,NA,16 - 20,NA,Heavy oil,9,NA,Most deprived 10%,Urban area
2020137B70977,2020,137B70977,2,Car,No tow/articulation,Parked,Parked,Parked,On main c'way - not in restricted lane,Not at or within 20 metres of junction,None,Parked vehicle,Nearside,None,Back,No,Not known,Not known,Data missing or out of range,Data missing or out of range,NA,Petrol,14,NA,Data missing or out of range,Data missing or out of range
2020137B70977,2020,137B70977,3,Van / Goods 3.5 tonnes mgw or under,No tow/articulation,Parked,Parked,Parked,On main c'way - not in restricted lane,Not at or within 20 metres of junction,None,None,Did not leave carriageway,None,Back,No,Not known,Not known,Data missing or out of range,Data missing or out of range,NA,Heavy oil,2,NA,Data missing or out of range,Data missing or out of range
2020137B71177,2020,137B71177,1,Car,No tow/articulation,Moving off,East,West,On main c'way - not in restricted lane,Cleared junction or waiting/parked at junction exit,None,None,Did not leave carriageway,None,Offside,No,Not known,Not known,Data missing or out of range,Data missing or out of range,Data missing or out of range,Undefined,-1,Data missing or out of range,Data missing or out of range,Data missing or out of range
2020137B71564,2020,137B71564,1,Car,No tow/articulation,Going ahead left-hand bend,South East,North West,On main c'way - not in restricted lane,Not at or within 20 metres of junction,None,None,Did not leave carriageway,None,Front,No,Not known,Female,NA,26 - 35,NA,Petrol,10,NA,Data missing or out of range,Data missing or out of range
2020137B71564,2020,137B71564,2,Car,No tow/articulation,Slowing or stopping,South East,North West,On main c'way - not in restricted lane,Not at or within 20 metres of junction,None,None,Did not leave carriageway,None,Back,No,Not known,Male,Data missing or out of range,Data missing or out of range,NA,Petrol,11,NA,Data missing or out of range,Data missing or out of range
2020137B71862,2020,137B71862,1,Car,No tow/articulation,Going ahead other,West,East,On main c'way - not in restricted lane,Not at or within 20 metres of junction,None,None,Nearside,Road sign or traffic signal,Front,No,Commuting to/from work,Male,NA,21 - 25,NA,Heavy oil,9,NA,Most deprived 10%,Urban area
2020137B91421,2020,137B91421,1,Car,No tow/articulation,Going ahead other,South East,North West,On main c'way - not in restricted lane,Mid Junction - on roundabout or on main road,None,None,Did not leave carriageway,None,Nearside,No,Not known,Female,NA,26 - 35,NA,Heavy oil,10,NA,Less deprived 10-20%,Urban area
2020137B91421,2020,137B91421,2,Car,No tow/articulation,Going ahead other,South East,North West,On main c'way - not in restricted lane,Mid Junction - on roundabout or on main road,None,None,Did not leave carriageway,None,Offside,No,Commuting to/from work,Female,NA,16 - 20,Data missing or out of range,Undefined,-1,Data missing or out of range,More deprived 30-40%,Urban area
2020137BA0245,2020,137BA0245,1,Car,No tow/articulation,Going ahead other,North,South East,On main c'way - not in restricted lane,Mid Junction - on roundabout or on main road,None,None,Did not leave carriageway,None,Front,No,Commuting to/from work,Male,NA,36 - 45,Data missing or out of range,Undefined,-1,NA,More deprived 20-30%,Urban area
2020137BA0245,2020,137BA0245,2,Taxi/Private hire car,No tow/articulation,Waiting to go - held up,Parked,Parked,On main c'way - not in restricted lane,Mid Junction - on roundabout or on main road,None,None,Did not leave carriageway,None,Back,No,Not known,Male,NA,46 - 55,NA,Hybrid electric,5,NA,More deprived 10-20%,Urban area
2020137BA0245,2020,137BA0245,3,Car,No tow/articulation,Going ahead other,North,South East,On main c'way - not in restricted lane,Mid Junction - on roundabout or on main road,None,None,Did not leave carriageway,None,Did not impact,No,Journey as part of work,Male,NA,26 - 35,NA,Heavy oil,0,NA,Most deprived 10%,Urban area
2020137BB1047,2020,137BB1047,1,Car,No tow/articulation,Turning right,North,West,On main c'way - not in restricted lane,Approaching junction or waiting/parked at junction approach,None,None,Did not leave carriageway,None,Front,No,Not known,Male,NA,26 - 35,NA,Heavy oil,11,NA,Most deprived 10%,Urban area
2020137BB1047,2020,137BB1047,2,Pedal cycle,No tow/articulation,Going ahead other,South East,North,On main c'way - not in restricted lane,Cleared junction or waiting/parked at junction exit,None,None,Did not leave carriageway,None,Front,No,Not known,Female,NA,36 - 45,Data missing or out of range,Undefined,-1,Data missing or out of range,More deprived 30-40%,Urban area
2020137BC1192,2020,137BC1192,1,Car,No tow/articulation,U-turn,West,East,On main c'way - not in restricted lane,Not at or within 20 metres of junction,None,None,Did not leave carriageway,None,Offside,No,Not known,Female,NA,46 - 55,NA,Heavy oil,13,NA,More deprived 30-40%,Urban area
2020137BC1192,2020,137BC1192,2,Car,No tow/articulation,Going ahead other,South East,North,On main c'way - not in restricted lane,Not at or within 20 metres of junction,None,None,Did not leave carriageway,None,Front,No,Not known,Female,NA,26 - 35,NA,Heavy oil,15,NA,Less deprived 20-30%,Urban area
2020137BC1543,2020,137BC1543,1,Car,No tow/articulation,Going ahead other,East,West,On main c'way - not in restricted lane,Not at or within 20 metres of junction,None,None,Did not leave carriageway,None,Front,No,Not known,Male,NA,21 - 25,NA,Petrol,13,NA,More deprived 30-40%,Urban area
2020137BC1543,2020,137BC1543,2,Car,No tow/articulation,Slowing or stopping,East,West,On main c'way - not in restricted lane,Not at or within 20 metres of junction,None,None,Did not leave carriageway,None,Back,No,Not known,Male,NA,26 - 35,NA,Petrol,9,NA,Most deprived 10%,Urban area
2020137BC1543,2020,137BC1543,3,Car,No tow/articulation,Slowing or stopping,East,West,On main c'way - not in restricted lane,Not at or within 20 metres of junction,None,None,Did not leave carriageway,None,Back,No,Not known,Female,NA,56 - 65,NA,Hybrid electric,0,NA,More deprived 10-20%,Urban area
2020137BD0973,2020,137BD0973,1,Car,No tow/articulation,Going ahead other,South East,North West,On main c'way - not in restricted lane,Not at or within 20 metres of junction,None,None,Did not leave carriageway,None,Front,No,Not known,Male,NA,36 - 45,NA,Petrol,10,NA,More deprived 40-50%,Urban area
2020137BD1488,2020,137BD1488,1,Van / Goods 3.5 tonnes mgw or under,No tow/articulation,Going ahead other,South East,North West,On main c'way - not in restricted lane,Approaching junction or waiting/parked at junction approach,None,None,Did not leave carriageway,None,Nearside,No,Commuting to/from work,Male,NA,46 - 55,NA,Heavy oil,12,NA,More deprived 40-50%,Urban area
2020137BE1541,2020,137BE1541,1,Car,No tow/articulation,Turning right,South East,North East,On main c'way - not in restricted lane,Entering main road,None,None,Did not leave carriageway,None,Front,No,Not known,Female,NA,46 - 55,NA,Petrol,13,NA,Most deprived 10%,Urban area
2020137BE1541,2020,137BE1541,2,Car,No tow/articulation,Reversing,North East,South West,On main c'way - not in restricted lane,Mid Junction - on roundabout or on main road,None,None,Did not leave carriageway,None,Back,No,Not known,Male,Data missing or out of range,Data missing or out of range,NA,Heavy oil,5,NA,Data missing or out of range,Data missing or out of range
2020137BE2095,2020,137BE2095,1,Car,No tow/articulation,Going ahead other,South East,North,On main c'way - not in restricted lane,Not at or within 20 metres of junction,Skidded,None,Did not leave carriageway,None,Front,No,Not known,Male,NA,21 - 25,Data missing or out of range,Undefined,-1,Data missing or out of range,Most deprived 10%,Urban area
2020137BE2095,2020,137BE2095,2,Bus or coach (17 or more pass seats),No tow/articulation,Going ahead other,North,South East,On main c'way - not in restricted lane,Not at or within 20 metres of junction,None,None,Nearside,Lamp post,Nearside,No,Journey as part of work,Male,NA,56 - 65,NA,Heavy oil,16,NA,More deprived 40-50%,Urban area
2020137BE2095,2020,137BE2095,3,Car,No tow/articulation,Going ahead other,South East,North,On main c'way - not in restricted lane,Not at or within 20 metres of junction,None,None,Did not leave carriageway,None,Did not impact,No,Journey as part of work,Male,Data missing or out of range,Data missing or out of range,NA,Heavy oil,0,NA,Most deprived 10%,Urban area
2020137BH1864,2020,137BH1864,1,Car,No tow/articulation,Going ahead other,East,West,On main c'way - not in restricted lane,Entering main road,Skidded,None,Did not leave carriageway,None,Front,No,Not known,Male,NA,21 - 25,NA,Petrol,3,NA,More deprived 30-40%,Urban area
2020137BH1864,2020,137BH1864,2,Van / Goods 3.5 tonnes mgw or under,No tow/articulation,Going ahead other,South East,North,On main c'way - not in restricted lane,Mid Junction - on roundabout or on main road,Skidded,None,Did not leave carriageway,Wall or fence,Offside,No,Not known,Male,NA,21 - 25,NA,Heavy oil,0,NA,Most deprived 10%,Urban area
2020137BJ0433,2020,137BJ0433,1,Car,No tow/articulation,Going ahead other,East,West,On main c'way - not in restricted lane,Approaching junction or waiting/parked at junction approach,None,None,Did not leave carriageway,None,Front,No,Not known,Male,NA,36 - 45,NA,Heavy oil,3,NA,More deprived 20-30%,Urban area
2020137BJ0433,2020,137BJ0433,2,Pedal cycle,No tow/articulation,Going ahead other,East,West,On main c'way - not in restricted lane,Approaching junction or waiting/parked at junction approach,None,None,Did not leave carriageway,None,Back,No,Not known,Male,NA,56 - 65,Data missing or out of range,Undefined,-1,Data missing or out of range,Less deprived 40-50%,Small town
2020137BJ0872,2020,137BJ0872,1,Car,No tow/articulation,Turning right,North,West,On main c'way - not in restricted lane,Cleared junction or waiting/parked at junction exit,None,None,Did not leave carriageway,None,Front,No,Not known,Female,NA,21 - 25,NA,Heavy oil,4,NA,Most deprived 10%,Urban area
2020137BJ0960,2020,137BJ0960,1,Car,No tow/articulation,Going ahead other,West,East,On main c'way - not in restricted lane,Not at or within 20 metres of junction,None,None,Did not leave carriageway,None,Front,No,Not known,Male,NA,56 - 65,NA,Petrol,11,NA,Most deprived 10%,Urban area
2020137BJ1272,2020,137BJ1272,1,Car,No tow/articulation,Slowing or stopping,South East,North West,On main c'way - not in restricted lane,Approaching junction or waiting/parked at junction approach,None,None,Did not leave carriageway,None,Front,No,Not known,Male,NA,21 - 25,NA,Petrol,10,NA,More deprived 30-40%,Urban area
2020137BJ1272,2020,137BJ1272,2,Car,No tow/articulation,Slowing or stopping,South East,North West,On main c'way - not in restricted lane,Approaching junction or waiting/parked at junction approach,None,None,Did not leave carriageway,None,Back,No,Not known,Female,NA,26 - 35,NA,Heavy oil,4,NA,More deprived 40-50%,Urban area
2020137BJ1843,2020,137BJ1843,1,Car,No tow/articulation,Going ahead other,North East,South West,On main c'way - not in restricted lane,Not at or within 20 metres of junction,None,None,Did not leave carriageway,None,Front,No,Not known,Female,NA,16 - 20,NA,Heavy oil,9,NA,Most deprived 10%,Urban area
2020137BJ1843,2020,137BJ1843,2,Car,No tow/articulation,Parked,Parked,Parked,On main c'way - not in restricted lane,Not at or within 20 metres of junction,None,None,Nearside,None,Back,No,Not known,Not known,Data missing or out of range,Data missing or out of range,NA,Petrol,15,NA,Data missing or out of range,Data missing or out of range
2020137BK0348,2020,137BK0348,1,Car,No tow/articulation,Going ahead other,South East,North West,On main c'way - not in restricted lane,Not at or within 20 metres of junction,None,None,Did not leave carriageway,None,Front,No,Not known,Female,NA,66 - 75,NA,Petrol,3,NA,Most deprived 10%,Urban area
2020137BK1839,2020,137BK1839,1,Car,No tow/articulation,Going ahead other,East,West,On main c'way - not in restricted lane,Entering roundabout,Skidded,None,Nearside,None,Offside,No,Not known,Not known,Data missing or out of range,Data missing or out of range,NA,Heavy oil,23,NA,Data missing or out of range,Data missing or out of range
2020137BK1839,2020,137BK1839,2,Car,No tow/articulation,Going ahead other,North,South East,On main c'way - not in restricted lane,Entering roundabout,None,None,Did not leave carriageway,None,Front,No,Not known,Female,NA,56 - 65,NA,Petrol,1,NA,More deprived 20-30%,Urban area
2020137BM0051,2020,137BM0051,1,Car,No tow/articulation,Going ahead other,South East,East,On main c'way - not in restricted lane,Not at or within 20 metres of junction,Skidded,None,Did not leave carriageway,None,Nearside,No,Not known,Male,NA,26 - 35,Data missing or out of range,Undefined,-1,Data missing or out of range,Data missing or out of range,Data missing or out of range
2020137BM0051,2020,137BM0051,2,Car,No tow/articulation,Going ahead other,North,South East,On main c'way - not in restricted lane,Not at or within 20 metres of junction,None,None,Did not leave carriageway,None,Front,No,Not known,Male,NA,26 - 35,NA,Heavy oil,13,NA,Data missing or out of range,Data missing or out of range
2020137BM0639,2020,137BM0639,1,Car,No tow/articulation,Going ahead other,North,West,On main c'way - not in restricted lane,Mid Junction - on roundabout or on main road,None,None,Did not leave carriageway,None,Front,No,Not known,Male,NA,Over 75,NA,Heavy oil,8,NA,More deprived 40-50%,Urban area
2020137BM0639,2020,137BM0639,2,Car,No tow/articulation,Going ahead other,South East,North,On main c'way - not in restricted lane,Mid Junction - on roundabout or on main road,None,None,Did not leave carriageway,None,Front,No,Not known,Female,NA,16 - 20,NA,Petrol,12,NA,Most deprived 10%,Urban area
2020137BM1096,2020,137BM1096,1,Car,No tow/articulation,Reversing,West,East,Footway (pavement),Not at or within 20 metres of junction,None,None,Did not leave carriageway,None,Back,Yes,Not known,Female,NA,36 - 45,Data missing or out of range,Undefined,-1,Data missing or out of range,Less deprived 10-20%,Small town
2020137BM1986,2020,137BM1986,1,Car,No tow/articulation,Going ahead other,South East,North,On main c'way - not in restricted lane,Not at or within 20 metres of junction,Skidded and overturned,None,Nearside,None,Front,No,Not known,Male,NA,21 - 25,NA,Petrol,1,NA,Data missing or out of range,Data missing or out of range
2020137BM1986,2020,137BM1986,2,Car,No tow/articulation,Going ahead other,South East,North,On main c'way - not in restricted lane,Not at or within 20 metres of junction,None,None,Did not leave carriageway,None,Back,No,Not known,Female,NA,26 - 35,NA,Heavy oil,10,NA,Data missing or out of range,Data missing or out of range
2020137BN0490,2020,137BN0490,1,Car,No tow/articulation,Going ahead other,North West,South East,On main c'way - not in restricted lane,Mid Junction - on roundabout or on main road,None,None,Did not leave carriageway,None,Offside,No,Not known,Female,NA,46 - 55,NA,Heavy oil,5,NA,Most deprived 10%,Urban area
2020137BN0490,2020,137BN0490,2,Van / Goods 3.5 tonnes mgw or under,No tow/articulation,Turning right,South East,North,On main c'way - not in restricted lane,Mid Junction - on roundabout or on main road,None,None,Did not leave carriageway,None,Nearside,No,Not known,Male,NA,36 - 45,NA,Heavy oil,5,NA,Most deprived 10%,Urban area
2020137BN0796,2020,137BN0796,1,Car,No tow/articulation,Turning right,South East,North East,On main c'way - not in restricted lane,Entering main road,None,None,Did not leave carriageway,None,Front,No,Not known,Male,NA,21 - 25,NA,Petrol,2,NA,Less deprived 40-50%,Urban area
2020137BN0796,2020,137BN0796,2,Motorcycle 125cc and under,No tow/articulation,Going ahead other,North East,South West,On main c'way - not in restricted lane,Mid Junction - on roundabout or on main road,Overturned,None,Did not leave carriageway,None,Front,No,Not known,Male,NA,21 - 25,NA,Petrol,8,Data missing or out of range,Less deprived 10-20%,Small town
2020137BO0220,2020,137BO0220,1,Car,No tow/articulation,Going ahead other,North East,South West,On main c'way - not in restricted lane,Not at or within 20 metres of junction,None,None,Did not leave carriageway,None,Front,No,Not known,Female,NA,56 - 65,NA,Heavy oil,15,NA,More deprived 20-30%,Urban area
2020137BO0521,2020,137BO0521,1,Car,No tow/articulation,Turning right,East,North,On main c'way - not in restricted lane,Entering main road,None,None,Did not leave carriageway,None,Offside,No,Journey as part of work,Female,NA,36 - 45,NA,Petrol,5,NA,Most deprived 10%,Urban area
2020137BO0521,2020,137BO0521,2,Car,No tow/articulation,Going ahead other,North,South East,On main c'way - not in restricted lane,Approaching junction or waiting/parked at junction approach,None,None,Did not leave carriageway,None,Front,No,Journey as part of work,Male,NA,36 - 45,NA,Heavy oil,8,NA,More deprived 10-20%,Urban area
2020137BO0521,2020,137BO0521,3,Car,No tow/articulation,Parked,Parked,Parked,On main c'way - not in restricted lane,Approaching junction or waiting/parked at junction approach,None,None,Did not leave carriageway,None,Nearside,No,Not known,Male,Data missing or out of range,Data missing or out of range,Data missing or out of range,Undefined,-1,Data missing or out of range,Data missing or out of range,Data missing or out of range
2020137BO0779,2020,137BO0779,1,Car,No tow/articulation,Going ahead other,North,South East,On main c'way - not in restricted lane,Not at or within 20 metres of junction,None,None,Did not leave carriageway,None,Nearside,No,Not known,Male,NA,46 - 55,NA,Hybrid electric,5,NA,More deprived 10-20%,Urban area
2020137BO0779,2020,137BO0779,2,Car,No tow/articulation,Going ahead other,North,South East,On main c'way - not in restricted lane,Not at or within 20 metres of junction,None,None,Did not leave carriageway,None,Front,No,Not known,Male,NA,26 - 35,NA,Petrol,12,NA,More deprived 20-30%,Urban area
2020137BO1165,2020,137BO1165,1,Car,No tow/articulation,Turning left,South West,North West,On main c'way - not in restricted lane,Entering main road,None,None,Did not leave carriageway,None,Front,No,Not known,Male,NA,26 - 35,NA,Petrol,6,NA,More deprived 10-20%,Urban area
2020137BO1165,2020,137BO1165,2,Motorcycle over 125cc and up to 500cc,No tow/articulation,Going ahead other,South East,North West,On main c'way - not in restricted lane,Mid Junction - on roundabout or on main road,Skidded,None,Did not leave carriageway,None,Nearside,No,Not known,Male,NA,26 - 35,NA,Petrol,21,NA,Less deprived 30-40%,Urban area
2020137BO1820,2020,137BO1820,1,Car,No tow/articulation,Turning right,South East,East,On main c'way - not in restricted lane,Entering main road,None,None,Did not leave carriageway,None,Offside,No,Not known,Not known,Data missing or out of range,Data missing or out of range,Data missing or out of range,Undefined,-1,Data missing or out of range,Data missing or out of range,Data missing or out of range
2020137BP0378,2020,137BP0378,1,Car,No tow/articulation,Turning right,North East,North West,On main c'way - not in restricted lane,Approaching junction or waiting/parked at junction approach,None,None,Did not leave carriageway,None,Back,No,Not known,Female,NA,56 - 65,NA,Heavy oil,3,NA,More deprived 30-40%,Urban area
2020137BP0378,2020,137BP0378,2,Pedal cycle,No tow/articulation,Going ahead other,South West,North East,On main c'way - not in restricted lane,Approaching junction or waiting/parked at junction approach,None,None,Did not leave carriageway,None,Front,No,Not known,Male,NA,46 - 55,Data missing or out of range,Undefined,-1,Data missing or out of range,More deprived 30-40%,Urban area
2020137BP0784,2020,137BP0784,1,Motorcycle 125cc and under,No tow/articulation,Going ahead other,South West,North,On main c'way - not in restricted lane,Not at or within 20 metres of junction,Skidded,None,Did not leave carriageway,None,Front,No,Not known,Male,NA,26 - 35,NA,Petrol,5,NA,More deprived 40-50%,Urban area
2020137BP0784,2020,137BP0784,2,Van / Goods 3.5 tonnes mgw or under,No tow/articulation,Going ahead other,North,South East,On main c'way - not in restricted lane,Not at or within 20 metres of junction,None,None,Did not leave carriageway,None,Front,No,Not known,Male,NA,21 - 25,NA,Heavy oil,14,NA,More deprived 20-30%,Urban area
2020137BQ0718,2020,137BQ0718,1,Car,No tow/articulation,Going ahead right-hand bend,South West,North East,On main c'way - not in restricted lane,Entering main road,None,None,Did not leave carriageway,None,Front,No,Not known,Female,NA,26 - 35,Data missing or out of range,Undefined,-1,Data missing or out of range,Less deprived 40-50%,Urban area
2020137BQ0718,2020,137BQ0718,2,Car,No tow/articulation,Going ahead other,South East,North West,On main c'way - not in restricted lane,Approaching junction or waiting/parked at junction approach,None,None,Did not leave carriageway,None,Front,No,Not known,Female,NA,56 - 65,NA,Petrol,1,NA,Least deprived 10%,Small town
2020137BQ1480,2020,137BQ1480,1,Car,No tow/articulation,Going ahead other,South East,North West,On main c'way - not in restricted lane,Not at or within 20 metres of junction,None,None,Did not leave carriageway,None,Front,No,Not known,Not known,Data missing or out of range,Data missing or out of range,Data missing or out of range,Undefined,-1,Data missing or out of range,Data missing or out of range,Data missing or out of range
2020137BQ1480,2020,137BQ1480,2,Car,No tow/articulation,Going ahead other,South East,North West,On main c'way - not in restricted lane,Not at or within 20 metres of junction,None,None,Did not leave carriageway,None,Back,No,Not known,Male,NA,21 - 25,NA,Petrol,15,NA,Most deprived 10%,Urban area
2020137BR0460,2020,137BR0460,1,Car,No tow/articulation,Turning left,North East,South West,On main c'way - not in restricted lane,Not at or within 20 metres of junction,None,None,Nearside,Wall or fence,Front,No,Not known,Female,NA,26 - 35,Data missing or out of range,Undefined,-1,Data missing or out of range,More deprived 20-30%,Urban area
2020137BR1216,2020,137BR1216,1,Car,No tow/articulation,Going ahead other,West,East,On main c'way - not in restricted lane,Approaching junction or waiting/parked at junction approach,Skidded and overturned,Kerb,Offside,Lamp post,Front,No,Journey as part of work,Male,NA,26 - 35,NA,Petrol,1,NA,More deprived 20-30%,Urban area
2020137BR1368,2020,137BR1368,1,Motorcycle 125cc and under,No tow/articulation,Overtaking moving vehicle - offside,West,East,On main c'way - not in restricted lane,Approaching junction or waiting/parked at junction approach,None,Parked vehicle,Did not leave carriageway,None,Front,No,Not known,Male,NA,11 - 15,NA,Petrol,7,NA,Most deprived 10%,Urban area
2020137BR1368,2020,137BR1368,2,Car,No tow/articulation,Parked,Parked,Parked,On main c'way - not in restricted lane,Approaching junction or waiting/parked at junction approach,None,None,Did not leave carriageway,None,Offside,No,Not known,Not known,Data missing or out of range,Data missing or out of range,NA,Heavy oil,9,NA,Data missing or out of range,Data missing or out of range
2020137BR2046,2020,137BR2046,1,Car,No tow/articulation,Turning right,South East,East,On main c'way - not in restricted lane,Entering main road,None,None,Did not leave carriageway,None,Front,No,Not known,Male,Data missing or out of range,Data missing or out of range,NA,Petrol,2,NA,Data missing or out of range,Data missing or out of range
2020137BR2046,2020,137BR2046,2,Car,No tow/articulation,Going ahead other,East,West,On main c'way - not in restricted lane,Mid Junction - on roundabout or on main road,None,None,Did not leave carriageway,None,Nearside,No,Not known,Female,NA,21 - 25,NA,Heavy oil,8,NA,More deprived 20-30%,Urban area
2020137BU0391,2020,137BU0391,1,Goods 7.5 tonnes mgw and over,Articulated vehicle,Going ahead other,North West,South East,On main c'way - not in restricted lane,Not at or within 20 metres of junction,None,Road works,Did not leave carriageway,None,Nearside,No,Journey as part of work,Male,NA,66 - 75,NA,Heavy oil,2,NA,Less deprived 20-30%,Small town
2020137BU0503,2020,137BU0503,1,Car,No tow/articulation,Turning right,South West,East,On main c'way - not in restricted lane,Mid Junction - on roundabout or on main road,None,None,Offside,None,Front,No,Not known,Male,NA,46 - 55,NA,Petrol,16,NA,Most deprived 10%,Urban area
2020137BU0657,2020,137BU0657,1,Car,No tow/articulation,Going ahead other,South West,North East,On main c'way - not in restricted lane,Not at or within 20 metres of junction,None,None,Did not leave carriageway,None,Nearside,No,Journey as part of work,Male,NA,36 - 45,NA,Heavy oil,12,NA,Most deprived 10%,Urban area
2020137BU0657,2020,137BU0657,2,Car,No tow/articulation,Going ahead other,South West,North East,On main c'way - not in restricted lane,Not at or within 20 metres of junction,None,None,Did not leave carriageway,None,Offside,No,Not known,Male,NA,36 - 45,NA,Heavy oil,5,NA,More deprived 20-30%,Urban area
2020137BU1071,2020,137BU1071,1,Car,No tow/articulation,Going ahead other,North,South East,Footway (pavement),Mid Junction - on roundabout or on main road,None,None,Offside,None,Front,No,Not known,Male,NA,21 - 25,Data missing or out of range,Undefined,-1,Data missing or out of range,Data missing or out of range,Data missing or out of range
2020137C10962,2020,137C10962,1,Car,No tow/articulation,Going ahead other,North East,South West,On main c'way - not in restricted lane,Mid Junction - on roundabout or on main road,None,None,Did not leave carriageway,None,Front,No,Not known,Female,Data missing or out of range,Data missing or out of range,Data missing or out of range,Undefined,-1,Data missing or out of range,Data missing or out of range,Data missing or out of range
2020137C11146,2020,137C11146,1,Car,No tow/articulation,Reversing,East,West,Footway (pavement),Not at or within 20 metres of junction,None,None,Did not leave carriageway,None,Back,No,Not known,Male,NA,56 - 65,NA,Petrol,0,NA,Most deprived 10%,Urban area
2020137C11276,2020,137C11276,1,Van / Goods 3.5 tonnes mgw or under,No tow/articulation,Moving off,South East,North,On main c'way - not in restricted lane,Not at or within 20 metres of junction,None,None,Did not leave carriageway,None,Offside,No,Journey as part of work,Female,NA,21 - 25,NA,Heavy oil,4,NA,Data missing or out of range,Data missing or out of range
2020137C11276,2020,137C11276,2,Car,No tow/articulation,Going ahead other,South East,North,On main c'way - not in restricted lane,Not at or within 20 metres of junction,None,None,Offside,Wall or fence,Nearside,No,Not known,Male,NA,21 - 25,NA,Petrol,12,NA,Most deprived 10%,Urban area
2020137C21146,2020,137C21146,1,Car,No tow/articulation,Going ahead other,South West,North East,On main c'way - not in restricted lane,Approaching junction or waiting/parked at junction approach,None,None,Did not leave carriageway,None,Front,No,Not known,Male,NA,66 - 75,NA,Heavy oil,11,NA,More deprived 40-50%,Urban area