accident_index,accident_year,accident_reference,vehicle_reference,vehicle_type,towing_and_articulation,vehicle_manoeuvre,vehicle_direction_from,vehicle_direction_to,vehicle_location_restricted_lane,junction_location,skidding_and_overturning,hit_object_in_carriageway,vehicle_leaving_carriageway,hit_object_off_carriageway,first_point_of_impact,vehicle_left_hand_drive,journey_purpose_of_driver,sex_of_driver,age_of_driver,age_band_of_driver,engine_capacity_cc,propulsion_code,age_of_vehicle,generic_make_model,driver_imd_decile,driver_home_area_type
2020137C21146,2020,137C21146,2,Car,No tow/articulation,Waiting to go - held up,South West,North East,On main c'way - not in restricted lane,Approaching junction or waiting/parked at junction approach,None,None,Did not leave carriageway,None,Back,No,Commuting to/from work,Female,NA,46 - 55,NA,Heavy oil,5,NA,Least deprived 10%,Urban area
2020137C21146,2020,137C21146,3,Van / Goods 3.5 tonnes mgw or under,No tow/articulation,Waiting to go - held up,South West,North East,On main c'way - not in restricted lane,Approaching junction or waiting/parked at junction approach,None,None,Did not leave carriageway,None,Back,No,Commuting to/from work,Male,NA,36 - 45,NA,Heavy oil,7,NA,More deprived 20-30%,Urban area
2020137C30962,2020,137C30962,1,Car,No tow/articulation,Going ahead other,South East,North West,On main c'way - not in restricted lane,Approaching junction or waiting/parked at junction approach,None,None,Did not leave carriageway,None,Front,No,Not known,Male,NA,21 - 25,NA,Petrol,12,NA,Most deprived 10%,Urban area
2020137C30962,2020,137C30962,2,Car,No tow/articulation,Slowing or stopping,South East,North West,On main c'way - not in restricted lane,Approaching junction or waiting/parked at junction approach,None,None,Did not leave carriageway,None,Back,No,Not known,Male,NA,46 - 55,Data missing or out of range,Undefined,-1,Data missing or out of range,More deprived 40-50%,Urban area
2020137C31329,2020,137C31329,1,Car,No tow/articulation,Slowing or stopping,North,South East,On main c'way - not in restricted lane,Leaving roundabout,None,None,Did not leave carriageway,None,Front,No,Not known,Male,NA,21 - 25,NA,Heavy oil,3,NA,More deprived 10-20%,Urban area
2020137C31424,2020,137C31424,1,Car,No tow/articulation,Going ahead other,South East,North,On main c'way - not in restricted lane,Not at or within 20 metres of junction,None,None,Did not leave carriageway,Wall or fence,Front,No,Not known,Female,NA,36 - 45,NA,Petrol,5,NA,More deprived 20-30%,Urban area
2020137C40715,2020,137C40715,1,Car,No tow/articulation,Turning left,South East,West,On main c'way - not in restricted lane,Entering main road,None,None,Did not leave carriageway,None,Did not impact,No,Not known,Male,NA,46 - 55,NA,Petrol,7,NA,Data missing or out of range,Data missing or out of range
2020137C40715,2020,137C40715,2,Car,No tow/articulation,Going ahead other,East,West,On main c'way - not in restricted lane,Approaching junction or waiting/parked at junction approach,None,None,Did not leave carriageway,None,Offside,No,Not known,Male,NA,21 - 25,NA,Heavy oil,1,NA,Most deprived 10%,Urban area
2020137C40715,2020,137C40715,3,Car,No tow/articulation,Going ahead other,East,West,On main c'way - not in restricted lane,Approaching junction or waiting/parked at junction approach,None,None,Did not leave carriageway,None,Nearside,No,Not known,Male,NA,21 - 25,NA,Heavy oil,11,NA,More deprived 40-50%,Urban area
2020137C50483,2020,137C50483,1,Car,No tow/articulation,Going ahead other,South East,North West,On main c'way - not in restricted lane,Not at or within 20 metres of junction,None,None,Did not leave carriageway,None,Front,No,Not known,Female,NA,26 - 35,NA,Petrol,1,NA,Data missing or out of range,Data missing or out of range
2020137C50727,2020,137C50727,1,Car,No tow/articulation,Turning right,North West,South West,On main c'way - not in restricted lane,Entering main road,None,None,Did not leave carriageway,None,Front,No,Not known,Male,NA,26 - 35,NA,Petrol,19,NA,Most deprived 10%,Urban area
2020137C50727,2020,137C50727,2,Car,No tow/articulation,Going ahead other,North East,South West,On main c'way - not in restricted lane,Approaching junction or waiting/parked at junction approach,None,None,Did not leave carriageway,None,Front,No,Not known,Female,NA,46 - 55,NA,Heavy oil,5,NA,More deprived 10-20%,Urban area
2020137C71323,2020,137C71323,1,Car,No tow/articulation,Going ahead other,South East,North,On main c'way - not in restricted lane,Not at or within 20 metres of junction,None,None,Did not leave carriageway,None,Front,No,Not known,Male,NA,26 - 35,NA,Heavy oil,13,NA,More deprived 10-20%,Urban area
2020137C71323,2020,137C71323,2,Car,No tow/articulation,Slowing or stopping,South East,North,On main c'way - not in restricted lane,Not at or within 20 metres of junction,None,None,Did not leave carriageway,None,Back,No,Not known,Female,NA,26 - 35,NA,Petrol,15,NA,Less deprived 40-50%,Urban area
2020137C71482,2020,137C71482,1,Car,No tow/articulation,Going ahead other,South West,North,On main c'way - not in restricted lane,Mid Junction - on roundabout or on main road,None,None,Did not leave carriageway,None,Nearside,No,Not known,Male,NA,36 - 45,NA,Heavy oil,8,NA,More deprived 10-20%,Urban area
2020137C71631,2020,137C71631,1,Car,No tow/articulation,Going ahead other,West,South East,On main c'way - not in restricted lane,Mid Junction - on roundabout or on main road,None,None,Did not leave carriageway,None,Front,No,Not known,Male,NA,21 - 25,NA,Heavy oil,9,NA,More deprived 10-20%,Urban area
2020137C71631,2020,137C71631,2,Car,No tow/articulation,Going ahead other,North,South East,On main c'way - not in restricted lane,Mid Junction - on roundabout or on main road,None,None,Did not leave carriageway,None,Front,No,Not known,Male,NA,26 - 35,NA,Heavy oil,7,NA,Less deprived 20-30%,Small town
2020137C71909,2020,137C71909,1,Car,No tow/articulation,Slowing or stopping,South West,North East,On main c'way - not in restricted lane,Not at or within 20 metres of junction,None,None,Did not leave carriageway,None,Nearside,No,Not known,Male,NA,56 - 65,NA,Heavy oil,4,NA,Less deprived 10-20%,Urban area
2020137C80241,2020,137C80241,1,Car,No tow/articulation,Going ahead other,East,South West,On main c'way - not in restricted lane,Entering roundabout,None,None,Did not leave carriageway,None,Front,No,Not known,Male,NA,36 - 45,NA,Heavy oil,0,NA,More deprived 20-30%,Urban area
2020137C80241,2020,137C80241,2,Car,No tow/articulation,Going ahead other,South East,North,On main c'way - not in restricted lane,Entering roundabout,None,None,Did not leave carriageway,None,Front,No,Not known,Male,NA,46 - 55,NA,Hybrid electric,7,NA,More deprived 20-30%,Urban area
2020137C81206,2020,137C81206,1,Car,No tow/articulation,Turning right,West,South East,On main c'way - not in restricted lane,Mid Junction - on roundabout or on main road,None,None,Did not leave carriageway,None,Front,No,Not known,Not known,Data missing or out of range,Data missing or out of range,Data missing or out of range,Undefined,-1,Data missing or out of range,Data missing or out of range,Data missing or out of range
2020137C90238,2020,137C90238,1,Car,No tow/articulation,Going ahead other,South East,North West,On main c'way - not in restricted lane,Not at or within 20 metres of junction,None,None,Did not leave carriageway,None,Front,No,Journey as part of work,Male,NA,46 - 55,NA,Heavy oil,8,NA,More deprived 30-40%,Urban area
2020137C90269,2020,137C90269,1,Car,No tow/articulation,Going ahead other,North,South East,On main c'way - not in restricted lane,Approaching junction or waiting/parked at junction approach,None,None,Offside,Lamp post,Front,No,Commuting to/from work,Male,NA,21 - 25,NA,Petrol,5,NA,More deprived 20-30%,Urban area
2020137C91022,2020,137C91022,1,Motorcycle 125cc and under,No tow/articulation,Going ahead other,South East,North,On main c'way - not in restricted lane,Mid Junction - on roundabout or on main road,None,None,Did not leave carriageway,None,Nearside,No,Not known,Male,NA,21 - 25,NA,Petrol,1,NA,Data missing or out of range,Data missing or out of range
2020137C91022,2020,137C91022,2,Car,No tow/articulation,Turning right,South East,East,On main c'way - not in restricted lane,Entering main road,None,None,Did not leave carriageway,None,Offside,No,Not known,Male,NA,66 - 75,NA,Heavy oil,5,NA,Data missing or out of range,Data missing or out of range
2020137CA0621,2020,137CA0621,1,Van / Goods 3.5 tonnes mgw or under,No tow/articulation,Going ahead other,South East,South East,On main c'way - not in restricted lane,Not at or within 20 metres of junction,None,None,Did not leave carriageway,None,Front,No,Journey as part of work,Female,NA,21 - 25,NA,Heavy oil,2,NA,Data missing or out of range,Data missing or out of range
2020137CA0621,2020,137CA0621,2,Car,No tow/articulation,Going ahead other,South East,South East,On main c'way - not in restricted lane,Not at or within 20 metres of junction,None,None,Did not leave carriageway,None,Back,No,Commuting to/from work,Male,NA,66 - 75,NA,Petrol,11,NA,Data missing or out of range,Data missing or out of range
2020137CB0451,2020,137CB0451,1,Van / Goods 3.5 tonnes mgw or under,No tow/articulation,Slowing or stopping,South West,North East,On main c'way - not in restricted lane,Not at or within 20 metres of junction,None,None,Did not leave carriageway,None,Back,No,Journey as part of work,Male,NA,26 - 35,NA,Heavy oil,3,NA,Most deprived 10%,Urban area
2020137CB0451,2020,137CB0451,2,Bus or coach (17 or more pass seats),No tow/articulation,Slowing or stopping,South West,North East,On main c'way - not in restricted lane,Not at or within 20 metres of junction,None,None,Did not leave carriageway,None,Nearside,No,Journey as part of work,Male,NA,46 - 55,NA,Heavy oil,4,NA,Data missing or out of range,Data missing or out of range
2020137CB0544,2020,137CB0544,1,Goods 7.5 tonnes mgw and over,No tow/articulation,Slowing or stopping,East,West,On main c'way - not in restricted lane,Not at or within 20 metres of junction,None,None,Did not leave carriageway,None,Front,No,Journey as part of work,Male,NA,46 - 55,NA,Heavy oil,10,NA,More deprived 10-20%,Urban area
2020137CB0544,2020,137CB0544,2,Car,No tow/articulation,Slowing or stopping,East,West,On main c'way - not in restricted lane,Not at or within 20 metres of junction,None,None,Did not leave carriageway,None,Back,No,Not known,Male,NA,36 - 45,NA,Heavy oil,10,NA,Most deprived 10%,Urban area
2020137CB0544,2020,137CB0544,3,Car,No tow/articulation,Slowing or stopping,East,West,On main c'way - not in restricted lane,Not at or within 20 metres of junction,None,None,Did not leave carriageway,None,Back,No,Not known,Male,NA,66 - 75,Data missing or out of range,Undefined,-1,Data missing or out of range,More deprived 20-30%,Urban area
2020137CB0544,2020,137CB0544,4,Taxi/Private hire car,No tow/articulation,Slowing or stopping,East,West,On main c'way - not in restricted lane,Not at or within 20 metres of junction,None,None,Did not leave carriageway,None,Back,No,Journey as part of work,Male,NA,56 - 65,NA,Hybrid electric,4,NA,Most deprived 10%,Urban area
2020137CB0947,2020,137CB0947,1,Car,No tow/articulation,Going ahead other,East,West,On main c'way - not in restricted lane,Mid Junction - on roundabout or on main road,Skidded,None,Nearside,Tree,Offside,No,Not known,Male,NA,36 - 45,NA,Petrol,9,Data missing or out of range,Most deprived 10%,Urban area
2020137CB0947,2020,137CB0947,2,Car,No tow/articulation,Going ahead other,East,West,On main c'way - not in restricted lane,Mid Junction - on roundabout or on main road,None,None,Did not leave carriageway,None,Back,No,Not known,Female,NA,26 - 35,NA,Petrol,1,NA,Most deprived 10%,Urban area
2020137CC0352,2020,137CC0352,1,Motorcycle 125cc and under,No tow/articulation,Going ahead other,East,West,On main c'way - not in restricted lane,Mid Junction - on roundabout or on main road,None,None,Did not leave carriageway,None,Front,No,Not known,Male,NA,26 - 35,NA,Petrol,4,Data missing or out of range,More deprived 30-40%,Urban area
2020137CC0352,2020,137CC0352,2,Goods 7.5 tonnes mgw and over,Articulated vehicle,Going ahead other,East,West,On main c'way - not in restricted lane,Mid Junction - on roundabout or on main road,None,None,Did not leave carriageway,None,Front,Yes,Journey as part of work,Male,NA,26 - 35,Data missing or out of range,Undefined,-1,Data missing or out of range,Data missing or out of range,Data missing or out of range
2020137CD0211,2020,137CD0211,1,Car,No tow/articulation,Overtaking static vehicle - offside,East,West,On main c'way - not in restricted lane,Approaching junction or waiting/parked at junction approach,Skidded and overturned,Parked vehicle,Did not leave carriageway,None,Front,No,Not known,Male,NA,36 - 45,NA,Heavy oil,13,NA,Less deprived 40-50%,Urban area
2020137CD0211,2020,137CD0211,2,Car,No tow/articulation,Parked,Parked,Parked,On main c'way - not in restricted lane,Approaching junction or waiting/parked at junction approach,None,None,Nearside,None,Back,No,Not known,Not known,Data missing or out of range,Data missing or out of range,NA,Heavy oil,2,NA,Data missing or out of range,Data missing or out of range
2020137CD0337,2020,137CD0337,1,Car,No tow/articulation,Going ahead other,North East,South West,On main c'way - not in restricted lane,Not at or within 20 metres of junction,Skidded,None,Nearside,Lamp post,Front,No,Not known,Male,NA,26 - 35,NA,Heavy oil,3,NA,Most deprived 10%,Urban area
2020137CD1403,2020,137CD1403,1,Car,No tow/articulation,Turning left,North,South East,On main c'way - not in restricted lane,Mid Junction - on roundabout or on main road,Overturned,Parked vehicle,Did not leave carriageway,None,Front,No,Not known,Male,NA,26 - 35,NA,Heavy oil,5,NA,More deprived 40-50%,Urban area
2020137CD1403,2020,137CD1403,2,Car,No tow/articulation,Going ahead other,East,South East,On main c'way - not in restricted lane,Mid Junction - on roundabout or on main road,None,None,Did not leave carriageway,None,Front,No,Not known,Female,NA,56 - 65,NA,Petrol,2,NA,More deprived 10-20%,Urban area
2020137CD1403,2020,137CD1403,3,Car,No tow/articulation,Parked,Parked,Parked,On main c'way - not in restricted lane,Cleared junction or waiting/parked at junction exit,None,None,Did not leave carriageway,None,Back,No,Not known,Not known,Data missing or out of range,Data missing or out of range,NA,Heavy oil,5,NA,Data missing or out of range,Data missing or out of range
2020137CD1403,2020,137CD1403,4,Car,No tow/articulation,Parked,Parked,Parked,On main c'way - not in restricted lane,Cleared junction or waiting/parked at junction exit,None,None,Did not leave carriageway,None,Back,No,Not known,Not known,Data missing or out of range,Data missing or out of range,NA,Heavy oil,13,NA,Data missing or out of range,Data missing or out of range
2020137CD1403,2020,137CD1403,5,Car,No tow/articulation,Parked,Parked,Parked,On main c'way - not in restricted lane,Cleared junction or waiting/parked at junction exit,None,None,Did not leave carriageway,None,Front,No,Not known,Not known,Data missing or out of range,Data missing or out of range,NA,Petrol,16,NA,Data missing or out of range,Data missing or out of range
2020137CD1403,2020,137CD1403,6,Car,No tow/articulation,Parked,Parked,Parked,On main c'way - not in restricted lane,Cleared junction or waiting/parked at junction exit,None,None,Did not leave carriageway,None,Back,No,Not known,Not known,Data missing or out of range,Data missing or out of range,NA,Petrol,8,NA,Data missing or out of range,Data missing or out of range
2020137CE0349,2020,137CE0349,1,Car,No tow/articulation,Going ahead other,South East,North,On main c'way - not in restricted lane,Mid Junction - on roundabout or on main road,None,None,Did not leave carriageway,None,Front,No,Commuting to/from work,Female,NA,26 - 35,NA,Heavy oil,4,NA,Less deprived 40-50%,Urban area
2020137CE0349,2020,137CE0349,2,Car,No tow/articulation,Going ahead other,West,East,On main c'way - not in restricted lane,Mid Junction - on roundabout or on main road,None,None,Did not leave carriageway,None,Front,No,Not known,Male,NA,56 - 65,Data missing or out of range,Undefined,-1,Data missing or out of range,Most deprived 10%,Urban area
2020137CF0565,2020,137CF0565,1,Car,No tow/articulation,Moving off,North,South East,On main c'way - not in restricted lane,Not at or within 20 metres of junction,None,None,Nearside,Lamp post,Front,No,Not known,Male,NA,56 - 65,NA,Petrol,13,NA,Data missing or out of range,Data missing or out of range
2020137CF0692,2020,137CF0692,1,Car,No tow/articulation,Going ahead other,West,East,On main c'way - not in restricted lane,Mid Junction - on roundabout or on main road,None,None,Did not leave carriageway,None,Front,No,Not known,Male,NA,36 - 45,Data missing or out of range,Undefined,-1,Data missing or out of range,Data missing or out of range,Data missing or out of range
2020137CF0692,2020,137CF0692,2,Pedal cycle,No tow/articulation,Going ahead other,North,West,On main c'way - not in restricted lane,Approaching junction or waiting/parked at junction approach,None,None,Did not leave carriageway,None,Front,No,Not known,Male,NA,66 - 75,Data missing or out of range,Undefined,-1,Data missing or out of range,Data missing or out of range,Data missing or out of range
2020137CF0853,2020,137CF0853,1,Car,No tow/articulation,Turning right,West,East,On main c'way - not in restricted lane,Mid Junction - on roundabout or on main road,None,None,Did not leave carriageway,None,Front,No,Not known,Male,NA,21 - 25,NA,Petrol,9,NA,Data missing or out of range,Data missing or out of range
2020137CF0853,2020,137CF0853,2,Car,No tow/articulation,Going ahead other,North,West,On main c'way - not in restricted lane,Approaching junction or waiting/parked at junction approach,None,None,Did not leave carriageway,None,Front,No,Not known,Male,NA,66 - 75,NA,Petrol,10,NA,Data missing or out of range,Data missing or out of range
2020137CG1086,2020,137CG1086,1,Car,No tow/articulation,Going ahead other,South East,North,On main c'way - not in restricted lane,Not at or within 20 metres of junction,None,None,Did not leave carriageway,None,Front,No,Not known,Male,NA,26 - 35,NA,Heavy oil,17,NA,Data missing or out of range,Data missing or out of range
2020137CG1086,2020,137CG1086,2,Car,No tow/articulation,Going ahead other,South East,North,On main c'way - not in restricted lane,Not at or within 20 metres of junction,None,None,Did not leave carriageway,None,Back,No,Not known,Female,NA,26 - 35,NA,Petrol,11,NA,Data missing or out of range,Data missing or out of range
2020137CG1151,2020,137CG1151,1,Car,No tow/articulation,Going ahead other,West,East,On main c'way - not in restricted lane,Not at or within 20 metres of junction,None,None,Did not leave carriageway,None,Offside,No,Not known,Male,NA,56 - 65,NA,Petrol,17,NA,Most deprived 10%,Urban area
2020137CH0566,2020,137CH0566,1,Car,No tow/articulation,Going ahead other,North West,South East,On main c'way - not in restricted lane,Cleared junction or waiting/parked at junction exit,None,None,Did not leave carriageway,None,Front,No,Not known,Male,NA,21 - 25,NA,Petrol,0,NA,Most deprived 10%,Urban area
2020137CH0972,2020,137CH0972,1,Car,No tow/articulation,Turning right,South East,East,On main c'way - not in restricted lane,Mid Junction - on roundabout or on main road,None,None,Did not leave carriageway,None,Offside,No,Commuting to/from work,Male,NA,26 - 35,NA,Heavy oil,7,NA,Data missing or out of range,Data missing or out of range
2020137CH0972,2020,137CH0972,2,Car,No tow/articulation,Going ahead other,East,West,On main c'way - not in restricted lane,Mid Junction - on roundabout or on main road,None,None,Did not leave carriageway,None,Front,No,Commuting to/from work,Male,NA,26 - 35,NA,Heavy oil,15,NA,Most deprived 10%,Urban area
2020137CH1512,2020,137CH1512,1,Car,No tow/articulation,Moving off,South East,South West,On main c'way - not in restricted lane,Entering main road,None,None,Did not leave carriageway,None,Did not impact,No,Not known,Male,NA,46 - 55,NA,Petrol,7,NA,Data missing or out of range,Data missing or out of range
2020137CI0339,2020,137CI0339,1,Van / Goods 3.5 tonnes mgw or under,No tow/articulation,Going ahead other,South West,North East,On main c'way - not in restricted lane,Not at or within 20 metres of junction,None,None,Did not leave carriageway,None,Front,No,Not known,Male,Data missing or out of range,Data missing or out of range,NA,Heavy oil,14,NA,Data missing or out of range,Data missing or out of range
2020137CI0339,2020,137CI0339,2,Car,No tow/articulation,Going ahead other,South West,North East,On main c'way - not in restricted lane,Not at or within 20 metres of junction,None,None,Did not leave carriageway,None,Back,No,Not known,Male,NA,56 - 65,NA,Hybrid electric,4,NA,More deprived 20-30%,Urban area
2020137CI0587,2020,137CI0587,1,Car,No tow/articulation,Going ahead other,North East,South West,On main c'way - not in restricted lane,Not at or within 20 metres of junction,None,None,Did not leave carriageway,None,Nearside,No,Not known,Female,NA,36 - 45,NA,Heavy oil,6,NA,More deprived 20-30%,Urban area
2020137CI0591,2020,137CI0591,1,Car,No tow/articulation,Going ahead other,West,East,On main c'way - not in restricted lane,Cleared junction or waiting/parked at junction exit,None,None,Offside,Wall or fence,Front,No,Not known,Male,NA,56 - 65,Data missing or out of range,Undefined,-1,Data missing or out of range,Less deprived 10-20%,Urban area
2020137CI1241,2020,137CI1241,1,Pedal cycle,No tow/articulation,Going ahead other,South West,North East,On main c'way - not in restricted lane,Approaching junction or waiting/parked at junction approach,None,None,Did not leave carriageway,None,Front,No,Not known,Male,NA,46 - 55,Data missing or out of range,Undefined,-1,Data missing or out of range,More deprived 30-40%,Urban area
2020137CI1241,2020,137CI1241,2,Car,No tow/articulation,Turning right,North East,South West,On main c'way - not in restricted lane,Leaving main road,None,None,Did not leave carriageway,None,Front,No,Not known,Male,NA,26 - 35,NA,Heavy oil,16,NA,More deprived 30-40%,Urban area
2020137CI1644,2020,137CI1644,1,Car,No tow/articulation,Going ahead other,South East,North,On main c'way - not in restricted lane,Approaching junction or waiting/parked at junction approach,None,None,Did not leave carriageway,None,Offside,No,Not known,Female,NA,26 - 35,NA,Petrol,13,NA,Most deprived 10%,Urban area
2020137CI1644,2020,137CI1644,2,Car,No tow/articulation,Going ahead other,North East,North West,On main c'way - not in restricted lane,Approaching junction or waiting/parked at junction approach,None,None,Did not leave carriageway,None,Nearside,No,Not known,Female,NA,21 - 25,NA,Petrol,1,NA,Less deprived 40-50%,Urban area
2020137CJ0528,2020,137CJ0528,1,Car,No tow/articulation,Moving off,East,North,On main c'way - not in restricted lane,Entering main road,None,None,Did not leave carriageway,None,Offside,No,Not known,Male,NA,36 - 45,NA,Petrol,7,NA,Less deprived 10-20%,Rural
2020137CJ0528,2020,137CJ0528,2,Pedal cycle,No tow/articulation,Going ahead other,North,South East,On main c'way - not in restricted lane,Approaching junction or waiting/parked at junction approach,None,None,Did not leave carriageway,None,Front,No,Not known,Male,NA,56 - 65,Data missing or out of range,Undefined,-1,Data missing or out of range,Less deprived 20-30%,Urban area
2020137CK1166,2020,137CK1166,1,Car,No tow/articulation,Going ahead other,North,South East,On main c'way - not in restricted lane,Approaching junction or waiting/parked at junction approach,None,None,Did not leave carriageway,None,Front,No,Not known,Male,NA,46 - 55,NA,Heavy oil,3,Data missing or out of range,More deprived 20-30%,Urban area
2020137CL1296,2020,137CL1296,1,Pedal cycle,No tow/articulation,Going ahead other,East,West,On main c'way - not in restricted lane,Mid Junction - on roundabout or on main road,None,None,Did not leave carriageway,None,Front,No,Not known,Male,NA,36 - 45,Data missing or out of range,Undefined,-1,Data missing or out of range,Less deprived 40-50%,Urban area
2020137CL1296,2020,137CL1296,2,Car,No tow/articulation,Turning right,South East,East,On main c'way - not in restricted lane,Entering roundabout,None,None,Did not leave carriageway,None,Front,No,Not known,Male,NA,21 - 25,NA,Heavy oil,10,Data missing or out of range,More deprived 40-50%,Urban area
2020137CM0561,2020,137CM0561,1,Goods 7.5 tonnes mgw and over,Single trailer,Going ahead other,South West,North East,On main c'way - not in restricted lane,Not at or within 20 metres of junction,None,None,Did not leave carriageway,None,Front,No,Journey as part of work,Male,NA,36 - 45,Data missing or out of range,Undefined,-1,Data missing or out of range,Less deprived 30-40%,Urban area
2020137CM0561,2020,137CM0561,2,Car,No tow/articulation,Going ahead other,South West,North East,On main c'way - not in restricted lane,Not at or within 20 metres of junction,None,None,Did not leave carriageway,None,Back,No,Not known,Male,NA,21 - 25,NA,Petrol,3,NA,More deprived 10-20%,Urban area
2020137CM0698,2020,137CM0698,1,Car,No tow/articulation,Going ahead other,North West,South East,On main c'way - not in restricted lane,Approaching junction or waiting/parked at junction approach,None,None,Did not leave carriageway,None,Front,No,Not known,Male,NA,36 - 45,NA,Heavy oil,13,NA,More deprived 40-50%,Urban area
2020137CM0698,2020,137CM0698,2,Car,No tow/articulation,Waiting to go - held up,North West,South East,On main c'way - not in restricted lane,Approaching junction or waiting/parked at junction approach,None,None,Did not leave carriageway,None,Back,No,Not known,Female,NA,26 - 35,NA,Heavy oil,6,NA,More deprived 10-20%,Urban area
2020137CO0587,2020,137CO0587,1,Car,No tow/articulation,Going ahead other,East,West,On main c'way - not in restricted lane,Not at or within 20 metres of junction,None,None,Did not leave carriageway,None,Nearside,No,Not known,Female,NA,46 - 55,NA,Heavy oil,15,NA,Most deprived 10%,Urban area
2020137CO0986,2020,137CO0986,1,Car,No tow/articulation,Turning right,North East,North West,On main c'way - not in restricted lane,Leaving main road,None,None,Did not leave carriageway,None,Offside,No,Not known,Female,NA,26 - 35,NA,Petrol,17,NA,Most deprived 10%,Urban area
2020137CO0986,2020,137CO0986,2,Car,No tow/articulation,Overtaking static vehicle - offside,North East,South West,On main c'way - not in restricted lane,Mid Junction - on roundabout or on main road,None,None,Did not leave carriageway,None,Front,No,Not known,Male,NA,21 - 25,NA,Petrol,4,NA,Most deprived 10%,Urban area
2020137CO1119,2020,137CO1119,1,Taxi/Private hire car,No tow/articulation,Slowing or stopping,South East,North West,On main c'way - not in restricted lane,Approaching junction or waiting/parked at junction approach,None,None,Did not leave carriageway,None,Back,No,Journey as part of work,Male,NA,26 - 35,NA,Hybrid electric,4,NA,Most deprived 10%,Urban area
2020137CO1119,2020,137CO1119,2,Car,No tow/articulation,Slowing or stopping,South East,North West,On main c'way - not in restricted lane,Approaching junction or waiting/parked at junction approach,None,None,Did not leave carriageway,None,Front,No,Not known,Male,Data missing or out of range,Data missing or out of range,NA,Petrol,11,NA,Data missing or out of range,Data missing or out of range
2020137CQ0777,2020,137CQ0777,1,Car,No tow/articulation,Reversing,South West,North East,On main c'way - not in restricted lane,Not at or within 20 metres of junction,None,Kerb,Did not leave carriageway,Wall or fence,Back,No,Not known,Male,Data missing or out of range,Data missing or out of range,NA,Heavy oil,7,NA,Data missing or out of range,Data missing or out of range
2020137CQ1156,2020,137CQ1156,1,Car,No tow/articulation,Going ahead other,South East,North,On main c'way - not in restricted lane,Not at or within 20 metres of junction,None,None,Did not leave carriageway,None,Front,No,Not known,Male,NA,46 - 55,NA,Heavy oil,9,NA,Less deprived 30-40%,Small town
2020137CQ1397,2020,137CQ1397,1,Car,No tow/articulation,Going ahead other,North,South West,On main c'way - not in restricted lane,Entering roundabout,None,None,Did not leave carriageway,None,Nearside,No,Journey as part of work,Male,NA,26 - 35,NA,Hybrid electric,2,NA,Most deprived 10%,Urban area
2020137CQ1397,2020,137CQ1397,2,Car,No tow/articulation,Going ahead other,West,East,On main c'way - not in restricted lane,Entering roundabout,None,None,Did not leave carriageway,None,Front,No,Journey as part of work,Male,NA,16 - 20,NA,Heavy oil,10,NA,Less deprived 20-30%,Urban area
2020137CR0034,2020,137CR0034,1,Car,No tow/articulation,Going ahead other,South East,North,On main c'way - not in restricted lane,Approaching junction or waiting/parked at junction approach,Skidded,None,Did not leave carriageway,None,Front,No,Not known,Male,NA,26 - 35,NA,Hybrid electric,6,NA,Data missing or out of range,Data missing or out of range
2020137CR0034,2020,137CR0034,2,Car,No tow/articulation,Waiting to turn left,West,South East,On main c'way - not in restricted lane,Mid Junction - on roundabout or on main road,None,None,Did not leave carriageway,None,Front,No,Not known,Male,NA,26 - 35,NA,Heavy oil,11,NA,Data missing or out of range,Data missing or out of range
2020137CR0034,2020,137CR0034,3,Car,No tow/articulation,Parked,Parked,Parked,On main c'way - not in restricted lane,Approaching junction or waiting/parked at junction approach,None,None,Did not leave carriageway,None,Back,No,Not known,Male,NA,26 - 35,NA,Heavy oil,11,NA,Data missing or out of range,Data missing or out of range
2020137CR1500,2020,137CR1500,1,Taxi/Private hire car,No tow/articulation,Going ahead other,North West,South East,On main c'way - not in restricted lane,Not at or within 20 metres of junction,None,None,Did not leave carriageway,None,Nearside,No,Not known,Not known,Data missing or out of range,Data missing or out of range,Data missing or out of range,Undefined,-1,Data missing or out of range,Data missing or out of range,Data missing or out of range
2020137CS0741,2020,137CS0741,1,Car,No tow/articulation,Going ahead other,North,South East,On main c'way - not in restricted lane,Not at or within 20 metres of junction,Skidded,None,Did not leave carriageway,Near/Offside crash barrier,Offside,No,Not known,Female,NA,36 - 45,NA,Heavy oil,19,NA,Less deprived 40-50%,Urban area
2020137CT0076,2020,137CT0076,1,Car,No tow/articulation,Going ahead other,North,North,On main c'way - not in restricted lane,Approaching junction or waiting/parked at junction approach,None,None,Did not leave carriageway,None,Nearside,No,Not known,Male,NA,21 - 25,NA,Heavy oil,5,NA,More deprived 30-40%,Urban area
2020137CT0659,2020,137CT0659,1,Car,No tow/articulation,Going ahead other,West,East,On main c'way - not in restricted lane,Approaching junction or waiting/parked at junction approach,None,None,Did not leave carriageway,None,Front,No,Not known,Female,NA,26 - 35,NA,Petrol,14,NA,Most deprived 10%,Urban area
2020137CT0659,2020,137CT0659,2,Car,No tow/articulation,Going ahead other,North,South East,On main c'way - not in restricted lane,Approaching junction or waiting/parked at junction approach,None,None,Did not leave carriageway,None,Nearside,No,Not known,Female,NA,21 - 25,NA,Petrol,13,NA,Most deprived 10%,Urban area
2020137CV1840,2020,137CV1840,1,Car,No tow/articulation,Going ahead other,East,South West,On main c'way - not in restricted lane,Not at or within 20 metres of junction,None,None,Did not leave carriageway,None,Front,No,Not known,Not known,Data missing or out of range,Data missing or out of range,Data missing or out of range,Undefined,-1,Data missing or out of range,Data missing or out of range,Data missing or out of range